id,name,desc,image_url
34541863,"""A"" Cell Breeding Device","During each of your Standby Phases, put 1 A-Counter on 1 face-up monster your opponent controls.",https://images.ygoprodeck.com/images/cards/34541863.jpg
64163367,"""A"" Cell Incubator","Each time an A-Counter(s) is removed from play by a card effect, place 1 A-Counter on this card. When this card is destroyed, distribute the A-Counters on this card among face-up monsters.",https://images.ygoprodeck.com/images/cards/64163367.jpg
91231901,"""A"" Cell Recombination Device","Target 1 face-up monster on the field; send 1 ""Alien"" monster from your Deck to the Graveyard, and if you do, place A-Counters on that monster equal to the Level of the sent monster. During your Main Phase, except the turn this card was sent to the Graveyard: You can banish this card from your Graveyard; add 1 ""Alien"" monster from your Deck to your hand.",https://images.ygoprodeck.com/images/cards/91231901.jpg
73262676,"""A"" Cell Scatter Burst","Select 1 face-up ""Alien"" monster you control. Destroy it and distribute new A-Counters equal to its Level among your opponent's face-up monsters.",https://images.ygoprodeck.com/images/cards/73262676.jpg
98319530,"""Infernoble Arms - Almace""","While this card is equipped to a monster: You can equip 1 ""Infernoble Arms"" Equip Spell from your Deck or GY, except """"Infernoble Arms - Almace"""", to 1 appropriate monster you control, then destroy this card. If this card is sent to the GY because the equipped monster is sent to the GY: You can target 1 of your FIRE Warrior monsters that is banished or in your GY; add it to your hand. You can only use 1 """"Infernoble Arms - Almace"""" effect per turn, and only once that turn.",https://images.ygoprodeck.com/images/cards/98319530.jpg
37478723,"""Infernoble Arms - Durendal""","While this card is equipped to a monster: You can add 1 Level 5 or lower FIRE Warrior monster from your Deck to your hand, then destroy this card. If this card is sent to the GY because the equipped monster is sent to the GY: You can target 1 Level 5 or lower FIRE Warrior monster in your GY; Special Summon it, also you cannot Special Summon monsters for the rest of the turn, except Warrior monsters. You can only use 1 """"Infernoble Arms - Durendal"""" effect per turn, and only once that turn.",https://images.ygoprodeck.com/images/cards/37478723.jpg
64867422,"""Infernoble Arms - Hauteclere""","While this card is equipped to a monster: You can target 1 face-up monster you control; this turn, you cannot declare attacks, except with that monster, also it gains the ability this turn to make a second attack during each Battle Phase, then destroy this card. If this card is sent to the GY because the equipped monster is sent to the GY: You can target 1 face-up monster on the field; destroy it. You can only use 1 """"Infernoble Arms - Hauteclere"""" effect per turn, and only once that turn.",https://images.ygoprodeck.com/images/cards/64867422.jpg
90861137,"""Infernoble Arms - Joyeuse""","While this card is equipped to a monster: You can target 1 FIRE Warrior monster in your GY; add it to your hand, then destroy this card. If this card is sent to the GY because the equipped monster is sent to the GY: You can Special Summon 1 FIRE Warrior monster from your hand. You can only use 1 """"Infernoble Arms - Joyeuse"""" effect per turn, and only once that turn.",https://images.ygoprodeck.com/images/cards/90861137.jpg
44256816,1st Movement Solo,"If you control no monsters: Special Summon 1 Level 4 or lower ""Melodious"" monster from your hand or Deck. You can only activate 1 ""1st Movement Solo"" per turn. You cannot Special Summon monsters during the turn you activate this card, except ""Melodious"" monsters.",https://images.ygoprodeck.com/images/cards/44256816.jpg
86988864,3-Hump Lacooda,"If there are 3 face-up ""3-Hump Lacooda"" cards on your side of the field, Tribute 2 of them to draw 3 cards.",https://images.ygoprodeck.com/images/cards/86988864.jpg
11714098,"30,000-Year White Turtle","A huge turtle that has existed for more than 30,000 years.",https://images.ygoprodeck.com/images/cards/11714098.jpg
83994646,4-Starred Ladybug of Doom,FLIP: Destroy all Level 4 monsters your opponent controls.,https://images.ygoprodeck.com/images/cards/83994646.jpg
67048711,7,"When there are 3 face-up ""7"" cards on your side of the field, draw 3 cards from your Deck. Then destroy all ""7"" cards. When this card is sent directly from the field to your Graveyard, increase your Life Points by 700 points.",https://images.ygoprodeck.com/images/cards/67048711.jpg
23771716,7 Colored Fish,A rare rainbow fish that has never been caught by mortal man.,https://images.ygoprodeck.com/images/cards/23771716.jpg
86198326,7 Completed,"Activate this card by choosing ATK or DEF; equip only to a Machine monster. It gains 700 ATK or DEF, depending on the choice.",https://images.ygoprodeck.com/images/cards/86198326.jpg
14261867,8-Claws Scorpion,"Once per turn, you can flip this card into face-down Defense Position. When this card attacks an opponent's face-down Defense Position monster, this card's ATK becomes 2400 during damage calculation only.",https://images.ygoprodeck.com/images/cards/14261867.jpg
24140059,A Cat of Ill Omen,"FLIP: Choose 1 Trap from your Deck and place it on top of your Deck, or, if ""Necrovalley"" is on the field, you can add that Trap to your hand instead.",https://images.ygoprodeck.com/images/cards/24140059.jpg
6850209,A Deal with Dark Ruler,"(This card is always treated as an ""Archfiend"" card.)
If a Level 8 or higher monster under your control was sent to the Graveyard this turn: Special Summon 1 ""Berserk Dragon"" from your hand or Deck.",https://images.ygoprodeck.com/images/cards/6850209.jpg
49140998,A Feather of the Phoenix,"Discard 1 card, then target 1 card in your GY; return that target to the top of your Deck.",https://images.ygoprodeck.com/images/cards/49140998.jpg
68170903,A Feint Plan,A player cannot attack face-down monsters during this turn.,https://images.ygoprodeck.com/images/cards/68170903.jpg
21597117,A Hero Emerges,"When an opponent's monster declares an attack: Your opponent chooses 1 random card from your hand, then if it is a monster that can be Special Summoned, Special Summon it. Otherwise, send it to the Graveyard.",https://images.ygoprodeck.com/images/cards/21597117.jpg
8949584,A Hero Lives,"If you control no face-up monsters: Pay half your LP; Special Summon 1 Level 4 or lower ""Elemental HERO"" monster from your Deck.",https://images.ygoprodeck.com/images/cards/8949584.jpg
295517,A Legendary Ocean,"(This card's name is always treated as ""Umi"".)
All WATER monsters on the field gain 200 ATK/DEF. Reduce the Level of all WATER monsters in both players' hands and on the field by 1.",https://images.ygoprodeck.com/images/cards/295517.jpg
32207100,A Major Upset,Tribute 1 face-up Attack Position Level 2 or lower monster you control; return all Level 7 or higher Special Summoned monsters to the hand.,https://images.ygoprodeck.com/images/cards/32207100.jpg
51351302,A Man with Wdjat,"When you Normal Summon this card, and during each of your Standby Phases, select 1 Set card on your opponent's side of the field. Pick it up and look at it, then return it to its original position.",https://images.ygoprodeck.com/images/cards/51351302.jpg
5728014,A Rival Appears!,Select 1 face-up monster your opponent controls. Special Summon 1 monster from your hand that has the same Level as the selected monster.,https://images.ygoprodeck.com/images/cards/5728014.jpg
44553392,"A Shattered, Colorless Realm","If ""Vicious Astraloud"" is on the field: Target 1 card on the field; destroy it, then, if the destroyed card's original name was ""Vicious Astraloud"", you can Special Summon 1 of your banished ""Visas Starfrost"", or if it was not, you can make 1 ""Vicious Astraloud"" you control gain 1500 ATK.",https://images.ygoprodeck.com/images/cards/44553392.jpg
23587624,A Wild Monster Appears!,"If your opponent controls a monster and you control no monsters: Special Summon from your hand, 1 monster with an original Level of 10 or lower that cannot be Normal Summoned/Set, ignoring its Summoning conditions. It is unaffected by the effects of your cards, except for its own effects and this card's, also shuffle it into the Deck during your opponent's next End Phase. For the rest of this turn, you cannot Normal Summon/Set or Special Summon monsters, and your opponent takes no damage.",https://images.ygoprodeck.com/images/cards/23587624.jpg
28596933,A Wingbeat of Giant Dragon,"Return 1 Level 5 or higher Dragon-Type monster you control to the hand, and if you do, destroy all Spell and Trap Cards on the field.",https://images.ygoprodeck.com/images/cards/28596933.jpg
30012506,A-Assault Core,"Once per turn, you can either: Target 1 LIGHT Machine monster you control; equip this card to that target, OR: Unequip this card and Special Summon it. A monster equipped with this card is unaffected by your opponent's monster effects (except its own), also if the equipped monster would be destroyed by battle or card effect, destroy this card instead. If this card is sent from the field to the GY: You can add 1 other Union monster from your GY to your hand.",https://images.ygoprodeck.com/images/cards/30012506.jpg
13026402,A-Team: Trap Disposal Unit,"This effect can be used during either player's turn. When your opponent activates a Trap Card, Tribute this face-up card to negate the activation of the Trap Card and destroy it.",https://images.ygoprodeck.com/images/cards/13026402.jpg
75926389,A-to-Z Energy Load,"When your opponent activates a card or effect: Draw cards equal to the number of Level 8 or higher LIGHT Machine Fusion Monsters you control. During your Standby Phase: You can banish this card from your GY; shuffle up to 6 of your banished LIGHT Machine monsters into the Deck, including a Union monster. You can only use each effect of ""A-to-Z Energy Load"" once per turn.",https://images.ygoprodeck.com/images/cards/75926389.jpg
65172015,A-to-Z-Dragon Buster Cannon,"""ABC-Dragon Buster"" + ""XYZ-Dragon Cannon""
Must be Special Summoned (from your Extra Deck) by banishing cards you control with the above original names, and cannot be Special Summoned by other ways. (You do not use ""Polymerization"".) During either player's turn, when your opponent activates a Spell/Trap Card, or monster effect: You can discard 1 card; negate the activation, and if you do, destroy that card. During either player's turn: You can banish this card, then target 1 each of your banished ""ABC-Dragon Buster"", and ""XYZ-Dragon Cannon""; Special Summon them.",https://images.ygoprodeck.com/images/cards/65172015.jpg
28645123,A.I. Challenge You,"Monsters your opponent controls lose 100 ATK for each card you control. If your ""@Ignister"" monster battles, your opponent cannot activate cards or effects until the end of the Damage Step. When your ""@Ignister"" monster is destroyed by battle: You can target 1 other Cyberse monster with 2300 ATK in your GY; Special Summon it. You can only use this effect of ""A.I. Challenge You"" once per turn.",https://images.ygoprodeck.com/images/cards/28645123.jpg
10493654,A.I. Contact,"If ""Ignister A.I.Land"" is in your Field Zone: Reveal 1 ""Ignister A.I.Land"" in your hand; place it on the bottom of the Deck, and if you do, draw 3 cards. You can only activate 1 ""A.I. Contact"" per turn.",https://images.ygoprodeck.com/images/cards/10493654.jpg
59332125,A.I. Love Fusion,"Fusion Summon 1 Cyberse Fusion Monster from your Extra Deck, using monsters from your hand or field as Fusion Material. If you use your ""@Ignister"" monster as Fusion Material, you can also use 1 Link Monster your opponent controls as material. You can only activate 1 ""A.I. Love Fusion"" per turn.",https://images.ygoprodeck.com/images/cards/59332125.jpg
6552971,A.I. Meet You,"Reveal 1 Cyberse monster with 2300 ATK in your hand or Extra Deck, and add 1 ""@Ignister"" monster with the same Attribute from your Deck to your hand. During the End Phase of this turn, take 2300 damage if you did not Special Summon the revealed monster, or a monster with the same name, after you resolved this effect. You cannot activate monster effects for the rest of this turn after this card resolves, except Cyberse monsters. You can only activate 1 ""A.I. Meet You"" per turn.",https://images.ygoprodeck.com/images/cards/6552971.jpg
77421977,A.I. Shadow,"Activate this card by targeting 1 ""@Ignister"" monster you control. That monster gains 800 ATK, also all monsters your opponent controls must attack that monster you control, if able. If this face-up card in its owner's Spell & Trap Zone has left the field because of an opponent's effect, and is now in the GY or banished: Draw 1 card. You can only use this effect of ""A.I. Shadow"" once per turn.",https://images.ygoprodeck.com/images/cards/77421977.jpg
85327820,A.I.'s Ritual,"This card can be used to Ritual Summon any Cyberse Ritual Monster. You must also Tribute ""@Ignister"" monsters from your hand or field whose total Levels equal or exceed the Level of the Ritual Monster you Ritual Summon. If you control an ""@Ignister"" monster when this effect is activated, you can also use ""@Ignister"" monster(s) in your GY, by banishing them.",https://images.ygoprodeck.com/images/cards/85327820.jpg
54374642,A.I.'s Show,"While you control a Link-3 or higher ""@Ignister"" monster in the Extra Monster Zone, when an opponent's monster declares an attack: Special Summon from your Extra Deck any number of non-Link Cyberse monster(s) with 2300 ATK, whose combined ATK is less than or equal to the attacking monster's ATK, then end the Battle Phase.",https://images.ygoprodeck.com/images/cards/54374642.jpg
69381150,A.I.Q,"Activate only if you control an ""@Ignister"" monster. Once per turn, during your Standby Phase, Tribute 1 Link Monster, or destroy this card. Each player can only Link Summon a monster once per turn while this card is face-up on the field.",https://images.ygoprodeck.com/images/cards/69381150.jpg
22933016,A.I.dle Reborn,"Target 1 ""@Ignister"" monster in your GY; Special Summon it, also you cannot Special Summon monsters for the rest of this turn after this card resolves, except Cyberse monsters. When an attack is declared involving 2 monsters: You can banish this card from your GY and 1 card from your hand, then target 1 of your ""A.I."" Spells/Traps that is banished or in your GY, except ""A.I.dle Reborn""; add that card to your hand. You can only use each effect of ""A.I.dle Reborn"" once per turn.",https://images.ygoprodeck.com/images/cards/22933016.jpg
96146814,A/D Changer,"You can banish this card from your Graveyard, then target 1 monster on the field; change its battle position.",https://images.ygoprodeck.com/images/cards/96146814.jpg
1561110,ABC-Dragon Buster,"""A-Assault Core"" + ""B-Buster Drake"" + ""C-Crush Wyvern""
Must first be Special Summoned (from your Extra Deck) by banishing the above cards you control and/or from your GY. (You do not use ""Polymerization"".) Once per turn (Quick Effect): You can discard 1 card, then target 1 card on the field; banish it. During your opponent's turn (Quick Effect): You can Tribute this card, then target 3 of your banished LIGHT Machine Union monsters with different names; Special Summon them.",https://images.ygoprodeck.com/images/cards/1561110.jpg
26372118,ALERT!,"(This card is always treated as a ""Rescue-ACE"" card.)
Add 1 ""Rescue-ACE"" monster from your GY to your hand, or if you control ""Rescue-ACE Hydrant"", you can add 1 ""Rescue-ACE"" monster from your Deck to your hand instead. You can only activate 1 ""ALERT!"" per turn.",https://images.ygoprodeck.com/images/cards/26372118.jpg
12694768,Abaki,"When this card is destroyed and sent to the Graveyard by battle, both players take 500 damage.",https://images.ygoprodeck.com/images/cards/12694768.jpg
89718302,Abare Ushioni,"Once per turn, you can toss a coin and call it. If you call it right, inflict 1000 damage to your opponent. If you call it wrong, you take 1000 damage.",https://images.ygoprodeck.com/images/cards/89718302.jpg
80801743,Abominable Chamber of the Unchained,"Special Summon 1 ""Unchained"" monster from your hand or GY. If this Set card is destroyed by card effect: You can Special Summon 1 ""Unchained"" monster from your Deck. You can only use each effect of ""Abominable Chamber of the Unchained"" once per turn.",https://images.ygoprodeck.com/images/cards/80801743.jpg
1966438,Abominable Unchained Soul,"You can only Special Summon ""Abominable Unchained Soul(s)"" once per turn. If a card(s) you control is destroyed by battle or card effect: You can Special Summon this card from your hand. If this card is Special Summoned: You can discard 1 card; destroy 1 card on the field. Once per turn, during the End Phase, if this card is in the GY because it was destroyed on the field and sent there this turn: You can Special Summon this card, but place it on the bottom of the Deck when it leaves the field.",https://images.ygoprodeck.com/images/cards/1966438.jpg
27412542,Abomination's Prison,"Add 1 ""Unchained"" card from your Deck to your hand. If this Set card is destroyed by card effect: You can Special Summon 1 ""Unchained"" monster from your Deck. You can only use each effect of ""Abomination's Prison"" once per turn.",https://images.ygoprodeck.com/images/cards/27412542.jpg
70832512,Absolute Crusader,If a Level 5 or higher monster(s) is Special Summoned: Tribute this face-up card; destroy that Level 5 or higher monster(s).,https://images.ygoprodeck.com/images/cards/70832512.jpg
27744077,Absolute End,"Activate only during your opponent's turn. This turn, the attacks from your opponent's monsters become direct attacks.",https://images.ygoprodeck.com/images/cards/27744077.jpg
27553701,Absolute King - Megaplunder,''The king of dinosaurs that rules over the Earth. Its mighty roar makes its foes tremble in fear!'',https://images.ygoprodeck.com/images/cards/27553701.jpg
60990740,Absolute King Back Jack,"During your opponent's turn (Quick Effect): You can banish this card from the GY; excavate the top card of your Deck, and if it is a Normal Trap, Set it to your field. Otherwise, send it to the GY. That Set card can be activated during this turn. If this card is sent to the GY: You can look at 3 cards from the top of your Deck, then place them on the top of the Deck in any order. You can only use each effect of ""Absolute King Back Jack"" once per turn.",https://images.ygoprodeck.com/images/cards/60990740.jpg
51779204,Absolute Powerforce,"Target 1 ""Red Dragon Archfiend"" you control; if it battles an opponent's monster this turn while you control it, apply these effects until the end of the Damage Step.
● It gains 1000 ATK.
● Your opponent cannot activate cards or effects.
● If it attacks a Defense Position monster, inflict piercing battle damage to your opponent.
● Any battle damage your opponent takes from that battle is doubled.",https://images.ygoprodeck.com/images/cards/51779204.jpg
71422989,Absorb Fusion,"Add 1 ""Gem-Knight"" card from your Deck to your hand, then you can apply this effect.
● Fusion Summon 1 ""Gem-Knight"" Fusion Monster from your Extra Deck, by banishing Fusion Materials listed on it from your hand or your side of the field.
You can only activate 1 ""Absorb Fusion"" per turn. You cannot Special Summon monsters the turn you activate this card, except ""Gem-Knight"" monsters.",https://images.ygoprodeck.com/images/cards/71422989.jpg
3900605,Absorbing Jar,"FLIP: Destroy all Set Spell/Trap Cards on the field, then each player draws 1 card for each of the cards they controlled that was destroyed by this effect. You cannot Set any cards this turn.",https://images.ygoprodeck.com/images/cards/3900605.jpg
49771608,Absorbing Kid from the Sky,"When this card destroys a monster and sends it to the Graveyard as a result of battle, increase your Life Points by the Level of the destroyed monster x 300 points.",https://images.ygoprodeck.com/images/cards/49771608.jpg
67748760,Absorouter Dragon,"If you control a ""Rokket"" monster, you can Special Summon this card (from your hand). You can only Special Summon ""Absorouter Dragon"" once per turn this way. If this card is sent to the GY: You can add 1 ""Rokket"" monster from your Deck to your hand. You can only use this effect of ""Absorouter Dragon"" once per turn.",https://images.ygoprodeck.com/images/cards/67748760.jpg
15308295,Abyss Actor - Comic Relief,"[ Pendulum Effect ] 
You can target 1 ""Abyss Actor"" Pendulum Monster you control and 1 monster your opponent controls; switch control of both monsters, then destroy this card. You can only use this effect of ""Abyss Actor - Comic Relief"" once per turn.
[ Monster Effect ] 
You take no battle damage from attacks involving this card. Once per turn, during your Standby Phase: Give control of this card to your opponent. Once per turn, if control of this face-up card changes: Activate this effect; the owner of this card can destroy 1 Set ""Abyss Script"" Spell in their Spell & Trap Zone.",https://images.ygoprodeck.com/images/cards/15308295.jpg
44179224,Abyss Actor - Curtain Raiser,"[ Pendulum Effect ] 
If you control no monsters: You can Special Summon this card from your Pendulum Zone. You can only use this effect of ""Abyss Actor - Curtain Raiser"" once per Duel.
[ Monster Effect ] 
Gains 1100 ATK if you control no other monsters. Once per turn: You can send 1 ""Abyss Script"" Spell from your Deck to the GY; add 1 face-up ""Abyss Actor"" Pendulum Monster from your Extra Deck to your hand.",https://images.ygoprodeck.com/images/cards/44179224.jpg
52240819,Abyss Actor - Evil Heel,"[ Pendulum Effect ] 
Once per turn: You can Tribute 1 ""Abyss Actor"" monster, then target 1 face-up monster your opponent controls; it loses ATK equal to the original ATK of the Tributed monster, until the end of this turn (even if this card leaves the field).
[ Monster Effect ] 
If this card is Normal or Special Summoned: You can target 1 face-up monster your opponent controls; it loses 1000 ATK for each ""Abyss Actor"" monster you currently control, until the end of this turn. When this card destroys an opponent's monster by battle: You can target 1 ""Abyss Script"" Spell Card in your Graveyard; Set that card.",https://images.ygoprodeck.com/images/cards/52240819.jpg
88412339,Abyss Actor - Extras,"[ Pendulum Effect ] 
If your opponent controls a monster: You can Special Summon this card from your Pendulum Zone. You can only use this effect of ""Abyss Actor - Extras"" once per turn.
[ Monster Effect ] 
You can Tribute this card; place 1 ""Abyss Actor"" Pendulum Monster from your Deck in your Pendulum Zone, also for the rest of this turn, you cannot Special Summon monsters, except ""Abyss Actor"" monsters, nor activate the Pendulum Effect of ""Abyss Actor - Extras"". You can only use this effect of ""Abyss Actor - Extras"" once per turn.",https://images.ygoprodeck.com/images/cards/88412339.jpg
99634927,Abyss Actor - Funky Comedian,"[ Pendulum Effect ] 
Once per turn: You can Tribute 1 ""Abyss Actor"" monster, then target 1 ""Abyss Actor"" monster you control; it gains ATK equal to the original ATK of the Tributed monster, until the end of this turn (even if this card leaves the field).
[ Monster Effect ] 
If this card is Normal or Special Summoned: You can make this card gain 300 ATK for each ""Abyss Actor"" monster you currently control, until the end of this turn. You can target 1 other ""Abyss Actor"" monster you control; it gains ATK equal to this card's current ATK, until the end of this turn. This card cannot attack the turn this effect is activated. You can only use this effect of ""Abyss Actor - Funky Comedian"" once per turn.",https://images.ygoprodeck.com/images/cards/99634927.jpg
2368215,Abyss Actor - Hyper Director,"1 ""Abyss Actor"" Pendulum Monster
You can target 1 card in your Pendulum Zone; Special Summon it, then place 1 ""Abyss Actor"" Pendulum Monster with a different name, from your Deck or face-up Extra Deck, to your Pendulum Zone, also you cannot Normal or Special Summon monsters for the rest of this turn, except ""Abyss Actor"" monsters. You can only use this effect of ""Abyss Actor - Hyper Director"" once per turn.",https://images.ygoprodeck.com/images/cards/2368215.jpg
24907044,Abyss Actor - Leading Lady,"[ Pendulum Effect ] 
Once per turn, when you take battle damage from an opponent's attacking monster: You can activate 1 of these effects; ● That opponent's monster loses ATK equal to the damage you took (even if this card leaves the field). ● Add 1 face-up ""Abyss Actor"" Pendulum Monster from your Extra Deck to your hand with ATK less than or equal to the damage you took.
[ Monster Effect ] 
Once per turn, when battle damage is inflicted: You can target 1 face-up monster your opponent controls; it loses ATK equal to that battle damage. When this card is destroyed by battle, or if this card in its owner's Monster Zone is destroyed by an opponent's card effect: You can Set 1 ""Abyss Script"" Spell directly from your Deck.",https://images.ygoprodeck.com/images/cards/24907044.jpg
65477143,Abyss Actor - Liberty Dramatist,"[ Pendulum Effect ] 
When a monster declares an attack: You can discard 1 card; Special Summon this card to your opponent's field. You can only use this effect of ""Abyss Actor - Liberty Dramatist"" once per turn.
[ Monster Effect ] 
If this card is Special Summoned from the Pendulum Zone: The owner of this card reveals 3 ""Abyss Script"" Spells from their Deck, their opponent randomly picks 1 for this card's owner to Set on their field (but the owner destroys it during the End Phase), also shuffle the rest into the Deck. If this card is destroyed: You can shuffle 1 ""Abyss Script"" Spell from your GY into the Deck. You can only use each effect of ""Abyss Actor - Liberty Dramatist"" once per turn.",https://images.ygoprodeck.com/images/cards/65477143.jpg
78310590,Abyss Actor - Mellow Madonna,"[ Pendulum Effect ] 
You can pay 1000 LP; add 1 ""Abyss Actor"" Pendulum Monster from your Deck to your hand, except ""Abyss Actor - Mellow Madonna"", also you cannot Special Summon monsters for the rest of this turn, except ""Abyss Actor"" Pendulum Monsters (even if this card leaves the field). You can only use this effect of ""Abyss Actor - Mellow Madonna"" once per turn.
[ Monster Effect ] 
Gains 100 ATK for each ""Abyss Script"" Spell in your GY. You can only use each of the following effects of ""Abyss Actor - Mellow Madonna"" once per turn.
● When a Pendulum Monster you control is destroyed by battle: You can Special Summon this card from your hand.
● If an ""Abyss Script"" Spell Card or effect is activated: You can Special Summon 1 Level 4 or lower ""Abyss Actor"" Pendulum Monster from your Deck, but return it to the hand during the End Phase.",https://images.ygoprodeck.com/images/cards/78310590.jpg
51028231,Abyss Actor - Sassy Rookie,"[ Pendulum Effect ] 
If an ""Abyss Actor"" monster(s) you control would be destroyed by battle or an opponent's card effect, you can destroy this card instead.
[ Monster Effect ] 
The first time this card would be destroyed by battle or card effect each turn, it is not destroyed. If this card is destroyed by battle, or if this card in its owner's Monster Zone is destroyed by an opponent's card effect: You can Special Summon 1 Level 4 or lower ""Abyss Actor"" monster from your Deck, except ""Abyss Actor - Sassy Rookie"". If this card in the Pendulum Zone is destroyed: You can target 1 Level 4 or lower monster your opponent controls; destroy it.",https://images.ygoprodeck.com/images/cards/51028231.jpg
47404795,Abyss Actor - Super Producer,"2 monsters, including a Fiend monster
During the Main Phase (Quick Effect): You can target 1 face-up card you control; destroy it, then you can apply 1 of these effects.
● Place 1 ""Abyss Playhouse - Fantastic Theater"" from your Deck, face-up in your Field Zone.
● Place 1 ""Abyss Actor"" Pendulum Monster from your Deck in your Pendulum Zone.
You can only use this effect of ""Abyss Actor - Super Producer"" once per turn.",https://images.ygoprodeck.com/images/cards/47404795.jpg
25629622,Abyss Actor - Superstar,"[ Pendulum Effect ] 
Once per turn: You can Tribute 1 ""Abyss Actor"" monster, then target 1 ""Abyss Script"" Spell in your GY; add it to your hand.
[ Monster Effect ] 
When Normal or Special Summoned, your opponent's Spell/Trap Cards and effects cannot be activated. Once per turn: You can Set 1 ""Abyss Script"" Spell directly from your Deck, but it is sent to the GY during the End Phase.",https://images.ygoprodeck.com/images/cards/25629622.jpg
39024589,Abyss Actor - Trendy Understudy,"[ Pendulum Effect ] 
When you Pendulum Summon a monster: You can add 1 face-up Level 1 or 8 ""Abyss Actor"" Pendulum Monster from your Extra Deck to your hand.
[ Monster Effect ] 
If you have 2 ""Abyss Actor"" cards in your Pendulum Zones: You can Tribute this card; Special Summon 1 Level 1 or 8 ""Abyss Actor"" Pendulum Monster from your hand or face-up from your Extra Deck. You can only use this effect of ""Abyss Actor - Trendy Understudy"" once per turn.",https://images.ygoprodeck.com/images/cards/39024589.jpg
7279373,Abyss Actor - Twinkle Little Star,"[ Pendulum Effect ] 
You cannot Pendulum Summon monsters, except ""Abyss Actor"" monsters. This effect cannot be negated. Once per turn: You can target 1 ""Abyss Actor"" monster you control; this turn, it can make up to 3 attacks on monsters during each Battle Phase, also other monsters you control cannot attack for the rest of this turn (even if this card leaves the field).
[ Monster Effect ] 
Cannot be destroyed by battle during your turn. This card can make up to 3 attacks on monsters during each Battle Phase.",https://images.ygoprodeck.com/images/cards/7279373.jpg
51391183,Abyss Actor - Wild Hope,"[ Pendulum Effect ] 
Once per turn: You can target 1 ""Abyss Actor"" card in your other Pendulum Zone; its Pendulum Scale becomes 9 until the end of this turn, also you cannot Special Summon monsters for the rest of this turn, except ""Abyss Actor"" monsters (even if this card leaves the field).
[ Monster Effect ] 
Once per turn: You can make this card gain 100 ATK for each ""Abyss Actor"" monster you currently control with different names, until the end of this turn. If this card is destroyed by battle or card effect: You can add 1 ""Abyss Actor"" card from your Deck to your hand, except ""Abyss Actor - Wild Hope"". You can only use this effect of ""Abyss Actor - Wild Hope"" once per turn.",https://images.ygoprodeck.com/images/cards/51391183.jpg
59057953,Abyss Actors Back Stage,"If you have 2 ""Abyss Actor"" cards in your Pendulum Zones: Add 2 ""Abyss Actor"" Pendulum Monsters with different names from your Deck to your Extra Deck face-up. You can only activate 1 ""Abyss Actors Back Stage"" per turn.",https://images.ygoprodeck.com/images/cards/59057953.jpg
4682617,Abyss Actors' Curtain Call,"If an ""Abyss Script"" Spell Card or effect is activated this turn: Add face-up ""Abyss Actor"" Pendulum Monsters from your Extra Deck to your hand, up to the number of ""Abyss Script"" Spells in your GY. Then, you can Special Summon ""Abyss Actor"" Pendulum Monsters from your hand with different names, up to the number of monsters added to the hand by this effect. You cannot Special Summon monsters for the rest of this turn, except ""Abyss Actor"" Pendulum Monsters. You can only activate 1 ""Abyss Actors' Curtain Call"" per turn.",https://images.ygoprodeck.com/images/cards/4682617.jpg
6004133,Abyss Actors' Dress Rehearsal,"At the start of your Main Phase 1: Add 1 ""Abyss Actor"" card and 1 ""Abyss Script"" Spell from your Deck to your hand. For the rest of this turn after this card resolves, you cannot Pendulum Summon monsters, except ""Abyss Actor"" monsters.",https://images.ygoprodeck.com/images/cards/6004133.jpg
21044178,Abyss Dweller,"2 Level 4 monsters
While this card has a material attached that was originally WATER, all WATER monsters you control gain 500 ATK. Once per turn (Quick Effect): You can detach 1 material from this card; your opponent cannot activate any card effects in their GY this turn.",https://images.ygoprodeck.com/images/cards/21044178.jpg
40387124,Abyss Flower,A rarely seen flower that blossoms quietly on the edge of darkness.,https://images.ygoprodeck.com/images/cards/40387124.jpg
82184400,Abyss Keeper,"2 WATER monsters
Cannot be used as Link Material the turn it is Link Summoned. If this card is Link Summoned: You can Special Summon 1 Fish monster from your hand to your zone this card points to. You can target 1 other Fish monster you control and 1 card your opponent controls; banish those cards. You can only use each effect of ""Abyss Keeper"" once per turn.",https://images.ygoprodeck.com/images/cards/82184400.jpg
77297908,Abyss Playhouse - Fantastic Theater,"You can reveal 1 ""Abyss Actor"" Pendulum Monster and 1 ""Abyss Script"" Spell in your hand; add 1 ""Abyss Script"" Spell from your Deck to your hand, with a different name than that revealed Spell. While you control a Pendulum Summoned ""Abyss Actor"" Pendulum Monster, any monster effect activated by your opponent becomes ""Destroy 1 Set Spell/Trap your opponent controls"". You can only use each effect of ""Abyss Playhouse - Fantastic Theater"" once per turn.",https://images.ygoprodeck.com/images/cards/77297908.jpg
86578200,Abyss Prop - Wild Wagon,"The first time each ""Abyss Actor"" monster you control would be destroyed by battle each turn, it is not destroyed. Once per turn: You can target 1 ""Abyss Actor"" monster you control; your opponent cannot target it with card effects until the end of their turn (even if this card leaves the field). If this Set card in its owner's control is destroyed by an opponent's card effect, and you have a face-up ""Abyss Actor"" Pendulum Monster in your Extra Deck: You can return all cards your opponent controls to the hand.",https://images.ygoprodeck.com/images/cards/86578200.jpg
70564929,Abyss Script - Abysstainment,"You can Tribute 1 ""Abyss Actor"" monster, then target 1 ""Abyss Script"" Spell in your GY; Set it to your field. You can use this effect of ""Abyss Script - Abysstainment"" up to twice per turn. If this Set card in its owner's control is destroyed by an opponent's card effect, and you have a face-up ""Abyss Actor"" Pendulum Monster in your Extra Deck: You can Special Summon any number of ""Abyss Actor"" Pendulum Monsters from your Deck.",https://images.ygoprodeck.com/images/cards/70564929.jpg
33503878,Abyss Script - Dramatic Story,"Target 1 ""Abyss Actor"" Pendulum Monster you control; Special Summon 1 ""Abyss Actor"" monster from your Deck with a different name, then place the targeted monster in your Pendulum Zone or destroy it. If this Set card in its owner's control is destroyed by an opponent's card effect, and you have a face-up ""Abyss Actor"" Pendulum Monster in your Extra Deck: You can return up to 2 cards on the field to the hand. You can only activate 1 ""Abyss Script - Dramatic Story"" per turn.",https://images.ygoprodeck.com/images/cards/33503878.jpg
87390798,Abyss Script - Fantasy Magic,"Target 1 ""Abyss Actor"" monster you control; this turn, every monster that battles it, but is not destroyed, returns to the hand at the end of the Damage Step. If this Set card in its owner's control is destroyed by an opponent's card effect, and you have a face-up ""Abyss Actor"" Pendulum Monster in your Extra Deck: You can target 1 card your opponent controls; place it on top of the Deck.",https://images.ygoprodeck.com/images/cards/87390798.jpg
50179591,Abyss Script - Fire Dragon's Lair,"Target 1 ""Abyss Actor"" monster you control; if it destroys your opponent's monster by battle this turn, your opponent banishes 3 monsters from their Extra Deck (their choice). If this Set card in its owner's control is destroyed by an opponent's card effect, and you have a face-up ""Abyss Actor"" Pendulum Monster in your Extra Deck: You can look at your opponent's Extra Deck, also banish 1 monster from their Extra Deck. You can only use this effect of ""Abyss Script - Fire Dragon's Lair"" once per turn.",https://images.ygoprodeck.com/images/cards/50179591.jpg
23784496,Abyss Script - Opening Ceremony,"Gain 500 LP for each ""Abyss Actor"" monster you control. If this Set card in its owner's control is destroyed by an opponent's card effect, and you have a face-up ""Abyss Actor"" Pendulum Monster in your Extra Deck: You can draw until you have 5 cards in your hand. You can only use each effect of ""Abyss Script - Opening Ceremony"" once per turn.",https://images.ygoprodeck.com/images/cards/23784496.jpg
13662809,Abyss Script - Rise of the Abyss King,"Target face-up cards on the field, up to the number of Attack Position ""Abyss Actor"" monsters with different names you control; destroy them. If you control a Level 7 or higher ""Abyss Actor"" monster, your opponent cannot activate cards or effects in response to this card's activation. If this Set card in its owner's control is destroyed by an opponent's card effect, and you have a face-up ""Abyss Actor"" Pendulum Monster in your Extra Deck: You can add up to 2 ""Abyss Actor"" cards and/or ""Abyss Script"" Spells with different names from your Deck to your hand.",https://images.ygoprodeck.com/images/cards/13662809.jpg
41803903,Abyss Script - Romantic Terror,"Return 1 ""Abyss Actor"" Pendulum Monster you control to the hand, and if you do, Special Summon from your Extra Deck in Defense Position, 1 face-up ""Abyss Actor"" Pendulum Monster with a different original name from that monster. If this Set card in its owner's control is destroyed by an opponent's card effect, and you have a face-up ""Abyss Actor"" Pendulum Monster in your Extra Deck: You can Set any number of ""Abyss Script"" Spells directly from your Deck. You can only activate 1 ""Abyss Script - Romantic Terror"" per turn.",https://images.ygoprodeck.com/images/cards/41803903.jpg
61496006,Abyss Shark,"If this card is used for the Xyz Summon of a ""Number"" monster, it can be treated as a Level 3 or 4 monster. If all monsters you control are WATER (min. 1): You can Special Summon this card from your hand, and if you do, add 1 Level 3, 4, or 5 Fish monster from your Deck to your hand, except ""Abyss Shark"". For the rest of this turn, you cannot Special Summon monsters, except WATER monsters, also, double the first battle damage inflicted to your opponent this turn by your ""Number"" monster battling another monster. You can only use this effect of ""Abyss Shark"" once per turn.",https://images.ygoprodeck.com/images/cards/61496006.jpg
18318842,Abyss Soldier,Once per turn: You can discard 1 WATER monster to the Graveyard to target 1 card on the field; return it to the hand.,https://images.ygoprodeck.com/images/cards/18318842.jpg
97232518,Abyss Stungray,"Special Summon this card as an Effect Monster (Thunder-Type/LIGHT/Level 5/ATK 1900/DEF 0). (This card is also still a Trap Card.) If Summoned this way, this card cannot be destroyed by battle.",https://images.ygoprodeck.com/images/cards/97232518.jpg
88409165,Abyss Warrior,"Once per turn: You can discard 1 WATER monster to the Graveyard, then target 1 monster in either player's Graveyard; return that target to either the top or bottom of the Deck.",https://images.ygoprodeck.com/images/cards/88409165.jpg
19596712,Abyss-scale of Cetus,"Equip only to a ""Mermail"" monster. It gains 800 ATK. When a Trap effect that was activated on your opponent's side of the field resolves, negate that effect, then send this card to the Graveyard.",https://images.ygoprodeck.com/images/cards/19596712.jpg
8719957,Abyss-scale of the Kraken,"Equip only to a ""Mermail"" monster. It gains 400 ATK. When a monster effect that was activated on your opponent's side of the field resolves, negate that effect, then send this card to the Graveyard.",https://images.ygoprodeck.com/images/cards/8719957.jpg
72932673,Abyss-scale of the Mizuchi,"Equip only to a ""Mermail"" monster. It gains 800 ATK. When a Spell effect that was activated on your opponent's side of the field resolves, negate that effect, then send this card to the Graveyard.",https://images.ygoprodeck.com/images/cards/72932673.jpg
79206750,Abyss-scorn,"Target 1 ""Mermail"" monster you control; it gains 1000 ATK until the End Phase. When this Set card is sent to the Graveyard: Target 1 monster your opponent controls; send that target to the Graveyard.",https://images.ygoprodeck.com/images/cards/79206750.jpg
60202749,Abyss-sphere,"Special Summon 1 ""Mermail"" monster from your Deck. Its effects are negated. You cannot activate any Spell Cards. When this card leaves the field, destroy that monster. Destroy this card during your opponent's next End Phase after activation.",https://images.ygoprodeck.com/images/cards/60202749.jpg
34707034,Abyss-squall,"Target 3 ""Mermail"" monsters in your Graveyard; Special Summon those targets in face-up Defense Position. Their effects are negated and they cannot declare an attack. Destroy them during the End Phase.",https://images.ygoprodeck.com/images/cards/34707034.jpg
101206062,Abyss-sting of Triaina,"Special Summon 1 ""Atlantean"" or ""Mermail"" monster from your hand or GY, and if you do, equip it with this card. If the equipped monster would be destroyed by battle or card effect, you can send this card to the GY instead. You can banish this card from your GY, then target up to 3 Fish, Sea Serpent, and/or Aqua monsters in your GY and/or banishment; shuffle them into the Deck. You can only use this effect of ""Abyss-sting of Triaina"" once per turn. You can only activate 1 ""Abyss-sting of Triaina"" per turn.",https://images.ygoprodeck.com/images/cards/101206062.jpg
97697447,Abyss-strom,"Send 1 face-up ""Umi"" you control to the Graveyard; send all Spell and Trap Cards on the field to the Graveyard.",https://images.ygoprodeck.com/images/cards/97697447.jpg
89801755,Abyssal Designator,Pay 1000 Life Points. Declare a Type and an Attribute. Your opponent must send 1 monster with both the declared Type and Attribute from their hand or Deck to the Graveyard.,https://images.ygoprodeck.com/images/cards/89801755.jpg
44223284,Abyssal Kingshark,"Once per turn, if this card would be destroyed by an effect that does not target it, it is not destroyed.",https://images.ygoprodeck.com/images/cards/44223284.jpg
17080584,Abyssrhine the Atlantean Spirit,"(This card is always treated as a ""Mermail"" card.)
You can Tribute this card from your hand and 1 ""Atlantean"" or ""Mermail"" monster from your hand or field; take 1 Level 7 Fish, Sea Serpent, or Aqua monster from your Deck, and either add it to your hand or Special Summon it, also you cannot Special Summon from the Extra Deck for the rest of this turn, except WATER monsters. During your opponent's turn (Quick Effect): You can banish this card from your GY and discard 1 card to the GY; draw 1 card. You can only use each effect of ""Abyssrhine the Atlantean Spirit"" once per turn.",https://images.ygoprodeck.com/images/cards/17080584.jpg
30983281,Accel Synchro Stardust Dragon,"1 Tuner + 1+ non-Tuner monsters
If this card is Synchro Summoned: You can Special Summon 1 Level 2 or lower Tuner from your GY. During the Main Phase (Quick Effect): You can Tribute this card; Special Summon 1 ""Stardust Dragon"" from your Extra Deck (this is treated as a Synchro Summon), then, immediately after this effect resolves, Synchro Summon 1 Synchro Monster using monsters you control as material. This turn, the monsters Synchro Summoned by this effect are unaffected by your opponent's activated effects. You can only use each effect of ""Accel Synchro Stardust Dragon"" once per turn.",https://images.ygoprodeck.com/images/cards/30983281.jpg
37675907,Accel Synchron,"1 Tuner + 1+ non-Tuner monsters
Once per turn: You can send 1 ""Synchron"" monster from your Deck to the GY, then activate 1 of these effects;
● Increase this card's Level by the Level of the sent monster.
● Reduce this card's Level by the Level of the sent monster.
During your opponent's Main Phase, you can (Quick Effect): Immediately after this effect resolves, Synchro Summon using this card you control. You can only Synchro Summon ""Accel Synchron"" once per turn.",https://images.ygoprodeck.com/images/cards/37675907.jpg
34838437,Accellight,"If you control no monsters: Special Summon 1 Level 4 or lower ""Photon"" or ""Galaxy"" monster from your Deck. You can only activate 1 ""Accellight"" per turn. You cannot Normal Summon/Set during the turn you activate this card.",https://images.ygoprodeck.com/images/cards/34838437.jpg
86066372,Accesscode Talker,"2+ Effect Monsters
Your opponent cannot activate cards or effects in response to this card's effect activations. If this card is Link Summoned: You can target 1 Link Monster that was used as material for its Link Summon; this card gains ATK equal to that monster's Link Rating x 1000. You can banish 1 Link Monster from your field or GY; destroy 1 card your opponent controls, also for the rest of this turn, you cannot banish monsters with that same Attribute to activate this effect of ""Accesscode Talker"".",https://images.ygoprodeck.com/images/cards/86066372.jpg
98444741,Accumulated Fortune,Activate only as Chain Link 4 or higher. Draw 2 cards. You cannot activate this card if multiple cards/effects with the same name are in that Chain.,https://images.ygoprodeck.com/images/cards/98444741.jpg
10796448,Ace★Spades Speculation,"1 monster with 2500 or more ATK + 1 face-down Defense Position monster with 2500 or less DEF
You can only Special Summon ""Ace★Spades Speculation(s)"" once per turn. You can Tribute 1 Attack Position monster and 1 face-down Defense Position monster; Special Summon this card from your GY. This card gains the following effect based on its battle position.
● Attack Position: Gains ATK equal to the highest original ATK among monsters your opponent controls (your choice, if tied).
● Defense Position: Cannot be destroyed by battle or card effects.",https://images.ygoprodeck.com/images/cards/10796448.jpg
98865920,Achacha Archer,When this card is Normal or Flip Summoned: Inflict 500 damage to your opponent.,https://images.ygoprodeck.com/images/cards/98865920.jpg
62476197,Achacha Chanbara,"During either player's turn, when a card or effect is activated that will inflict damage when it resolves: You can Special Summon this card from your hand, and if you do, inflict 400 damage to your opponent.",https://images.ygoprodeck.com/images/cards/62476197.jpg
15808381,Achichi @Ignister,"If this card is Normal or Special Summoned: You can add 1 Level 4 or lower ""@Ignister"" monster from your Deck to your hand, except ""Achichi @Ignister"". At the start of the Damage Step, when your Cyberse monster battles: You can banish this card from your GY; destroy that monster you control. You can only use each effect of ""Achichi @Ignister"" once per turn.",https://images.ygoprodeck.com/images/cards/15808381.jpg
77568553,Acid Crawler,A giant caterpillar that secretes an acid mist that melts anything.,https://images.ygoprodeck.com/images/cards/77568553.jpg
21323861,Acid Rain,Destroy all face-up Machine-Type monsters on the field.,https://images.ygoprodeck.com/images/cards/21323861.jpg
41356845,Acid Trap Hole,"Target 1 face-down Defense Position monster on the field; flip it face-up, then destroy it if its DEF is 2000 or less, or return it face-down if its DEF is more than 2000.",https://images.ygoprodeck.com/images/cards/41356845.jpg
35956022,Acidic Downpour,All EARTH monsters lose 500 ATK and gain 400 DEF.,https://images.ygoprodeck.com/images/cards/35956022.jpg
21051977,Acorno,"During your Main Phase: You can send 1 ""Pinecono"" from your hand to the Graveyard, and Special Summon this card from the hand.",https://images.ygoprodeck.com/images/cards/21051977.jpg
47372349,Acrobat Monkey,An autonomous monkey type robot which was developed with cutting-edge technology. It moves very acrobatically.,https://images.ygoprodeck.com/images/cards/47372349.jpg
33656832,Acrobatic Magician,"[ Pendulum Effect ] 
When a monster(s) you control is destroyed by a card effect (except during the Damage Step): You can Special Summon this card from your Pendulum Zone. You can only use this effect of ""Acrobatic Magician"" once per turn.
[ Monster Effect ] 
If the activation of a Spell/Trap Card is negated (except during the Damage Step): You can Special Summon this card from your hand. When this card is destroyed by battle: You can place this card in your Pendulum Zone.",https://images.ygoprodeck.com/images/cards/33656832.jpg
35498188,Action Magic - Double Banking,"Discard 1 card; this turn, if a monster you currently control destroys an opponent's monster by battle, it can make a second attack in a row. During your Main Phase, if this card is in your GY, except the turn this card was sent to the GY: You can discard 1 Spell; Set this card.",https://images.ygoprodeck.com/images/cards/35498188.jpg
99004583,Action Magic - Full Turn,"This turn, double any battle damage that a player takes from battles involving 2 monsters. During your Main Phase, if this card is in your GY, except the turn this card was sent to the GY: You can discard 1 Spell; Set this card.",https://images.ygoprodeck.com/images/cards/99004583.jpg
81555617,Ad Libitum of Despia,"During your Main Phase: You can make all monsters currently on the field gain ATK equal to their own Level x 100, until the end of the opponent's turn. If this card in your hand or field is used as Fusion Material, and sent to the GY or banished: You can target 1 of your ""Despia"" monsters or Level 8 or higher Fusion Monsters, that is banished or in your GY, except ""Ad Libitum of Despia""; Special Summon it. You can only use each effect of ""Ad Libitum of Despia"" once per turn.",https://images.ygoprodeck.com/images/cards/81555617.jpg
11302671,Adamancipator Analyzer,"If only your opponent controls a monster: You can Special Summon this card from your hand. During your Main Phase: You can excavate the top 5 cards of your Deck, and if you do, you can Special Summon 1 excavated Level 4 or lower non-Tuner Rock monster, also place the rest on the bottom of your Deck in any order. You can only use each effect of ""Adamancipator Analyzer"" once per turn.",https://images.ygoprodeck.com/images/cards/11302671.jpg
10286023,Adamancipator Crystal - Dragite,"If this card is Special Summoned by the effect of an ""Adamancipator"" card: You can draw 1 card. If this card is in your GY: You can target 1 WATER Synchro Monster you control or in your GY; return it to the Extra Deck, and if you do, place this card on top of the Deck. You can only use each effect of ""Adamancipator Crystal - Dragite"" once per turn.",https://images.ygoprodeck.com/images/cards/10286023.jpg
47897376,Adamancipator Crystal - Leonite,"If this card is Special Summoned by the effect of an ""Adamancipator"" card: You can place 1 ""Adamancipator"" card from your hand or GY on top of the Deck. If this card is in your GY: You can target 1 FIRE Synchro Monster you control or in your GY; return it to the Extra Deck, and if you do, place this card on top of the Deck. You can only use each effect of ""Adamancipator Crystal - Leonite"" once per turn.",https://images.ygoprodeck.com/images/cards/47897376.jpg
74891384,Adamancipator Crystal - Raptite,"If this card is Special Summoned by the effect of an ""Adamancipator"" card: You can place 1 Rock monster from your hand or GY on top of the Deck. If this card is in your GY: You can target 1 WIND Synchro Monster you control or in your GY; return it to the Extra Deck, and if you do, place this card on top of the Deck. You can only use each effect of ""Adamancipator Crystal - Raptite"" once per turn.",https://images.ygoprodeck.com/images/cards/74891384.jpg
99927991,Adamancipator Friends,"Excavate the top cards of your Deck equal to the number of Rock monsters you control +5, and if you do, you can add to your hand 1 excavated Rock monster with a Level equal to or lower than the number of the excavated cards, also place the remaining cards on the bottom of your Deck in any order. For the rest of this turn after this card resolves, you cannot Special Summon monsters, except Rock monsters.",https://images.ygoprodeck.com/images/cards/99927991.jpg
46552140,Adamancipator Laputite,"All Rock monsters you control gain 500 ATK/DEF. Once per turn, during your Main Phase: You can take up to 5 ""Adamancipator"" cards from your Deck and place them on top of your Deck in any order.",https://images.ygoprodeck.com/images/cards/46552140.jpg
9341993,Adamancipator Relief,"Tribute any number of ""Adamancipator"" monsters, then target cards on the field equal to that number +1; destroy them.",https://images.ygoprodeck.com/images/cards/9341993.jpg
85914562,Adamancipator Researcher,"If you control a Rock monster, except ""Adamancipator Researcher"": You can Special Summon this card from your hand. During your Main Phase: You can excavate the top 5 cards of your Deck, and if you do, you can Special Summon 1 excavated Level 4 or lower non-Tuner Rock monster, also place the rest on the bottom of your Deck in any order. You can only use each effect of ""Adamancipator Researcher"" once per turn.",https://images.ygoprodeck.com/images/cards/85914562.jpg
45730592,Adamancipator Resonance,"When a monster effect is activated, while you control an ""Adamancipator"" Synchro Monster: Negate the activation, and if you do, destroy it.",https://images.ygoprodeck.com/images/cards/45730592.jpg
9464441,Adamancipator Risen - Dragite,"1 Tuner + 1+ non-Tuner monsters
During your Main Phase: You can excavate the top 5 cards of your Deck, and if you do, you can return cards your opponent controls to the hand, up to the number of excavated Rock monsters, also place the excavated cards on the bottom of your Deck in any order. When your opponent activates a Spell/Trap Card or effect, while a WATER monster is in your GY (Quick Effect): You can negate the activation, and if you do, destroy it. You can only use each effect of ""Adamancipator Risen - Dragite"" once per turn.",https://images.ygoprodeck.com/images/cards/9464441.jpg
47674738,Adamancipator Risen - Leonite,"1 Tuner + 1+ non-Tuner monsters
During your Main Phase: You can excavate the top 5 cards of your Deck, and if you do, you can add 1 excavated ""Adamancipator"" card to your hand, also place the rest on the bottom of your Deck in any order. During your opponent's turn, if a FIRE monster is in your GY (Quick Effect): You can target 1 Rock monster in your GY; Special Summon it. You can only use each effect of ""Adamancipator Risen - Leonite"" once per turn.",https://images.ygoprodeck.com/images/cards/47674738.jpg
73079836,Adamancipator Risen - Raptite,"1 Tuner + 1+ non-Tuner monsters
During your Main Phase: You can excavate the top 5 cards of your Deck, and if you do, you can Special Summon 1 excavated Rock monster in Defense Position, also place the rest on the bottom of your Deck in any order. During your opponent's turn, if a WIND monster is in your GY (Quick Effect): You can target 1 card in your opponent's GY; banish it. You can only use each effect of ""Adamancipator Risen - Raptite"" once per turn.",https://images.ygoprodeck.com/images/cards/73079836.jpg
48519867,Adamancipator Seeker,"If you control an ""Adamancipator"" monster, except ""Adamancipator Seeker"": You can Special Summon this card from your hand. During your Main Phase: You can excavate the top 5 cards of your Deck, and if you do, you can Special Summon 1 excavated Level 4 or lower non-Tuner Rock monster, also place the rest on the bottom of your Deck in any order. You can only use each effect of ""Adamancipator Seeker"" once per turn.",https://images.ygoprodeck.com/images/cards/48519867.jpg
72957245,Adamancipator Signs,"Target 1 Rock monster in your GY; Special Summon it in Defense Position, then, if you Special Summoned an ""Adamancipator"" monster by this effect, you can take 1 Level 4 or lower Rock monster from your Deck and place it on top of your Deck.",https://images.ygoprodeck.com/images/cards/72957245.jpg
23812568,Additional Mirror Level 7,"If a Level 7 monster(s) is Special Summoned to your field: Send 2 ""Additional Mirror Level 7"" from your hand and/or Deck to the GY, then target 1 of those monsters; Special Summon 2 monsters with the same name as that target from your Deck, then take damage equal to their combined original ATK, also, for the rest of this turn after this card resolves, you can only Special Summon from the Extra Deck once.",https://images.ygoprodeck.com/images/cards/23812568.jpg
62325062,Adhesion Trap Hole,When your opponent Summons a monster(s): Halve that monster(s)'s original ATK.,https://images.ygoprodeck.com/images/cards/62325062.jpg
53828396,Adhesive Explosive,"Before damage calculation, if this card was attacked by an opponent's monster and was in face-down Defense Position at the start of the Damage Step: Equip this card to the attacking monster. Then, during your opponent's next Standby Phase, destroy the monster this card is equipped to.",https://images.ygoprodeck.com/images/cards/53828396.jpg
94119480,"Adreus, Keeper of Armageddon","2 Level 5 monsters
Once per turn: You can detach 1 Xyz Material from this card to target 1 face-up card your opponent controls; destroy it.",https://images.ygoprodeck.com/images/cards/94119480.jpg
15464375,Adularia of the June Moon,"If you control a face-up card in your Spell & Trap Zone, you can Special Summon this card (from your hand). You can only Special Summon ""Adularia of the June Moon"" once per turn this way. Gains 600 ATK/DEF for each face-up Spell/Trap on the field. You can send 2 face-up cards from your Spell & Trap Zone to the GY; send 1 Level 4 or lower monster from your Deck to the GY. You can only use this effect of ""Adularia of the June Moon"" once per turn.",https://images.ygoprodeck.com/images/cards/15464375.jpg
51630558,Advance Draw,Tribute 1 face-up Level 8 or higher monster you control; draw 2 cards.,https://images.ygoprodeck.com/images/cards/51630558.jpg
38589847,Advance Force,You can Tribute 1 Level 5 or higher monster to Tribute Summon a Level 7 or higher monster.,https://images.ygoprodeck.com/images/cards/38589847.jpg
76224717,Advance Zone,"Once per turn, during the End Phase of any turn in which you Tribute Summoned a monster(s): You can apply these effects, in sequence, based on the number of monsters you Tributed for Tribute Summons this turn.
● 1 or more: Destroy 1 Set card your opponent controls.
● 2 or more: Draw 1 card.
● 3 or more: Add 1 monster from your Graveyard to your hand.",https://images.ygoprodeck.com/images/cards/76224717.jpg
18847598,Advanced Crystal Beast Amber Mammoth,"If ""Advanced Dark"" is not in a Field Zone, send this monster to the GY. Once per turn, when your opponent activates a card or effect that targets your ""Advanced Crystal Beast"" card(s) or ""Advanced Dark"" (Quick Effect): You can negate the activation. Once per turn, when your ""Advanced Crystal Beast"" monster is targeted for an attack: You can negate that attack. If this face-up card is destroyed in a Monster Zone, you can place it face-up in your Spell & Trap Zone as a Continuous Spell, instead of sending it to the GY.",https://images.ygoprodeck.com/images/cards/18847598.jpg
19963185,Advanced Crystal Beast Amethyst Cat,"If ""Advanced Dark"" is not in a Field Zone, send this monster to the GY. Your ""Advanced Crystal Beast"" monsters can attack directly, but when they do so using this effect, the battle damage inflicted to your opponent is halved. If this face-up card is destroyed in a Monster Zone, you can place it face-up in your Spell & Trap Zone as a Continuous Spell, instead of sending it to the GY.",https://images.ygoprodeck.com/images/cards/19963185.jpg
45236142,Advanced Crystal Beast Cobalt Eagle,"If ""Advanced Dark"" is not in a Field Zone, send this monster to the GY. You can send this card from your hand or field to the GY; add 1 ""Advanced Dark"" from your Deck to your hand. Once per turn: You can target 1 ""Advanced Crystal Beast"" card you control; return it to the hand or place it on top of the Deck. If this face-up card is destroyed in a Monster Zone, you can place it face-up in your Spell & Trap Zone as a Continuous Spell, instead of sending it to the GY.",https://images.ygoprodeck.com/images/cards/45236142.jpg
46358784,Advanced Crystal Beast Emerald Tortoise,"If ""Advanced Dark"" is not in a Field Zone, send this monster to the GY. Once per turn (Quick Effect): You can target 1 face-up monster on the field; change its battle position. If this face-up card is destroyed in a Monster Zone, you can place it face-up in your Spell & Trap Zone as a Continuous Spell, instead of sending it to the GY.",https://images.ygoprodeck.com/images/cards/46358784.jpg
83575471,Advanced Crystal Beast Ruby Carbuncle,"If ""Advanced Dark"" is not in a Field Zone, send this monster to the GY. If this face-up card is destroyed in a Monster Zone, you can place it face-up in your Spell & Trap Zone as a Continuous Spell, instead of sending it to the GY. While this card is treated as a Continuous Spell: You can Special Summon this card, then you can Special Summon as many ""Advanced Crystal Beast"" Monster Cards as possible from your Spell & Trap Zones. You can only use this effect of ""Advanced Crystal Beast Ruby Carbuncle"" once per turn.",https://images.ygoprodeck.com/images/cards/83575471.jpg
71620241,Advanced Crystal Beast Sapphire Pegasus,"If ""Advanced Dark"" is not in a Field Zone, send this monster to the GY. If this card is Summoned: You can place 1 of your ""Advanced Crystal Beast"" monsters that is banished, or in your hand, Deck, or GY, face-up in your Spell & Trap Zone as a Continuous Spell. If this face-up card is destroyed in a Monster Zone, you can place it face-up in your Spell & Trap Zone as a Continuous Spell, instead of sending it to the GY.",https://images.ygoprodeck.com/images/cards/71620241.jpg
72843899,Advanced Crystal Beast Topaz Tiger,"If ""Advanced Dark"" is not in a Field Zone, send this monster to the GY. All ""Advanced Crystal Beast"" monsters you control gain 400 ATK/DEF, also monsters your opponent controls lose 400 ATK/DEF. If this face-up card is destroyed in a Monster Zone, you can place it face-up in your Spell & Trap Zone as a Continuous Spell, instead of sending it to the GY.",https://images.ygoprodeck.com/images/cards/72843899.jpg
12644061,Advanced Dark,"All ""Crystal Beast"" monsters on the field and in the GY become DARK. If an ""Ultimate Crystal"" monster attacks, negate the effects of the attack target during that Battle Phase. During damage calculation, if a ""Crystal Beast"" monster you control battles and you would take damage: You can send 1 ""Crystal Beast"" monster from your Deck to the GY; you take no battle damage from that battle.",https://images.ygoprodeck.com/images/cards/12644061.jpg
61314842,Advanced Heraldry Art,"Target 2 ""Heraldic Beast"" monsters in your Graveyard; Special Summon both those targets. Immediately after this card resolves, Xyz Summon 1 Xyz Monster using those 2 monsters only.",https://images.ygoprodeck.com/images/cards/61314842.jpg
46052429,Advanced Ritual Art,This card is used to Ritual Summon any 1 Ritual Monster. You must also send Normal Monsters from your Deck to the GY whose total Levels equal the Level of that Ritual Monster.,https://images.ygoprodeck.com/images/cards/46052429.jpg
10678778,Aegaion the Sea Castrum,"2 Level 8 monsters
During either player's turn: You can banish 1 random face-down monster from your opponent's Extra Deck, face-up, and if you do, this card's ATK becomes equal to the banished monster's. During either player's turn: You can detach 1 Xyz Material from this card, then target 1 of your opponent's banished Fusion, Synchro, or Xyz Monsters; return it to the Extra Deck, and if you do, destroy 1 monster your opponent controls with the same monster card type (Fusion, Synchro, or Xyz). You can only use each effect of ""Aegaion the Sea Castrum"" once per turn.",https://images.ygoprodeck.com/images/cards/10678778.jpg
47060347,Aegis of Gaia,"Gain 3000 Life Points. If this face-up card is removed from the field, take 3000 damage.",https://images.ygoprodeck.com/images/cards/47060347.jpg
7935043,Aegis of the Ocean Dragon Lord,"Until the End Phase, face-up Level 3 or lower WATER monsters you control cannot be destroyed by battle or by card effects.",https://images.ygoprodeck.com/images/cards/7935043.jpg
28143384,Aerial Eater,"2 Fiend monsters with the same Attribute
If this card is Fusion Summoned: You can send 1 Fiend monster from your Deck to the GY. If this card is in your GY: You can banish 2 Level 6 or higher Fiend monsters with the same Attribute as each other from your GY, except ""Aerial Eater""; Special Summon this card. You can only use each effect of ""Aerial Eater"" once per turn.",https://images.ygoprodeck.com/images/cards/28143384.jpg
70875955,Aerial Recharge,"Once per turn: You can Special Summon 1 ""Mecha Phantom Beast Token"" (Machine-Type/WIND/Level 3/ATK 0/DEF 0). During each player's End Phase, Tribute 1 Token or ""Mecha Phantom Beast"" monster, or send this card to the Graveyard.",https://images.ygoprodeck.com/images/cards/70875955.jpg
83094004,Aeropixthree,"Once per turn (Quick Effect): You can target 1 face-up monster your opponent controls in this card's column; move this card you control to another of your Main Monster Zones, and if you do, move that opponent's monster to their Main Monster Zone in this card's column, then place 1 Burnup Counter on it. (Monsters with Burnup Counters lose 200 ATK/DEF for each Burnup Counter on it.)",https://images.ygoprodeck.com/images/cards/83094004.jpg
56804361,"Aether, the Empowering Dragon","When this card is Pendulum Summoned: You can target 1 card on the field; return it to the hand. You can only use this effect of ""Aether, the Empowering Dragon"" once per turn.",https://images.ygoprodeck.com/images/cards/56804361.jpg
28865322,"Aether, the Evil Empowering Dragon","[ Pendulum Effect ] 
Once per turn: You can banish 1 ""Empowered Warrior"" monster from your Graveyard, then target 1 card on the field; destroy it.
[ Monster Effect ] 
When this card is Normal or Special Summoned: You can target 1 monster on the field; banish it.",https://images.ygoprodeck.com/images/cards/28865322.jpg
82263578,After the Storm,If there are no other cards on the field: Target 1 WATER or WIND monster in your Graveyard; add that target to your hand.,https://images.ygoprodeck.com/images/cards/82263578.jpg
25345186,After the Struggle,This card can only be activated during Main Phase 1. All monsters on both sides of the field that have been involved in damage calculation are destroyed during the End Step of the turn.,https://images.ygoprodeck.com/images/cards/25345186.jpg
43575579,Afterglow,"Banish this card, and as many ""Afterglow"" from your hand, Deck, GY, and face-up field as possible, then shuffle 1 of your banished ""Afterglow"" into the Deck. During your next Draw Phase, reveal the card you draw for your normal draw, and inflict 4000 damage to your opponent if it is ""Afterglow"". You can only activate 1 ""Afterglow"" per Duel.",https://images.ygoprodeck.com/images/cards/43575579.jpg
64952266,Against the Wind,"Select 1 ""Blackwing"" monster in your Graveyard. Take damage equal to the ATK of the selected monster, and add it to your hand.",https://images.ygoprodeck.com/images/cards/64952266.jpg
2411269,Agave Dragon,"2+ monsters, except Tokens
If this card is Link Summoned: You can apply these effects in sequence, depending on the Types of monsters in the GYs (skip over any that do not apply). You can only use this effect of ""Agave Dragon"" once per turn.
● Inflict 100 damage to your opponent for each Dragon.
● This card gains 200 ATK for each Dinosaur.
● All monsters your opponent currently controls lose 300 ATK for each Sea Serpent.
● You gain 400 LP for each Wyrm.",https://images.ygoprodeck.com/images/cards/2411269.jpg
27822206,Ages of Stars and Frost,"If a monster(s) you control was destroyed by your Spell effect or your opponent's card effect and sent to the GY this turn: You can conduct your next Battle Phase twice. If a monster you control is shuffled into the Deck or returned to the Extra Deck face-down, while this card is in your GY: You can add this card to your hand. You can only use this effect of ""Ages of Stars and Frost"" once per turn.",https://images.ygoprodeck.com/images/cards/27822206.jpg
16135253,Agido,"When this card is destroyed and sent to the Graveyard as a result of battle, roll a six-sided die. You can Special Summon 1 Fairy-Type monster from your Graveyard whose Level is equal to the number rolled. (If the result is 6, you can Special Summon a Level 6 or higher monster.)",https://images.ygoprodeck.com/images/cards/16135253.jpg
62320425,Agido the Ancient Sentinel,"If a card(s) is sent from the hand or Deck to your opponent's GY (except during the Damage Step): You can Special Summon this card from your hand, then you can Special Summon 1 Level 4 EARTH Fairy monster from your GY, except ""Agido the Ancient Sentinel"". If this card is sent from the hand or Deck to the GY: You can activate this effect; each player sends the top 5 cards of their Deck to the GY (or their entire Deck, if less than 5), then, if ""Exchange of the Spirit"" is in your GY, you can send 5 more cards from the top of either player's Deck to the GY. You can only use each effect of ""Agido the Ancient Sentinel"" once per turn.",https://images.ygoprodeck.com/images/cards/62320425.jpg
13014905,Agnimal Candle,"If this card is added to your hand, except by drawing it: You can Special Summon this card. You can only use this effect of ""Agnimal Candle"" once per turn. Once per Chain, up to thrice per turn, if a monster is sent to your GY (except during the Damage Step): You can increase or decrease this card's Level by 1.",https://images.ygoprodeck.com/images/cards/13014905.jpg
86377375,"Ahrima, the Wicked Warden","You can discard this card; add 1 ""Lair of Darkness"" from your Deck to your hand. You can Tribute 1 DARK monster; draw 1 card, or, if you Tributed a DARK monster other than this card to activate this effect, you can add 1 DARK monster with 2000 or more DEF from your Deck to your hand, instead. You can only use this effect of ""Ahrima, the Wicked Warden"" once per turn.",https://images.ygoprodeck.com/images/cards/86377375.jpg
96084564,Aileron,"(This card is always treated as a ""Sky Striker"" card.)
A ""Sky Striker Ace"" monster equipped with this card gains 400 ATK. You can only use 1 of the following effects of ""Aileron"" per turn, and only once that turn. During the Main Phase (Quick Effect): You can target 1 ""Sky Striker Ace"" monster you control; equip this card from your hand or field to it. If this card on the field is destroyed: You can send 1 ""Sky Striker"" Spell from your Deck to the GY.",https://images.ygoprodeck.com/images/cards/96084564.jpg
69023354,Air Armor Ninja,"When this card is Summoned: You can target 1 ""Ninja"" monster you control; reduce its Level by 1.",https://images.ygoprodeck.com/images/cards/69023354.jpg
98864751,Air Cracking Storm,Equip only to a Machine monster. When that attacking monster destroys your opponent's monster by battle: You can activate this effect; it can make a second attack during this Battle Phase. Your other monsters cannot attack the turn you activate this effect.,https://images.ygoprodeck.com/images/cards/98864751.jpg
8353769,Air Eater,"A monster that feeds on oxygen, suffocating any who stand near.",https://images.ygoprodeck.com/images/cards/8353769.jpg
18036057,Airknight Parshath,"If this card attacks a Defense Position monster, inflict piercing battle damage. If this card inflicts battle damage to your opponent: Draw 1 card.",https://images.ygoprodeck.com/images/cards/18036057.jpg
84747429,Airorca,"Once per turn: You can banish 1 Fish, Sea Serpent, or Aqua-Type monster from your hand, then target 1 face-up card your opponent controls; destroy that target, then banish this card until your next Standby Phase.",https://images.ygoprodeck.com/images/cards/84747429.jpg
48202661,Aitsu,"He seems to be very unreliable, but he might have incredible potential.",https://images.ygoprodeck.com/images/cards/48202661.jpg
35877582,"Aiwass, the Magistus Spell Spirit","1 ""Magistus"" monster + 1 Spellcaster monster
While this card is an Equip Card, the equipped monster gains 1000 ATK/DEF. During the Main Phase (Quick Effect): You can target 1 other face-up monster on the field; equip this card you control to it. If this card was equipped to an opponent's monster by this effect, take control of the equipped monster, also it cannot activate its effects. You can only use this effect of ""Aiwass, the Magistus Spell Spirit"" once per turn.",https://images.ygoprodeck.com/images/cards/35877582.jpg
63378869,Aiza the Dragoness of Deranged Devotion,"If this card is Special Summoned: You can place 1 Deranged Counter on 1 face-up monster your opponent controls, and it cannot be used as material for a Fusion, Synchro, Xyz, or Link Summon while it has that counter. At the start of the Damage Step, if this card battles an opponent's monster with a Deranged Counter: You can destroy that opponent's monster, and if you do, both players take damage equal to its original ATK, also destroy this card at the end of this Battle Phase. You can only use each effect of ""Aiza the Dragoness of Deranged Devotion"" once per turn.",https://images.ygoprodeck.com/images/cards/63378869.jpg
38035986,Akakieisu,A sorcerer who utters spells that render monsters unconscious.,https://images.ygoprodeck.com/images/cards/38035986.jpg
28776350,Akashic Magician,"2 monsters with the same Type, except Tokens
You can only Link Summon ""Akashic Magician(s)"" once per turn. If this card is Link Summoned: Return all monsters this card points to to the hand. Once per turn: You can declare 1 card name; excavate cards from the top of your Deck, equal to the total Link Rating of the Link Monsters co-linked to this card, then if you excavated any copies of the declared card, add them to your hand, also send the remaining cards to the GY.",https://images.ygoprodeck.com/images/cards/28776350.jpg
36904469,Akihiron,"This strange creature hides in the deep, dark corners of the seven seas.",https://images.ygoprodeck.com/images/cards/36904469.jpg
38837163,"Akz, the Pumer","This card cannot be Normal Summoned or Set. This card can only be Special Summoned by removing from play 2 Beast-Warrior-Type monsters in your Graveyard. Once per turn, you can discard 1 Beast-Warrior-Type monster to activate 1 of the following effects: ● Double this card's ATK until the End Phase. ● This card can attack your opponent directly this turn.",https://images.ygoprodeck.com/images/cards/38837163.jpg
25795273,Al-Lumi'raj,All monsters on the field lose ATK and DEF equal to their own Level/Rank x 300.,https://images.ygoprodeck.com/images/cards/25795273.jpg
3410461,Alba-Lenatus the Abyss Dragon,"1 ""Fallen of Albaz"" + 1+ Dragon monsters
Cannot be used as Fusion Material. Must be either Fusion Summoned, or Special Summoned by sending the above cards from any Monster Zones to the GY. This card can attack monsters a number of times each Battle Phase, up to the number of materials used for it. Once per turn, during the End Phase, if this card is in the GY because it was sent there this turn: You can add 1 ""Polymerization"" Normal Spell or ""Fusion"" Normal Spell from your Deck to your hand.",https://images.ygoprodeck.com/images/cards/3410461.jpg
37683547,Albaz the Ashen,"This card's name becomes ""Fallen of Albaz"" while on the field or in the GY. While a Level 8 Fusion Monster is in your GY, this card gains 200 ATK for each monster in your GY, also your opponent cannot target other monsters you control with card effects. If a monster(s) you control leaves the field by an opponent's card effect, while this card and a Fusion Monster are in your GY (except during the Damage Step): You can Special Summon this card. You can only use this effect of ""Albaz the Ashen"" once per turn.",https://images.ygoprodeck.com/images/cards/37683547.jpg
87746184,Albion the Branded Dragon,"""Fallen of Albaz"" + 1 LIGHT monster
If this card is Fusion Summoned: You can Fusion Summon 1 Level 8 or lower Fusion Monster from your Extra Deck, except ""Albion the Branded Dragon"", by banishing Fusion Materials mentioned on it from your hand, field, and/or GY. During the End Phase, if this card is in the GY because it was sent there this turn: You can add to your hand or Set 1 ""Branded"" Spell/Trap directly from your Deck. You can only use each effect of ""Albion the Branded Dragon"" once per turn.",https://images.ygoprodeck.com/images/cards/87746184.jpg
38811586,Albion the Sanctifire Dragon,"""Fallen of Albaz"" + 1 LIGHT Spellcaster monster
Cannot be used as Fusion Material. Your opponent cannot target this card with card effects. You can only use each of the following effects of ""Albion the Sanctifire Dragon"" once per turn. During your opponent's turn (Quick Effect): You can target 2 monsters in any GY(s); Special Summon both monsters, 1 to each field. If this card is in your GY: You can Tribute 4 monsters, the 2 in the Extra Monster Zones and the 2 in the central Main Monster Zones, and if you do, Special Summon this card.",https://images.ygoprodeck.com/images/cards/38811586.jpg
25451383,Albion the Shrouded Dragon,"This card's name becomes ""Fallen of Albaz"" while on the field or in the GY. If this card is in your hand or GY: You can send 1 ""Fallen of Albaz"" or 1 ""Branded"" Spell/Trap from your hand or Deck to the GY; apply the following effect based on where you sent it from.
● Hand: Special Summon this card.
● Deck: Place this card on the bottom of the Deck, then, if you placed this card from your hand, draw 1 card.
You can only use this effect of ""Albion the Shrouded Dragon"" once per turn.",https://images.ygoprodeck.com/images/cards/25451383.jpg
65301952,Alchemic Magician,"3 Level 4 Spellcaster-Type monsters
This card gains 200 ATK for each Spell Card in your Graveyard. Once per turn, during your End Phase: You can detach 1 Xyz Material from this card and send 1 card from your hand to the Graveyard; choose 1 Spell Card from your Deck, then Set it in your Spell & Trap Card Zone.",https://images.ygoprodeck.com/images/cards/65301952.jpg
78121572,Alchemist of Black Spells,"Once per turn, you can change this face-up Attack Position card you control to face-up Defense Position and place 1 Spell Counter on a face-up card you control that you can place a Spell Counter on.",https://images.ygoprodeck.com/images/cards/78121572.jpg
65384019,Alchemy Cycle,"The original ATK of all face-up monsters you control becomes 0, until the End Phase. Each time a monster that had its original ATK reduced to 0 by this effect is destroyed by battle and sent to the Graveyard, draw 1 card.",https://images.ygoprodeck.com/images/cards/65384019.jpg
17573739,"Alector, Sovereign of Birds","If your opponent controls 2 or more face-up monsters of the same Attribute, you can Special Summon this card (from your hand). Once per turn: You can target 1 face-up card on the field; that target's effects are negated during this turn. There can only be 1 face-up ""Alector, Sovereign of Birds"" on the field.",https://images.ygoprodeck.com/images/cards/17573739.jpg
98787535,"Aleirtt, the Ogdoadic Dark","If this card is in your GY: You can Tribute 1 monster; Special Summon this card, then your opponent can add 1 monster from their GY to their hand. If this card is Special Summoned: You can target 2 of your banished monsters, including a Reptile monster; return them to the GY. You can only use each effect of ""Aleirtt, the Ogdoadic Dark"" once per turn.",https://images.ygoprodeck.com/images/cards/98787535.jpg
86120752,Aleister the Invoker,"(Quick Effect): You can send this card from your hand to the GY, then target 1 Fusion Monster you control; it gains 1000 ATK/DEF until the end of this turn. If this card is Normal Summoned or flipped face-up: You can add 1 ""Invocation"" from your Deck to your hand.",https://images.ygoprodeck.com/images/cards/86120752.jpg
97973962,Aleister the Invoker of Madness,"2 monsters with different Types and different Attributes
This card's name becomes ""Aleister the Invoker"" while on the field or in the GY. If a monster is Fusion Summoned while you control this monster (except during the Damage Step): You can discard 1 card, and if you do, add 1 ""Invocation"" or ""The Book of the Law"" from your Deck to your hand. If this face-up card you control leaves the field because of an opponent's card effect: You can add 1 ""Omega Summon"" from your Deck to your hand.",https://images.ygoprodeck.com/images/cards/97973962.jpg
43096270,Alexandrite Dragon,"Many of the czars' lost jewels can be found in the scales of this priceless dragon. Its creator remains a mystery, along with how they acquired the imperial treasures. But whosoever finds this dragon has hit the jackpot... whether they know it or not.",https://images.ygoprodeck.com/images/cards/43096270.jpg
45154513,Alghoul Mazera,"If a Zombie monster(s) you control would be destroyed by battle or card effect, you can banish this card from your hand or GY instead. If this card is banished from the hand or GY: You can Special Summon this card in Defense Position, then you can reduce its Level by 1. You can only use each effect of ""Alghoul Mazera"" once per turn.",https://images.ygoprodeck.com/images/cards/45154513.jpg
14504454,"Alice, Lady of Lament","When this card is Normal Summoned: You can target 1 ""Lady of Lament"" monster in your GY; Special Summon it. You can only use each of the following effects of ""Alice, Lady of Lament"" once per turn. You can banish 1 Trap from your hand or GY; Special Summon this card from your hand. If this card is Tributed, or if this card in its owner's possession is destroyed by an opponent's card: You can add 1 Fiend monster whose combined ATK & DEF equal 2000 from your Deck to your hand, except ""Alice, Lady of Lament"".",https://images.ygoprodeck.com/images/cards/14504454.jpg
47728740,"Alich, Malebranche of the Burning Abyss","If you control a monster that is not a ""Burning Abyss"" monster, destroy this card. You can only use 1 of these effects of ""Alich, Malebranche of the Burning Abyss"" per turn, and only once that turn.
● If you control no Spell/Trap Cards: You can Special Summon this card from your hand.
● If this card is sent to the Graveyard: You can target 1 face-up monster on the field; negate its effects until the end of this turn.",https://images.ygoprodeck.com/images/cards/47728740.jpg
652362,Alien Ammonite,"When this card is Normal Summoned, you can Special Summon 1 Level 4 or lower ""Alien"" monster from your Graveyard. Destroy it during the End Phase.",https://images.ygoprodeck.com/images/cards/652362.jpg
17490535,Alien Brain,"When a Reptile-Type monster you control is destroyed by battle with an opponent's attacking monster and sent to the Graveyard: Take control of the opponent's monster, and if you do, it becomes Reptile-Type.",https://images.ygoprodeck.com/images/cards/17490535.jpg
15475415,Alien Dog,"When you Normal Summon an ""Alien"" monster, you can Special Summon this card from your hand. When you do, place 2 A-Counters on face-up monster(s) your opponent controls.",https://images.ygoprodeck.com/images/cards/15475415.jpg
62437709,Alien Grey,"FLIP: Place 1 A-Counter on 1 face-up monster on your opponent's side of the field. (If a monster with an A-Counter battles an ""Alien"" monster, it loses 300 ATK and DEF for each A-Counter during damage calculation only.) After this card has been flipped face-up, when it is destroyed by battle and sent to the Graveyard, draw 1 card.",https://images.ygoprodeck.com/images/cards/62437709.jpg
62315111,Alien Hunter,"If this card destroys a monster with an A-Counter by battle, it can attack once again in a row.",https://images.ygoprodeck.com/images/cards/62315111.jpg
38468214,Alien Hypno,"This card is treated as a Normal Monster while face-up on the field or in the Graveyard. While this card is face-up on the field, you can Normal Summon it to have it be treated as an Effect Monster with this effect:
● During your Main Phase, you can select 1 monster your opponent controls with an A-Counter(s), and take control of it while this card is on the field. During each of your End Phases, remove 1 A-Counter from each controlled monster. If all A-Counters are removed from one of these monsters, destroy it.",https://images.ygoprodeck.com/images/cards/38468214.jpg
76573247,Alien Infiltrator,"Once per turn, this card can move to an adjacent (horizontal) unoccupied Monster Card Zone. If no Spell, Trap or Monster Card on your opponent's side of the field is in the same column as this card, it can attack your opponent directly.",https://images.ygoprodeck.com/images/cards/76573247.jpg
64160836,Alien Kid,"Place 1 A-Counter on all monsters Special Summoned to your opponent's side of the field. (If a monster with an A-Counter battles an ""Alien"" monster, it loses 300 ATK and DEF for each A-Counter during damage calculation only.)",https://images.ygoprodeck.com/images/cards/64160836.jpg
99532708,Alien Mars,"The effects of Effect Monsters with A-Counters are negated, except for ""Alien Mars"".",https://images.ygoprodeck.com/images/cards/99532708.jpg
24104865,Alien Mother,"If this card destroys a monster with an A-Counter by battle and sends it to the Graveyard, Special Summon the destroyed monster to your side of the field at the end of the Battle Phase. When this card is removed from the field, all monsters that were Special Summoned by this card's effect are destroyed.",https://images.ygoprodeck.com/images/cards/24104865.jpg
63253763,Alien Overlord,"You can remove 2 A-Counters from anywhere on the field to Special Summon this card from your hand. Once per turn, you can place 1 A-Counter on each face-up monster your opponent controls. (If a monster with an A-Counter battles an ""Alien"" monster, it loses 300 ATK and DEF for each A-Counter during damage calculation only.) You can only control 1 ""Alien Overlord"".",https://images.ygoprodeck.com/images/cards/63253763.jpg
58012107,Alien Psychic,This card is changed to Defense Position when it is Normal Summoned or Flip Summoned. Monsters with A-Counters cannot declare an attack.,https://images.ygoprodeck.com/images/cards/58012107.jpg
97127906,Alien Shocktrooper,"The Aliens have used a mysterious biological substance to create a supreme race of soldiers. They do not have the natural powers of the other Aliens, but can make stunning physical attacks.",https://images.ygoprodeck.com/images/cards/97127906.jpg
74974229,Alien Shocktrooper M-Frame,"2 Reptile monsters
(Quick Effect): You can discard 1 monster; place A-Counters equal to its original Level on face-up monster(s) on the field, distributed as you wish. If this card is destroyed by battle or card effect and sent to the GY: You can Special Summon non-Link Reptile monsters with different names from your GY, up to the number of monsters your opponent controls with A-Counters. You can only use each effect of ""Alien Shocktrooper M-Frame"" once per turn.",https://images.ygoprodeck.com/images/cards/74974229.jpg
25920413,Alien Skull,"You can Tribute 1 face-up Level 3 or lower monster on your opponent's side of the field to Special Summon this card to your opponent's side of the field. If you Special Summon this monster this way, place 1 A-Counter on this card, and you cannot Normal Summon or Set the same turn. (If a monster with an A-Counter battles an ""Alien"" monster, it loses 300 ATK and DEF for each A-Counter during damage calculation only.)",https://images.ygoprodeck.com/images/cards/25920413.jpg
58066722,Alien Stealthbuster,"If this card is sent to the GY: You can target 1 face-up monster on the field; place 2 A-Counters on it. During your Main Phase, except the turn this card was sent to the GY: You can banish this card from your GY, then target 1 card with an A-Counter; destroy it. You can only use each effect of ""Alien Stealthbuster"" once per turn.",https://images.ygoprodeck.com/images/cards/58066722.jpg
91070115,Alien Telepath,"Once per turn, you can remove 1 A-Counter from an opponent's monster to destroy 1 Spell or Trap Card. (If a monster with an A-Counter battles an ""Alien"" monster, it loses 300 ATK and DEF for each A-Counter during damage calculation only.)",https://images.ygoprodeck.com/images/cards/91070115.jpg
98719226,Alien Warrior,"When this card is destroyed by battle and sent to the Graveyard, place 2 A-Counters on the monster that destroyed it. (If a monster with an A-Counter battles an ""Alien"" monster, it loses 300 ATK and DEF for each A-Counter during damage calculation only.)",https://images.ygoprodeck.com/images/cards/98719226.jpg
70924884,Alinsection,A stag beetle with a saw-like head and arms.,https://images.ygoprodeck.com/images/cards/70924884.jpg
70335319,All-Eyes Phantom Dragon,"[ Pendulum Effect ] 
Once per turn, at the end of the Damage Step, if your Dragon Pendulum Monster attacked an opponent's monster: You can activate this effect; it can attack again in a row. You cannot declare attacks the turn you activate this effect, except with that monster.
[ Monster Effect ] 
Cannot be Normal Summoned/Set. Must be Special Summoned (from your hand or face-up Extra Deck) by Tributing all monsters you control (min. 2), including a Dragon Pendulum Monster. You can only Special Summon ""All-Eyes Phantom Dragon"" once per turn this way. Once per turn, during damage calculation, if this card battles an opponent's monster: Double this card's current ATK until the end of this turn. Once per turn, when your opponent activates a Spell/Trap Card or effect (Quick Effect): You can send 1 Spell/Trap you control to the GY; negate the activation.",https://images.ygoprodeck.com/images/cards/70335319.jpg
30834988,All-Out Attacks,"If a monster(s) is Special Summoned while this card is face-up on the field: Change that monster to face-up Attack Position, and must attack, if able, during the turn they are Special Summoned.",https://images.ygoprodeck.com/images/cards/30834988.jpg
64428736,Alligator's Sword,"ey, dis mighty lissard man can swing his sword so fast, dat it's more dan da speed a sound!",https://images.ygoprodeck.com/images/cards/64428736.jpg
3366982,Alligator's Sword Dragon,"""Baby Dragon"" + ""Alligator's Sword""
This card can attack your opponent directly if the only face-up monsters they control are EARTH, WATER, or FIRE.",https://images.ygoprodeck.com/images/cards/3366982.jpg
68316358,Allure Dance,"When this card is activated: You can add 1 ""Allure Queen"" monster or 1 ""Allure Palace"" from your Deck to your hand. Each ""Allure Queen"" monster you control gains ATK equal to the ATK of the monsters equipped to it by its own effect. You can send 1 other Spell/Trap you control to the GY; Special Summon as many ""Allure Queen"" monsters with different names as possible from your GY. You can only use this effect of ""Allure Dance"" once per turn. You can only activate 1 ""Allure Dance"" per turn.",https://images.ygoprodeck.com/images/cards/68316358.jpg
31322640,Allure Palace,"Spellcaster monsters you control gain 500 ATK/DEF. You can send 1 card from your hand to the GY; take 1 ""Allure Queen"" monster from your Deck, and either add it to your hand or Special Summon it to your opponent's field. You can only use this effect of ""Allure Palace"" up to thrice per turn. ""Allure Queen"" Effect Monsters you control gain this effect.
● You can send this card equipped with a card(s) by its own effect to the GY; Special Summon 1 Spellcaster monster with 1500 or less ATK from your hand or Deck.",https://images.ygoprodeck.com/images/cards/31322640.jpg
87257460,Allure Queen LV3,"Once per turn, during your Main Phase, you can select 1 Level 3 or lower monster on your opponent's side of the field and equip it to this card. (Only 1 card at a time can be equipped due to this effect.) If this card would be destroyed by battle, the equipped monster is destroyed instead. During your Standby Phase, by sending this card to the Graveyard while it's equipped due to its effect, Special Summon 1 ""Allure Queen LV5"" from your hand or Deck.",https://images.ygoprodeck.com/images/cards/87257460.jpg
23756165,Allure Queen LV5,"Once per turn, during your Main Phase, if this card was Special Summoned by the effect of ""Allure Queen LV3"", you can select 1 Level 5 or lower monster on your opponent's side of the field and equip it to this card. (Only 1 card at a time can be equipped due to this effect.) If this card would be destroyed by battle, the equipped monster is destroyed instead. During your Standby Phase, by sending this card to the Graveyard while it's equipped due to its effect, Special Summon 1 ""Allure Queen LV7"" from your hand or Deck.",https://images.ygoprodeck.com/images/cards/23756165.jpg
50140163,Allure Queen LV7,"Once per turn, during your Main Phase, if this card was Special Summoned by the effect of ""Allure Queen LV5"", you can select 1 monster on your opponent's side of the field and equip it to this card. (Only 1 card at a time can be equipped due to this effect.) If this card would be destroyed by battle, the equipped monster is destroyed instead.",https://images.ygoprodeck.com/images/cards/50140163.jpg
1475311,Allure of Darkness,"Draw 2 cards, then banish 1 DARK monster from your hand, or, if you do not have any in your hand, send your entire hand to the GY.",https://images.ygoprodeck.com/images/cards/1475311.jpg
92881099,Alluring Mirror Split,"When a ""Harpie Lady"" or ""Harpie Lady Sisters"" you control is destroyed by battle: You can Special Summon 1 ""Harpie"" monster from your Deck with a different original name than the destroyed monster. If this card you control is destroyed by a ""Harpie"" card's effect or your opponent's card effect: Target 1 ""Harpie"" monster in your GY; Special Summon it. You can only use each effect of ""Alluring Mirror Split"" once per turn.",https://images.ygoprodeck.com/images/cards/92881099.jpg
3544583,Allvain the Essence of Vanity,2 Normal Monsters,https://images.ygoprodeck.com/images/cards/3544583.jpg
40155554,Ally Mind,"A high-performance unit developed to enhance the Artificial Intelligence program of the Allies of Justice. Loaded with elements collected from a meteor found in the Worm Nebula, it allows for highly tuned processing. But its full capacity is not yet determined.",https://images.ygoprodeck.com/images/cards/40155554.jpg
59482302,Ally Salvo,"When this card is destroyed by battle with a LIGHT monster and sent to the Graveyard, select 2 cards on the field and destroy them.",https://images.ygoprodeck.com/images/cards/59482302.jpg
26593852,Ally of Justice Catastor,"1 Tuner + 1+ non-Tuner monsters
At the start of the Damage Step, if this card battles a face-up non-DARK monster: Destroy that monster.",https://images.ygoprodeck.com/images/cards/26593852.jpg
89386122,Ally of Justice Clausolas,"A mighty monster in Mist Valley, and the ultimate weapon designed from Claiomh Solais. Its surprise attacks from above baffle invaders.",https://images.ygoprodeck.com/images/cards/89386122.jpg
36629203,Ally of Justice Core Destroyer,"At the start of the Damage Step, if this card battles a LIGHT monster: Destroy that monster.",https://images.ygoprodeck.com/images/cards/36629203.jpg
8822710,Ally of Justice Cosmic Gateway,"If your opponent controls 2 or more monsters, including a LIGHT monster, you can Special Summon this card from your hand.",https://images.ygoprodeck.com/images/cards/8822710.jpg
8233522,Ally of Justice Cycle Reader,"During either player's turn: You can discard this card to the Graveyard, then target up to 2 LIGHT monsters in your opponent's Graveyard; banish those targets.",https://images.ygoprodeck.com/images/cards/8233522.jpg
45586855,Ally of Justice Cyclone Creator,"Once per turn, you can discard 1 card from your hand to return Spell/Trap Cards from the field to the hand equal to the number of face-up Tuner monsters on the field.",https://images.ygoprodeck.com/images/cards/45586855.jpg
9888196,Ally of Justice Decisive Armor,"1 Tuner + 2 or more non-Tuner monsters 
 Once per turn, if your opponent controls a face-up LIGHT monster(s), you can activate 1 of these effects:
● Select 1 Set card your opponent controls, and destroy it.
● Send 1 card from your hand to the Graveyard to destroy all Spell/Trap Cards your opponent controls.
● Send all cards in your hand to the Graveyard to look at your opponent's hand and send all LIGHT monsters in their hand to the Graveyard. Then, inflict damage to your opponent equal to the total ATK of the opponent's monsters sent to the Graveyard.",https://images.ygoprodeck.com/images/cards/9888196.jpg
45033006,Ally of Justice Enemy Catcher,"When this card is Normal Summoned, you can take control of 1 face-down Defense Position monster your opponent controls, until the End Phase of this turn.",https://images.ygoprodeck.com/images/cards/45033006.jpg
69461394,Ally of Justice Field Marshal,"1 Tuner + 2 or more non-Tuner monsters
This card cannot be Special Summoned except by Synchro Summon. When this card attacks a face-down Defense Position monster, destroys it by battle, and sends it to the Graveyard, draw 1 card.",https://images.ygoprodeck.com/images/cards/69461394.jpg
25771826,Ally of Justice Garadholg,"If this card battles a LIGHT monster, it gains 200 ATK during the Damage Step only.",https://images.ygoprodeck.com/images/cards/25771826.jpg
19204398,Ally of Justice Light Gazer,"1 Tuner + 1 or more non-Tuner monsters
This card gains 200 ATK for each LIGHT monster in your opponent's Graveyard.",https://images.ygoprodeck.com/images/cards/19204398.jpg
76650663,Ally of Justice Nullfier,Any LIGHT monster that has battled this card has its effects negated (starting after damage calculation).,https://images.ygoprodeck.com/images/cards/76650663.jpg
45450218,Ally of Justice Omni-Weapon,"When this card destroys a LIGHT monster by battle and sends it to the Graveyard, draw 1 card. If that card is a Level 4 or lower DARK monster, you can reveal that card to Special Summon it.",https://images.ygoprodeck.com/images/cards/45450218.jpg
72845813,Ally of Justice Quarantine,Neither player can Special Summon LIGHT monsters.,https://images.ygoprodeck.com/images/cards/72845813.jpg
55982698,Ally of Justice Reverse Break,"If a face-up LIGHT monster is on the field, destroy this card. If this card attacks a face-down Defense Position monster, destroy that monster immediately with this card's effect without flipping it face-up or applying damage calculation.",https://images.ygoprodeck.com/images/cards/55982698.jpg
52265835,Ally of Justice Rudra,"If this card battles a LIGHT monster, it gains 700 ATK during the Damage Step only.",https://images.ygoprodeck.com/images/cards/52265835.jpg
3648368,Ally of Justice Searcher,"Once per turn, you can discard 1 card to select 1 face-down Defense Position monster your opponent controls and change it to face-up Attack Position. Flip Effects are not activated at this time.",https://images.ygoprodeck.com/images/cards/3648368.jpg
85876417,Ally of Justice Thousand Arms,"This card can attack all face-up LIGHT monsters your opponent controls once each. If this card battles a non-LIGHT monster, destroy this card before damage calculation.",https://images.ygoprodeck.com/images/cards/85876417.jpg
71438011,Ally of Justice Thunder Armor,"This card cannot be Special Summoned. During the battle between an attacking ""Ally of Justice"" monster you control and a Defense Position monster whose DEF is lower than the ATK of the attacking monster, inflict the difference as Battle Damage to your opponent.",https://images.ygoprodeck.com/images/cards/71438011.jpg
22371016,Ally of Justice Unknown Crusher,"When this card battles a LIGHT monster, remove that monster from play after damage calculation.",https://images.ygoprodeck.com/images/cards/22371016.jpg
82377606,Ally of Justice Unlimiter,"You can Tribute this card to select 1 face-up ""Ally of Justice"" monster you control. Double its original ATK until the End Phase.",https://images.ygoprodeck.com/images/cards/82377606.jpg
92998610,Aloof Lupine,"When this card is Normal Summoned: You can banish 1 monster from your hand; banish 1 monster from your Deck with the same Type as that monster. If this card is destroyed by battle, or if this card in its owner's possession is destroyed by an opponent's card effect: You can target 1 of your banished monsters; add it to your hand. You can only use each effect of ""Aloof Lupine"" once per turn.",https://images.ygoprodeck.com/images/cards/92998610.jpg
77797992,"Alpacaribou, Mystical Beast of the Forest","● While in Attack Position: Attack Position Winged Beast, Insect, and Plant-Type monsters you control cannot be destroyed by battle.
● While in Defense Position: Defense Position Winged Beast, Insect, and Plant-Type monsters you control cannot be targeted by, or be destroyed by, card effects.",https://images.ygoprodeck.com/images/cards/77797992.jpg
73355951,Alpha Summon,"Target 1 of your banished monsters and 1 of your opponent's banished monsters; Special Summon your monster to your opponent's field, and if you do, Special Summon that opponent's monster to your field. You can only activate 1 ""Alpha Summon"" per turn.",https://images.ygoprodeck.com/images/cards/73355951.jpg
42023223,Alpha The Electromagnet Warrior,"If this card is Normal or Special Summoned: You can add 1 Level 8 ""Magna Warrior"" monster from your Deck to your hand. You can only use this effect of ""Alpha The Electromagnet Warrior"" once per turn. During your opponent's turn: You can Tribute this card; Special Summon 1 Level 4 ""Magnet Warrior"" monster from your Deck (this is a Quick Effect).",https://images.ygoprodeck.com/images/cards/42023223.jpg
99785935,Alpha The Magnet Warrior,"''Alpha, Beta, and Gamma meld as one to form a powerful monster.''",https://images.ygoprodeck.com/images/cards/99785935.jpg
73304257,"Alpha, the Master of Beasts","Cannot be Normal Summoned/Set. Must first be Special Summoned (from your hand) while the total ATK of all monsters your opponent controls is more than that of all monsters you control. You can target any number of Beast, Beast-Warrior, and/or Winged Beast monsters you control; return them to the hand, then, return face-up monsters your opponent controls to the hand, equal to the number of cards you returned to the hand, also for the rest of this turn, ""Alpha, the Master of Beasts"" you control cannot attack directly. You can only use this effect of ""Alpha, the Master of Beasts"" once per turn.",https://images.ygoprodeck.com/images/cards/73304257.jpg
10406322,"Alsei, the Sylvan High Protector","2 Level 8 monsters
Once per turn: You can declare 1 card name; excavate the top card of your Deck, and if it is the declared card, add it to your hand. Otherwise, send it to the Graveyard. If a card is sent from your Deck to the Graveyard by a card effect (except during the Damage Step): You can detach 1 Xyz Material from this card, then target 1 card on the field; place that target on either the top or bottom of the Deck. You can only use this effect of ""Alsei, the Sylvan High Protector"" once per turn.",https://images.ygoprodeck.com/images/cards/10406322.jpg
21070956,Altar for Tribute,Select 1 monster on your side of the field and send it to the Graveyard. Increase your Life Points by an amount equal to the original ATK of the monster.,https://images.ygoprodeck.com/images/cards/21070956.jpg
61470213,Altergeist Adminia,"2+ ""Altergeist"" monsters
If this card is Link Summoned: You can Set 1 ""Altergeist"" Trap directly from your Deck. Once while this card is face-up on the field, during the Main Phase (Quick Effect): You can send 1 card you control to the GY, then target 1 Effect Monster your opponent controls; take control of that target, and if you do, it is also treated as an ""Altergeist"" monster. You can only use each effect of ""Altergeist Adminia"" once per turn.",https://images.ygoprodeck.com/images/cards/61470213.jpg
80143954,Altergeist Camouflage,"Target 1 ""Altergeist"" monster you control; equip this card to it. Your opponent cannot target it for attacks, but it does not prevent your opponent from attacking you directly. Negate an opponent's monster effect that activates by targeting the equipped monster. If an ""Altergeist"" card(s) you control would be destroyed by battle or card effect, you can banish this card from your GY instead.",https://images.ygoprodeck.com/images/cards/80143954.jpg
21187631,Altergeist Dragvirion,"1 Tuner + 1+ non-Tuner monsters
When an opponent's Special Summoned monster declares an attack: You can return 1 ""Altergeist"" monster you control to the hand; negate that attack. If this card is Tributed and sent to the GY: You can Special Summon this card. You can only use each effect of ""Altergeist Dragvirion"" once per turn.",https://images.ygoprodeck.com/images/cards/21187631.jpg
86885905,Altergeist Emulatelf,"Special Summon this card as an Effect Monster (Spellcaster/LIGHT/Level 4/ATK 1400/DEF 1800). (This card is also still a Trap.) If Summoned this way, while it is in the Monster Zone, other ""Altergeist"" Traps you control cannot be destroyed by card effects, also neither player can target them with card effects.",https://images.ygoprodeck.com/images/cards/86885905.jpg
98753320,Altergeist Failover,"If another card(s) you control is destroyed by an opponent's card effect (except during the Damage Step): You can Special Summon 1 ""Altergeist"" monster from your hand. You can banish this card from your GY, then target 1 ""Altergeist"" monster in your GY; add it to your hand. You can only use each effect of ""Altergeist Failover"" once per turn.",https://images.ygoprodeck.com/images/cards/98753320.jpg
12977245,Altergeist Fifinellag,"Monsters your opponent controls cannot target ""Altergeist"" monsters you control for attacks, except ""Altergeist Fifinellag"", also your opponent cannot target ""Altergeist"" monsters you control with card effects, except ""Altergeist Fifinellag"".",https://images.ygoprodeck.com/images/cards/12977245.jpg
85673903,Altergeist Fijialert,"When an ""Altergeist"" Link Monster is Link Summoned to your field (except during the Damage Step): You can target 1 other Link Monster on the field; Special Summon this card from your hand to your zone that target points to, also, for the rest of this turn, that monster is also treated as an ""Altergeist"" monster. You can only use this effect of ""Altergeist Fijialert"" once per turn.",https://images.ygoprodeck.com/images/cards/85673903.jpg
2547033,Altergeist Haunted Rock,"If this card was Set by the effect of an ""Altergeist"" card, you can activate it the turn it was Set. When this card is activated: Send 1 ""Altergeist"" monster from your hand to the GY. When your opponent activates a Trap Card (except during the Damage Step): You can send 1 ""Altergeist"" monster from your hand to the GY; negate that effect, and if you do, destroy that card. You can only use each effect of ""Altergeist Haunted Rock"" once per turn.",https://images.ygoprodeck.com/images/cards/2547033.jpg
1508649,Altergeist Hexstia,"2 ""Altergeist"" monsters
Gains ATK equal to the original ATK of each ""Altergeist"" monster it points to. When a Spell/Trap Card or effect is activated (Quick Effect): You can Tribute 1 ""Altergeist"" monster this card points to; negate the activation, and if you do, destroy that card. If this card is sent from the field to the GY: You can add 1 ""Altergeist"" card from your Deck to your hand. You can only use this effect of ""Altergeist Hexstia"" once per turn.",https://images.ygoprodeck.com/images/cards/1508649.jpg
76685519,Altergeist Kidolga,"2 ""Altergeist"" monsters
When another ""Altergeist"" monster you control inflicts battle damage to your opponent: You can target 1 monster in their GY; Special Summon it to your zone this card points to, but each turn, it cannot attack unless this card has already declared an attack that turn. If this card is destroyed by battle: You can target 1 ""Altergeist"" card in your GY; add it to your hand.",https://images.ygoprodeck.com/images/cards/76685519.jpg
52927340,Altergeist Kunquery,"When an opponent's monster declares an attack, if you control an ""Altergeist"" card: You can Special Summon this card from your hand, and if you do, negate that attack. If this card is Special Summoned: You can target 1 face-up card your opponent controls; negate the effects of that card while it and this monster are face-up on the field.",https://images.ygoprodeck.com/images/cards/52927340.jpg
27132400,Altergeist Malwisp,"If this card is added to your hand, except by drawing it: You can Special Summon it. If this card is Normal or Special Summoned: You can target 1 ""Altergeist"" monster in your GY, except ""Altergeist Malwisp""; Special Summon it in Defense Position, but for the rest of this turn, it cannot activate its effects. You can only use each effect of ""Altergeist Malwisp"" once per turn.",https://images.ygoprodeck.com/images/cards/27132400.jpg
35146019,Altergeist Manifestation,"Target 1 ""Altergeist"" monster in your GY; Special Summon it in Attack Position, and if you do, equip it with this card. When this card leaves the field, destroy that monster. You can banish this card from your GY, then target 1 ""Altergeist"" Trap in your GY; add it to your hand. You can only use this effect of ""Altergeist Manifestation"" once per turn.",https://images.ygoprodeck.com/images/cards/35146019.jpg
53143898,Altergeist Marionetter,"When this card is Normal Summoned: You can Set 1 ""Altergeist"" Trap directly from your Deck to your Spell & Trap Zone. You can target 1 ""Altergeist"" card you control and 1 ""Altergeist"" monster in your GY; send that card on the field to the GY, and if you do, Special Summon that other monster from your GY. You can only use this effect of ""Altergeist Marionetter"" once per turn.",https://images.ygoprodeck.com/images/cards/53143898.jpg
25533642,Altergeist Meluseek,"This card can attack directly. When this card inflicts battle damage to your opponent: You can target 1 card your opponent controls; send it to the GY. If this card is sent from the field to the GY: You can add 1 ""Altergeist"" monster from your Deck to your hand, except ""Altergeist Meluseek"". You can only use this effect of ""Altergeist Meluseek"" once per turn.",https://images.ygoprodeck.com/images/cards/25533642.jpg
23790299,Altergeist Memorygant,"2+ ""Altergeist"" monsters
During the Battle Phase (Quick Effect): You can Tribute 1 other monster; this card gains ATK equal to that Tributed monster's ATK on the field. When this card destroys a monster by battle: You can destroy 1 monster your opponent controls, and if you do, this card can make a second attack in a row. If this card would be destroyed, you can banish 1 monster from your GY instead. You can only use each effect of ""Altergeist Memorygant"" once per turn.",https://images.ygoprodeck.com/images/cards/23790299.jpg
42790071,Altergeist Multifaker,"If you activate a Trap Card (except during the Damage Step): You can Special Summon this card from your hand. If this card is Special Summoned: You can Special Summon 1 ""Altergeist"" monster from your Deck in Defense Position, except ""Altergeist Multifaker"". You cannot Special Summon monsters the turn you activate this effect, except ""Altergeist"" monsters. You can only use each effect of ""Altergeist Multifaker"" once per turn.",https://images.ygoprodeck.com/images/cards/42790071.jpg
54126514,Altergeist Peritrator,"This card can attack directly. You can only use each of the following effects of ""Altergeist Peritrator"" once per turn. When this card inflicts battle damage to your opponent: You can draw 1 card. If this card is sent from the field to the GY: You can send 1 ""Altergeist"" card from your hand, Deck, or face-up field to the GY, except ""Altergeist Peritrator"".",https://images.ygoprodeck.com/images/cards/54126514.jpg
57769391,Altergeist Pixiel,"You can Tribute this card; excavate the top 3 cards of your Deck, add 1 excavated ""Altergeist"" card to your hand, also send the rest to the GY. You can only use this effect of ""Altergeist Pixiel"" once per turn.",https://images.ygoprodeck.com/images/cards/57769391.jpg
59185998,Altergeist Pookuery,"If an ""Altergeist"" monster you control would be used as Link Material for an ""Altergeist"" monster, this card in your hand can also be used as material. You can only use this effect of ""Altergeist Pookuery"" once per turn. If an ""Altergeist"" Link Monster is Link Summoned to your field, while this card is in your GY (except during the Damage Step): You can add this card to your hand. You can only use this effect of ""Altergeist Pookuery"" once per Duel.",https://images.ygoprodeck.com/images/cards/59185998.jpg
93503294,Altergeist Primebanshee,"2+ ""Altergeist"" monsters
During the Main Phase (Quick Effect): You can Tribute 1 other ""Altergeist"" monster; Special Summon 1 ""Altergeist"" monster from your Deck to your zone this card points to. If this card is sent from the field to the GY: You can target 1 ""Altergeist"" card in your GY; add it to your hand. You can only use each effect of ""Altergeist Primebanshee"" once per turn.",https://images.ygoprodeck.com/images/cards/93503294.jpg
27541563,Altergeist Protocol,"The activation and effects of ""Altergeist"" cards activated on your field cannot be negated. When your opponent activates a monster effect: You can send 1 other face-up ""Altergeist"" card you control to the GY; negate the activation, and if you do, destroy it. You can only use this effect of ""Altergeist Protocol"" once per turn.",https://images.ygoprodeck.com/images/cards/27541563.jpg
22024279,Altergeist Revitalization,"Target 1 ""Altergeist"" Link Monster in your GY; Special Summon it. You can banish this card from your GY; immediately after this effect resolves, Normal Summon 1 ""Altergeist"" monster. You can only use 1 ""Altergeist Revitalization"" effect per turn, and only once that turn.",https://images.ygoprodeck.com/images/cards/22024279.jpg
89538537,Altergeist Silquitous,"(Quick Effect): You can return 1 other ""Altergeist"" card you control to the hand, then target 1 card your opponent controls; return it to the hand. If this card is sent from the field to the GY: You can target 1 ""Altergeist"" Trap in your GY; add that card to your hand. You can only use each effect of ""Altergeist Silquitous"" once per turn.",https://images.ygoprodeck.com/images/cards/89538537.jpg
27632240,Altitude Knight,"Once per turn, if another monster on the field returns to the hand or Main Deck: Send 1 WIND monster from your Deck to the Graveyard.",https://images.ygoprodeck.com/images/cards/27632240.jpg
62962630,Aluber the Jester of Despia,"If this card is Normal or Special Summoned: You can add 1 ""Branded"" Spell/Trap from your Deck to your hand. If a face-up Fusion Monster you control is destroyed by battle, or leaves the field because of an opponent's card effect, while this card is in your GY: You can target 1 Effect Monster your opponent controls; Special Summon this card, and if you do, negate the targeted monster's effects until the end of this turn. You can only use 1 ""Aluber the Jester of Despia"" effect per turn, and only once that turn.",https://images.ygoprodeck.com/images/cards/62962630.jpg
27024795,Alviss of the Nordic Alfar,"If only this card is banished by the effect of a ""Nordic"" Link Monster: You can send to the GY, 1 ""Nordic"" monster you control and 2 ""Nordic"" monsters from your Deck, whose total Levels equal 10, then Special Summon 1 ""Aesir"" monster from your Extra Deck. If an ""Aesir"" monster(s) in your possession is sent to your GY by your opponent's card: You can banish this card from your GY; Special Summon 1 ""Aesir"" monster from your Extra Deck, with a different name from the cards in your GY. You can only use this effect of ""Alviss of the Nordic Alfar"" once per Duel.",https://images.ygoprodeck.com/images/cards/27024795.jpg
2139640,Amabie,At the start of your Main Phase 1: You can reveal this card in your hand; each player gains 300 LP.,https://images.ygoprodeck.com/images/cards/2139640.jpg
32181268,Amano-Iwato,"Cannot be Special Summoned. Monsters cannot activate their effects, except Spirit monsters. Once per turn, during the End Phase, if this card was Normal Summoned or flipped face-up this turn: Return this card to the hand.",https://images.ygoprodeck.com/images/cards/32181268.jpg
43739056,Amanokujaki,"You cannot activate the effects of other Special Summoned monsters with the same Attribute as this card. Once per turn, during the Main Phase of this card's owner (Quick Effect): You can give control of this card to your opponent, then you (the activating player) can make this card become any Attribute until the end of the next turn.",https://images.ygoprodeck.com/images/cards/43739056.jpg
18988391,Amarylease,"During your Main Phase: You can banish this card from your Graveyard; you can Normal Summon 1 monster this turn for 1 less Tribute. You can only use the effect of ""Amarylease"" once per turn.",https://images.ygoprodeck.com/images/cards/18988391.jpg
20073910,Amaterasu,"Cannot be Normal or Special Summoned. During either player's turn, when your opponent activates a card or effect that targets this face-down monster: You can change this card to face-up Defense Position; draw 1 card. If this card is flipped face-up: Banish all other cards on the field. Once per turn, during the End Phase, if this card was flipped face-up this turn: Return it to the hand.",https://images.ygoprodeck.com/images/cards/20073910.jpg
662855,Amatsu-Okami of the Divine Peaks,"3+ Dragon Effect Monsters
Must be Link Summoned. If this Extra Linked card attacks your opponent directly and reduces their LP to 0, you win the Match.",https://images.ygoprodeck.com/images/cards/662855.jpg
66984907,Amaze Attraction Cyclo-Coaster,"Target 1 ""Amazement"" monster you control or 1 face-up monster your opponent controls; equip this card to it. You can activate the following effect, based on which player controls the equipped monster;
● You: Target 1 Spell/Trap your opponent controls; send both it and this card to the GY.
● Your opponent: Add 1 ""Amazement"" monster from your Deck to your hand, and if you do, send this card to the GY.
You can only use this effect of ""Amaze Attraction Cyclo-Coaster"" once per turn.",https://images.ygoprodeck.com/images/cards/66984907.jpg
92650018,Amaze Attraction Horror House,"Target 1 ""Amazement"" monster you control or 1 face-up monster your opponent controls; equip this card to it. You can activate the following effect, based on which player controls the equipped monster;
● You: Target 1 Effect Monster your opponent controls; negate its effects until the end of this turn.
● Your opponent: Change the equipped monster to face-down Defense Position.
You can only use this effect of ""Amaze Attraction Horror House"" once per turn.",https://images.ygoprodeck.com/images/cards/92650018.jpg
29867611,Amaze Attraction Majestic Merry-Go-Round,"Target 1 ""Amazement"" monster you control or 1 face-up monster your opponent controls; equip this card to it. You can apply the following effect, based on which player controls the equipped monster;
● You: The equipped monster gains 500 ATK. If it would be destroyed by battle or card effect, you can send this card to the GY instead.
● Your opponent: The equipped monster loses 500 ATK for each of your ""Attraction"" Traps equipped to a monster(s).",https://images.ygoprodeck.com/images/cards/29867611.jpg
55262310,Amaze Attraction Rapid Racing,"Target 1 ""Amazement"" monster you control or 1 face-up monster your opponent controls; equip this card to it. You can activate the following effect, based on which player controls the equipped monster;
● You: Target 1 card in your opponent's GY; change the equipped monster's battle position, and if you do, shuffle that target into the Deck.
● Your opponent: Increase the equipped monster's Level by 1 (until the end of this turn), and if you do, change its battle position.
You can only use this effect of ""Amaze Attraction Rapid Racing"" once per turn.",https://images.ygoprodeck.com/images/cards/55262310.jpg
36591747,Amaze Attraction Thrill Train,"Target 1 ""Amazement"" monster you control or 1 face-up monster your opponent controls; equip this card to it. You can activate the following effect, based on which player controls the equipped monster;
● You: Change the equipped monster's battle position, then, your opponent chooses 1 ""Attraction"" Trap in your GY, and you Set it to your field.
● Your opponent: Banish the equipped monster until the End Phase.
You can only use this effect of ""Amaze Attraction Thrill Train"" once per turn.",https://images.ygoprodeck.com/images/cards/36591747.jpg
97182396,Amaze Attraction Viking Vortex,"Target 1 ""Amazement"" monster you control or 1 face-up monster your opponent controls; equip this card to it. You can activate the following effect, based on which player controls the equipped monster;
● You: Once per turn, when an opponent's monster declares an attack: Negate the attack, and if you do, change control of the equipped monster until the end of the Battle Phase.
● Your opponent: When the equipped monster activates its effect: Return it to the hand.",https://images.ygoprodeck.com/images/cards/97182396.jpg
93473606,Amaze Attraction Wonder Wheel,"Target 1 ""Amazement"" monster you control or 1 face-up monster your opponent controls; equip this card to it. You can activate the following effect, based on which player controls the equipped monster;
● You: During the Main Phase: Place 1 card from your hand on the bottom of the Deck, then draw 1 card.
● Your opponent: Switch the equipped monster's current ATK and DEF until the end of this turn.
You can only use this effect of ""Amaze Attraction Wonder Wheel"" once per turn.",https://images.ygoprodeck.com/images/cards/93473606.jpg
31600845,Amazement Abomination Arlekino,"If you control an ""Amazement"" monster: You can Special Summon this card from your hand, then you can add 1 ""Amazement Family Faces"" from your Deck or GY to your hand. During your opponent's turn (Quick Effect): You can target 1 other Effect Monster on the field with more than 0 ATK; shuffle this card into the Deck, and if you do, Special Summon 1 ""Amazement Administrator Arlekino"" from your Deck, then change the ATK of the targeted monster to 0. You can only use each effect of ""Amazement Abomination Arlekino"" once per turn.",https://images.ygoprodeck.com/images/cards/31600845.jpg
94821366,Amazement Administrator Arlekino,"Once per turn: You can banish any number of ""Attraction"" Traps from your GY, then target that many cards your opponent controls; destroy them. You can only use each of the following effects of ""Amazement Administrator Arlekino"" once per turn. If a Trap Card is activated (except during the Damage Step): You can Special Summon this card from your hand. If your opponent Normal or Special Summons a monster(s) (except during the Damage Step): You can target 1 of those face-up monsters they control; equip 1 ""Attraction"" Trap from your Deck to that target.",https://images.ygoprodeck.com/images/cards/94821366.jpg
30829071,Amazement Ambassador Bufo,"When this card is Normal Summoned: You can target 1 ""Attraction"" Trap in your GY and 1 face-up monster your opponent controls; equip that Trap to your opponent's monster. (Quick Effect): You can target 1 of your ""Attraction"" Traps equipped to a monster; equip it to 1 ""Amazement"" monster you control or 1 face-up monster your opponent controls. You can only use this effect of ""Amazement Ambassador Bufo"" once per turn.",https://images.ygoprodeck.com/images/cards/30829071.jpg
22662014,Amazement Assistant Delia,"You can reveal 1 ""Attraction"" Trap in your hand; Special Summon this card from your hand. You can send 1 ""Attraction"" Trap from your hand or face-up field to the GY; Set 1 ""Attraction"" Trap directly from your Deck to your Spell & Trap Zone. You can only use each effect of ""Amazement Assistant Delia"" once per turn.",https://images.ygoprodeck.com/images/cards/22662014.jpg
67314110,Amazement Attendant Comica,"When this card is Normal Summoned: You can Set 1 ""Attraction"" Trap directly from your Deck. (Quick Effect): You can target 1 of your ""Attraction"" Traps equipped to a monster; equip it to 1 ""Amazement"" monster you control or 1 face-up monster your opponent controls. You can only use this effect of ""Amazement Attendant Comica"" once per turn.",https://images.ygoprodeck.com/images/cards/67314110.jpg
20989253,Amazement Family Faces,"Target 1 monster your opponent controls equipped with your ""Attraction"" Trap(s); equip this card to it. While this card is equipped to a monster, take control of the equipped monster. While you control the equipped monster, it gains 500 ATK, you cannot activate its effects, also it is treated as an ""Amazement"" monster. You can only activate 1 ""Amazement Family Faces"" per turn.",https://images.ygoprodeck.com/images/cards/20989253.jpg
33773528,Amazement Precious Park,"During your Main Phase, you can activate 1 ""Attraction"" Trap the turn it was Set. During the End Phase: You can send 1 ""Attraction"" Trap you control equipped to a monster to the GY, then target 1 of your ""Attraction"" Traps, with a different name, that is banished or in your GY; Set that card. You can only use each effect of ""Amazement Precious Park"" once per turn.",https://images.ygoprodeck.com/images/cards/33773528.jpg
6374519,Amazement Special Show,"When your opponent activates a card or effect that targets an ""Amazement"" monster(s) you control: Target 1 of those ""Amazement"" monsters you control; return it to the hand, then, you can Special Summon 1 ""Amazement"" monster from your hand.",https://images.ygoprodeck.com/images/cards/6374519.jpg
37803970,Amazing Pendulum,"If you have no cards in your Pendulum Zones: Add 2 face-up ""Magician"" Pendulum Monsters with different names from your Extra Deck to your hand. You can only activate 1 ""Amazing Pendulum"" per turn.",https://images.ygoprodeck.com/images/cards/37803970.jpg
70389815,Amazing Time Ticket,"Pay 800 LP; apply this effect, depending whose turn it is.
● Your turn: Add 1 ""Amazement"" card from your Deck to your hand.
● Your opponent's turn: Set 1 ""Attraction"" Trap directly from your Deck. It can be activated this turn.
You can only activate 1 ""Amazing Time Ticket"" per turn.",https://images.ygoprodeck.com/images/cards/70389815.jpg
17968114,Amazon of the Seas,A mermaid who serves as a herald to the Ocean Lord. She protects the sacred domain of Atlantis.,https://images.ygoprodeck.com/images/cards/17968114.jpg
91869203,Amazoness Archer,You can Tribute 2 monsters; inflict 1200 damage to your opponent.,https://images.ygoprodeck.com/images/cards/91869203.jpg
67987611,Amazoness Archers,"When an opponent's monster declares an attack, while you control an ""Amazoness"" monster: Change all monsters your opponent currently controls to face-up Attack Position (Flip Effects are not activated), they lose 500 ATK, also they must attack this turn, if able.",https://images.ygoprodeck.com/images/cards/67987611.jpg
23965033,Amazoness Augusta,"1 ""Amazoness"" Fusion Monster + 1 ""Amazoness"" monster
Your opponent cannot target other ""Amazoness"" cards you control with card effects, also those cards cannot be destroyed by your opponent's card effects. If this card was Fusion Summoned using ""Amazoness Empress"" or ""Amazoness Queen"" as material, it can make a second attack during each Battle Phase. If this card is Fusion Summoned: You can Special Summon 1 ""Amazoness"" monster from your Deck. You can only use this effect of ""Amazoness Augusta"" once per turn.",https://images.ygoprodeck.com/images/cards/23965033.jpg
10928224,Amazoness Baby Tiger,"This card's name becomes ""Amazoness Tiger"" while on the field or in the GY. If an ""Amazoness"" monster is Normal or Special Summoned to your field while this card is in your hand or GY: You can Special Summon this card. You can only use this effect of ""Amazoness Baby Tiger"" once per turn. Gains 100 ATK for each ""Amazoness"" card in your GY.",https://images.ygoprodeck.com/images/cards/10928224.jpg
73574678,Amazoness Blowpiper,Select 1 face-up monster your opponent controls during each of your Standby Phases. It loses 500 ATK until the end of this turn.,https://images.ygoprodeck.com/images/cards/73574678.jpg
57312333,Amazoness Call,"Take 1 ""Amazoness"" card from your Deck, except ""Amazoness Call"", and either add it to your hand or send it to the GY. During your Main Phase: You can banish this card from your GY, then target 1 ""Amazoness"" monster you control; this turn, that monster can attack all monsters your opponent controls, once each, also other monsters you control cannot attack. You can only activate 1 ""Amazoness Call"" per turn.",https://images.ygoprodeck.com/images/cards/57312333.jpg
29654737,Amazoness Chain Master,"When this card is destroyed by battle and sent to the GY: You can pay 1500 LP; look at your opponent's hand, then add 1 monster from their hand to your hand.",https://images.ygoprodeck.com/images/cards/29654737.jpg
4591250,Amazoness Empress,"""Amazoness Queen"" + 1 ""Amazoness"" monster
Other ""Amazoness"" cards you control cannot be destroyed by battle or card effects. If your ""Amazoness"" monster attacks a Defense Position monster, inflict piercing battle damage to your opponent. If this face-up Fusion Summoned card is destroyed by battle, or leaves the field because of an opponent's card effect while its owner controls it: You can Special Summon 1 ""Amazoness Queen"" from your hand, Deck, or GY.",https://images.ygoprodeck.com/images/cards/4591250.jpg
55821894,Amazoness Fighter,You take no battle damage from attacks involving this card.,https://images.ygoprodeck.com/images/cards/55821894.jpg
36100154,Amazoness Fighting Spirit,"If an ""Amazoness"" monster attacks a monster with higher ATK, the attacking monster gains 1000 ATK during damage calculation only.",https://images.ygoprodeck.com/images/cards/36100154.jpg
97692972,Amazoness Golden Whip Master,"[ Pendulum Effect ] 
""Amazoness"" monsters you control gain ATK equal to their own Level x 100. When an attack is declared involving your ""Amazoness"" monster: You can target 1 Spell/Trap on the field; destroy it. You can only use this effect of ""Amazoness Golden Whip Master"" once per turn.
[ Monster Effect ] 
If this card in the Monster Zone is destroyed by battle or card effect: You can place this card in your Pendulum Zone. If an ""Amazoness"" monster(s) is Special Summoned to your field, while this card is in your GY (except during the Damage Step): You can place this card in your Pendulum Zone. You can only use each effect of ""Amazoness Golden Whip Master"" once per turn.",https://images.ygoprodeck.com/images/cards/97692972.jpg
25396150,Amazoness Hall,"When this card is activated: You can take 1 ""Amazoness"" monster from your GY or your face-up Extra Deck, and either add it to your hand or (if it is a Pendulum Monster) place it in your Pendulum Zone. If a monster(s) is Special Summoned to your opponent's field while you control an ""Amazoness"" Monster Card (except during the Damage Step): You can target 1 of those opponent's monsters; gain LP equal to its ATK. You can only use this effect of ""Amazoness Hall"" once per turn.",https://images.ygoprodeck.com/images/cards/25396150.jpg
79965360,Amazoness Heirloom,"Equip only to an ""Amazoness"" monster. Once per turn, that monster cannot be destroyed by battle. After damage calculation, if the equipped monster attacks a monster: Destroy the attacked monster.",https://images.ygoprodeck.com/images/cards/79965360.jpg
62480168,Amazoness Hot Spring,"When this card is activated: You can take 1 ""Amazoness"" monster from your Deck, and either add it to your hand or (if it is a Pendulum Monster) place it in your Pendulum Zone. When you take battle damage while you control an ""Amazoness"" Monster Card: You can gain LP equal to the damage you took. You can only use this effect of ""Amazoness Hot Spring"" once per turn.",https://images.ygoprodeck.com/images/cards/62480168.jpg
83407038,Amazoness Onslaught,"Once per turn, during the Battle Phase: You can Special Summon 1 ""Amazoness"" monster from your hand, and if you do, it gains 500 ATK until the end of this turn (even if this card leaves the field). After damage calculation, if your ""Amazoness"" monster battled an opponent's monster while this card is already face-up in your Spell & Trap Zone: You can banish that opponent's monster. If this card on the field is destroyed and sent to the GY: You can target 1 ""Amazoness"" monster in your GY; Special Summon it.",https://images.ygoprodeck.com/images/cards/83407038.jpg
47480070,Amazoness Paladin,"This card gains 100 ATK for each ""Amazoness"" monster you control.",https://images.ygoprodeck.com/images/cards/47480070.jpg
68507541,Amazoness Pet Liger,"""Amazoness Tiger"" + 1 ""Amazoness"" monster
Once per battle, if this card attacks, during damage calculation: You can make this card gain 500 ATK during that damage calculation only. If your ""Amazoness"" monster attacked an opponent's monster, after damage calculation: You can target 1 face-up monster your opponent controls; it loses 800 ATK. Monsters your opponent controls cannot attack ""Amazoness"" monsters you control, except this one.",https://images.ygoprodeck.com/images/cards/68507541.jpg
59353647,Amazoness Pet Liger King,"1 Level 5 or higher ""Amazoness"" monster + 1 ""Amazoness"" monster
Your opponent's monsters cannot attack any monsters, except this one. You can target 1 ""Amazoness"" card you control and 1 ""Amazoness"" Warrior monster in your GY; destroy that card on the field, and if you do, Special Summon that other monster from the GY. This card cannot attack the turn this effect is activated. You can only use this effect of ""Amazoness Pet Liger King"" once per turn.",https://images.ygoprodeck.com/images/cards/59353647.jpg
84539520,Amazoness Princess,"This card's name becomes ""Amazoness Queen"" while on the field or in the GY. If this card is Normal or Special Summoned: You can add 1 ""Amazoness"" Spell/Trap from your Deck to your hand. You can only use this effect of ""Amazoness Princess"" once per turn. When this card declares an attack: You can send 1 other card from your hand or field to the GY; Special Summon 1 ""Amazoness"" monster from your Deck in Defense Position, except ""Amazoness Princess"".",https://images.ygoprodeck.com/images/cards/84539520.jpg
15951532,Amazoness Queen,"""Amazoness"" monsters you control cannot be destroyed by battle.",https://images.ygoprodeck.com/images/cards/15951532.jpg
53162898,Amazoness Sage,"At the end of the Damage Step, if this card attacked and is still on the field: Target 1 Spell/Trap your opponent controls; destroy that target.",https://images.ygoprodeck.com/images/cards/53162898.jpg
71209500,Amazoness Scouts,"During either player's turn: You can Tribute this card; this turn, face-up ""Amazoness"" monsters you currently control cannot be targeted by monster effects, and cannot be destroyed by card effects.",https://images.ygoprodeck.com/images/cards/71209500.jpg
86758746,Amazoness Secret Arts,"Fusion Summon 1 ""Amazoness"" Fusion Monster from your Extra Deck, using monsters from your hand or field as Fusion Material. During your Main Phase: You can banish this card from your GY; once, if you Fusion Summon an ""Amazoness"" Fusion Monster this turn, you can also send 1 ""Amazoness"" monster from your Extra Deck to the GY as material. You can only use 1 ""Amazoness Secret Arts"" effect per turn, and only once that turn.",https://images.ygoprodeck.com/images/cards/86758746.jpg
6459419,Amazoness Shamanism,"Destroy all face-up ""Amazoness"" monsters you control. Then, you can Special Summon any number of Level 4 or lower ""Amazoness"" monsters from your Graveyard in face-up Defense Position, up to the number of monsters destroyed by this effect.",https://images.ygoprodeck.com/images/cards/6459419.jpg
24087580,Amazoness Silver Sword Master,"[ Pendulum Effect ] 
""Amazoness"" monsters you control gain ATK equal to their own Level x 100. When an attack is declared involving your ""Amazoness"" monster: You can target 1 ""Amazoness"" Spell/Trap in your GY; add it to your hand. You can only use this effect of ""Amazoness Silver Sword Master"" once per turn.
[ Monster Effect ] 
If this card in the Monster Zone is destroyed by battle or card effect: You can place this card in your Pendulum Zone. If an ""Amazoness"" monster(s) is Special Summoned to your field, while this card is in your GY (except during the Damage Step): You can place this card in your Pendulum Zone. You can only use each effect of ""Amazoness Silver Sword Master"" once per turn.",https://images.ygoprodeck.com/images/cards/24087580.jpg
81325903,Amazoness Spellcaster,"Target 1 ""Amazoness"" monster you control and 1 face-up monster your opponent controls; switch the original ATK of those targets until the end of this turn.",https://images.ygoprodeck.com/images/cards/81325903.jpg
97870394,Amazoness Spiritualist,"If this card is in your hand or GY: You can target 1 ""Amazoness"" card you control, except ""Amazoness Spiritualist""; return it to the hand, and if you do, Special Summon this card, also you cannot Special Summon monsters from the Extra Deck for the rest of this turn, except ""Amazoness"" monsters. If this card is Special Summoned: You can add 1 ""Polymerization"" from your Deck to your hand. You can only use each effect of ""Amazoness Spiritualist"" once per turn.",https://images.ygoprodeck.com/images/cards/97870394.jpg
31102447,Amazoness Spy,"You can reveal 1 other ""Amazoness"" monster in your hand; Special Summon this card from your hand. You can only use this effect of ""Amazoness Spy"" once per turn. When this card is destroyed by battle and sent to the GY: You can target 1 ""Amazoness"" monster in your GY, except ""Amazoness Spy""; return it to the hand, or shuffle it into the Deck.",https://images.ygoprodeck.com/images/cards/31102447.jpg
94004268,Amazoness Swords Woman,Your opponent takes any battle damage you would have taken from battles involving this card instead.,https://images.ygoprodeck.com/images/cards/94004268.jpg
10979723,Amazoness Tiger,"You can only control 1 ""Amazoness Tiger"". This card gains 400 ATK for each ""Amazoness"" monster you control. Your opponent cannot attack any face-up ""Amazoness"" monsters, except this one.",https://images.ygoprodeck.com/images/cards/10979723.jpg
89567993,Amazoness Trainee,Monsters destroyed by battle with this card are returned to the bottom of the Deck instead of going to the GY. If this card destroys an opponent's monster by battle: It gains 200 ATK.,https://images.ygoprodeck.com/images/cards/89567993.jpg
712559,Amazoness Village,"All ""Amazoness"" monsters gain 200 ATK. Once per turn, when an ""Amazoness"" monster is destroyed by battle or card effect and sent to the GY: You can Special Summon 1 ""Amazoness"" monster from your Deck with a Level less than or equal to that ""Amazoness"" monster in the GY.",https://images.ygoprodeck.com/images/cards/712559.jpg
50486289,Amazoness War Chief,"If you control no monsters, or only ""Amazoness"" monsters: You can Special Summon this card from your hand. If this card is Normal or Special Summoned: You can Set 1 ""Amazoness"" Spell/Trap or 1 ""Polymerization"" directly from your Deck, also you can only attack with ""Amazoness"" monsters for the rest of this turn. You can only use each effect of ""Amazoness War Chief"" once per turn.",https://images.ygoprodeck.com/images/cards/50486289.jpg
22082163,Amazoness Willpower,"Select 1 ""Amazoness"" monster in your Graveyard and Special Summon it in Attack Position. It cannot change its battle position and must attack if able. When this card is removed from the field, destroy that monster. When that monster is destroyed, destroy this card.",https://images.ygoprodeck.com/images/cards/22082163.jpg
41224658,Ambitious Gofer,"Once per turn: You can target up to 2 monsters your opponent controls; your opponent can reveal 1 monster in their hand to negate this card's effect, otherwise destroy those monsters.",https://images.ygoprodeck.com/images/cards/41224658.jpg
98927491,Ambulance Rescueroid,"""Rescueroid"" + ""Ambulanceroid""
This monster cannot be Special Summoned except by Fusion Summon. Once per turn, when a monster on your side of the field is destroyed by battle and sent to the Graveyard, you can Special Summon that monster in Defense Position.",https://images.ygoprodeck.com/images/cards/98927491.jpg
36378213,Ambulanceroid,"When a ""roid"" monster is added from your Graveyard to your hand, you can Special Summon that monster.",https://images.ygoprodeck.com/images/cards/36378213.jpg
77972406,Ambush Fangs,"Activate only when a face-up ""Venom"" monster you control is declared as an attack target. Negate the attack and end the Battle Phase. Then place 1 Venom Counter on the monster that attacked.",https://images.ygoprodeck.com/images/cards/77972406.jpg
95174353,Ameba,"When the control of this face-up card on the field shifts to your opponent, inflict 2000 points of damage to your opponent's Life Points. This effect can only be used once as long as this card remains face-up on the field.",https://images.ygoprodeck.com/images/cards/95174353.jpg
40213117,Amores of Prophecy,"Once per turn: You can reveal 1 ""Spellbook"" Spell Card in your hand; Special Summon 1 Level 4 or lower Spellcaster-Type monster from your hand.",https://images.ygoprodeck.com/images/cards/40213117.jpg
98287529,"Amorphactor Pain, the Imagination Dracoverlord","You can Ritual Summon this card with ""Amorphous Persona"". If this card is Ritual Summoned: Your opponent skips their next Main Phase 1. Negate the effects of face-up Fusion, Synchro, and Xyz Monsters while they are on the field. If this card is sent from the field to the Graveyard: You can add 1 ""Dracoverlord"" monster from your Deck to your hand, except ""Amorphactor Pain, the Imagination Dracoverlord"".",https://images.ygoprodeck.com/images/cards/98287529.jpg
33300669,Amorphage Envy,"[ Pendulum Effect ] 
While you control an ""Amorphage"" monster, neither player can activate cards or effects as Chain Link 2 or higher. Once per turn, during your Standby Phase, Tribute 1 monster or destroy this card.
[ Monster Effect ] 
If this card is Pendulum Summoned or flipped face-up, neither player can Special Summon monsters from the Extra Deck while this card is face-up on the field, except ""Amorphage"" monsters.",https://images.ygoprodeck.com/images/cards/33300669.jpg
34522216,Amorphage Gluttony,"[ Pendulum Effect ] 
While you control an ""Amorphage"" monster, monsters cannot activate their effects, except ""Amorphage"" monsters. Once per turn, during your Standby Phase, Tribute 1 monster or destroy this card.
[ Monster Effect ] 
If this card is Pendulum Summoned or flipped face-up, neither player can Special Summon monsters from the Extra Deck while this card is face-up on the field, except ""Amorphage"" monsters.",https://images.ygoprodeck.com/images/cards/34522216.jpg
69072185,Amorphage Goliath,"[ Pendulum Effect ] 
While you control an ""Amorphage"" monster, any card sent to the GY is banished instead, except ""Amorphage"" cards. Once per turn, during your Standby Phase, Tribute 1 monster or destroy this card.
[ Monster Effect ] 
Neither player can Special Summon monsters from the Extra Deck, except ""Amorphage"" monsters.",https://images.ygoprodeck.com/images/cards/69072185.jpg
7305060,Amorphage Greed,"[ Pendulum Effect ] 
While you control an ""Amorphage"" monster, neither player can activate Trap Cards or their effects, except for ""Amorphage"" cards. Once per turn, during your Standby Phase, Tribute 1 monster or destroy this card.
[ Monster Effect ] 
If this card is Pendulum Summoned or flipped face-up, neither player can Special Summon monsters from the Extra Deck while this card is face-up on the field, except ""Amorphage"" monsters.",https://images.ygoprodeck.com/images/cards/7305060.jpg
50554729,Amorphage Infection,"All ""Amorphage"" monsters on the field gain 100 ATK and DEF for each ""Amorphage"" card on the field. If a monster(s) in your hand or you control is Tributed, or destroyed by battle or card effect: You can add 1 ""Amorphage"" card from your Deck to your hand. You can only use this effect of ""Amorphage Infection"" once per turn.",https://images.ygoprodeck.com/images/cards/50554729.jpg
70917315,Amorphage Lechery,"[ Pendulum Effect ] 
While you control an ""Amorphage"" monster, neither player can activate Spell Cards or their effects, except for ""Amorphage"" cards. Once per turn, during your Standby Phase, Tribute 1 monster or destroy this card.
[ Monster Effect ] 
If this card is Pendulum Summoned or flipped face-up, neither player can Special Summon monsters from the Extra Deck while this card is face-up on the field, except ""Amorphage"" monsters.",https://images.ygoprodeck.com/images/cards/70917315.jpg
47598941,Amorphage Lysis,"All monsters on the field, except ""Amorphage"" monsters, lose 100 ATK and DEF for each ""Amorphage"" card on the field. If a card(s) in your Pendulum Zone is destroyed (except during the Damage Step): You can place 1 ""Amorphage"" Pendulum Monster from your Deck in your Pendulum Zone. You can only use this effect of ""Amorphage Lysis"" once per turn.",https://images.ygoprodeck.com/images/cards/47598941.jpg
6283472,Amorphage Pride,"[ Pendulum Effect ] 
While you control an ""Amorphage"" monster, neither player takes any effect damage. Once per turn, during your Standby Phase, Tribute 1 monster or destroy this card.
[ Monster Effect ] 
If this card is Pendulum Summoned or flipped face-up, neither player can Special Summon monsters from the Extra Deck while this card is face-up on the field, except ""Amorphage"" monsters.",https://images.ygoprodeck.com/images/cards/6283472.jpg
32687071,Amorphage Sloth,"[ Pendulum Effect ] 
While you control an ""Amorphage"" monster, neither player can add cards from their Deck to their hand except by drawing them. Once per turn, during your Standby Phase, Tribute 1 monster or destroy this card.
[ Monster Effect ] 
Neither player can Special Summon monsters from the Extra Deck, except ""Amorphage"" monsters.",https://images.ygoprodeck.com/images/cards/32687071.jpg
79794767,Amorphage Wrath,"[ Pendulum Effect ] 
While you control an ""Amorphage"" monster, neither player can Tribute monsters, except ""Amorphage"" monsters. Once per turn, during your Standby Phase, Tribute 1 monster or destroy this card.
[ Monster Effect ] 
If this card is Pendulum Summoned or flipped face-up, neither player can Special Summon monsters from the Extra Deck while this card is face-up on the field, except ""Amorphage"" monsters.",https://images.ygoprodeck.com/images/cards/79794767.jpg
23160024,Amorphous Persona,"All ""Amorphage"" monsters on the field gain 300 ATK and DEF. Up to twice per turn, if an ""Amorphage"" monster(s) you control is Tributed, draw 1 card. You can banish this card from your Graveyard; Tribute Pendulum Monsters from your hand or field whose total Levels exactly equal 8, then Ritual Summon 1 ""Amorphactor Pain, the Imagination Dracoverlord"" from your hand.",https://images.ygoprodeck.com/images/cards/23160024.jpg
67371383,Amphibian Beast,"On land or in the sea, the speed of this monster is unmatchable.",https://images.ygoprodeck.com/images/cards/67371383.jpg
40173854,Amphibious Bugroth,"""Ground Attacker Bugroth"" + ""Defender of the Sea""",https://images.ygoprodeck.com/images/cards/40173854.jpg
4754691,Amphibious Bugroth MK-11,"While ""Umi"" is not on the field, this card gains 700 ATK, also it cannot attack directly. While ""Umi"" is on the field: You can target 1 face-up non-WATER monster on the field; destroy it. You can only use this effect of ""Amphibious Bugroth MK-11"" once per turn.",https://images.ygoprodeck.com/images/cards/4754691.jpg
64342551,Amphibious Bugroth MK-3,"While ""Umi"" is face-up on the field, this card can attack your opponent's Life Points directly.",https://images.ygoprodeck.com/images/cards/64342551.jpg
20665527,Amphibious Swarmship Amblowhale,"2+ Effect Monsters
Gains 200 ATK for each Link Monster in the GYs. You can only use each of the following effects of ""Amphibious Swarmship Amblowhale"" once per turn.
● If this card is destroyed: You can target 1 Link-3 or lower monster in either GY; Special Summon it.
● If a Link-3 or lower monster(s) on the field is destroyed by battle or card effect while this card is in your GY: You can banish this card from your GY; destroy 1 card on the field.",https://images.ygoprodeck.com/images/cards/20665527.jpg
303660,Amplifier,"Equip only to ""Jinzo"". While this card is equipped, the equipped monster's effect does not negate the effects of its controller's Trap Cards. When this card is removed from the field, destroy the equipped monster. This card's activation and effect cannot be negated.",https://images.ygoprodeck.com/images/cards/303660.jpg
75380687,Amulet Dragon,"""Dark Magician"" + 1 Dragon monster
Must be Fusion Summoned with the above Fusion Materials or with ""The Eye of Timaeus"". If this card is Special Summoned: Target any number of Spells in any GY(s) (min.1); banish those targets, and if you do, this card gains 100 ATK for each card banished by this effect. If this card is destroyed: You can target 1 Spellcaster monster in your GY; Special Summon that target.",https://images.ygoprodeck.com/images/cards/75380687.jpg
5183693,Amulet of Ambition,"Equip only to a Normal Monster. If it battles a monster with a higher Level, the equipped monster gains 500 ATK x the difference in Levels, during that damage calculation only. When this card is sent to the GY: You can place it on top of your Deck.",https://images.ygoprodeck.com/images/cards/5183693.jpg
61160289,"Amunessia, the Ogdoadic Queen","If this card is in your GY: You can Tribute 2 monsters; Special Summon this card. If a monster(s) is Special Summoned from your opponent's GY (except during the Damage Step): You can send 1 card they control to the GY. If a monster(s) is sent from your opponent's hand or Deck to the GY (except during the Damage Step): You can Special Summon 1 LIGHT or DARK Reptile monster from your GY, except ""Amunessia, the Ogdoadic Queen"". You can only use each effect of ""Amunessia, the Ogdoadic Queen"" once per turn.",https://images.ygoprodeck.com/images/cards/61160289.jpg
23927567,An Owl of Luck,"FLIP: Select 1 Field Spell Card from your Deck and place it on top of your Deck. If ""Necrovalley"" is on the field, you can add the selected Field Spell Card to your hand instead.",https://images.ygoprodeck.com/images/cards/23927567.jpg
19763315,An Unfortunate Report,Your opponent conducts their next Battle Phase twice.,https://images.ygoprodeck.com/images/cards/19763315.jpg
58324930,Anarchist Monk Ranshin,"When this card you control is sent to your Graveyard by your opponent's card (either by battle, by card effect, or by being destroyed): Target 1 monster in your opponent's Graveyard; banish that target.",https://images.ygoprodeck.com/images/cards/58324930.jpg
80570228,Anarchist Monk of the Six Samurai,"If you control a ""Six Samurai"" monster other than ""Anarchist Monk of the Six Samurai"", you can Special Summon this card (from your hand). You can only Special Summon ""Anarchist Monk of the Six Samurai"" once per turn this way. You can only use each of the following effects of ""Anarchist Monk of the Six Samurai"" once per turn. If this card is sent from the field to the GY: You can add 1 ""Six Samurai"" Quick-Play Spell from your Deck to your hand. A ""Six Samurai"" monster Synchro Summoned using this card as material gains this effect.
● The Levels of monsters your opponent controls are reduced by 1.",https://images.ygoprodeck.com/images/cards/80570228.jpg
52296675,Anchamoufrite,"[ Pendulum Effect ] 
If you have no cards in your Extra Deck except ""Anchamoufrite"": You can destroy this card, then draw 1 card. You can only use this effect of ""Anchamoufrite"" once per turn.
[ Monster Effect ] 
Cannot be Normal Summoned/Set. Must be Special Summoned (from your face-up Extra Deck) by having no cards in your Extra Deck except ""Anchamoufrite"". You can only Special Summon ""Anchamoufrite"" once per turn this way. If this face-up card in the Monster Zone leaves the field, banish it.",https://images.ygoprodeck.com/images/cards/52296675.jpg
42431843,Ancient Brain,A fallen fairy that is powerful in the dark.,https://images.ygoprodeck.com/images/cards/42431843.jpg
78665705,Ancient Chant,"Add 1 ""The Winged Dragon of Ra"" from your Deck or GY to your hand, and if you do, you can Tribute Summon 1 monster during your Main Phase this turn, in addition to your Normal Summon/Set. (You can only gain this effect once per turn.) You can banish this card from your GY: If you Tribute Summon ""The Winged Dragon of Ra"" this turn, its original ATK/DEF become the combined original ATK/DEF of the monsters Tributed for its Summon. You can only activate 1 ""Ancient Chant"" per turn.",https://images.ygoprodeck.com/images/cards/78665705.jpg
34487429,Ancient City - Rainbow Ruins,"You must have this many ""Crystal Beast"" cards in your Spell & Trap Card Zone to activate and to resolve these effects. ● 1+: This card cannot be destroyed by card effects. ● 2+: Once per turn (including the opponent's) you can halve the Battle Damage you take. ● 3+: During either player's turn, when a Spell/Trap Card is activated: You can send 1 ""Crystal Beast"" monster you control to the Graveyard; negate the activation, and if you do, destroy it. ● 4+: Once per turn, during your Main Phase: You can draw 1 card. ● 5: Once per turn, during your Main Phase: You can target 1 ""Crystal Beast"" card in your Spell & Trap Card Zone; Special Summon that target.",https://images.ygoprodeck.com/images/cards/34487429.jpg
50781944,Ancient Crimson Ape,"When a monster(s) you control is destroyed and sent to the Graveyard, gain 1000 Life Points.",https://images.ygoprodeck.com/images/cards/50781944.jpg
38520918,Ancient Dragon,When this card inflicts battle damage to your opponent by a direct attack: You can increase this card's Level by 1 and ATK by 500.,https://images.ygoprodeck.com/images/cards/38520918.jpg
93221206,Ancient Elf,This elf is rumored to have lived for thousands of years. He leads an army of spirits against his enemies.,https://images.ygoprodeck.com/images/cards/93221206.jpg
25862681,Ancient Fairy Dragon,"1 Tuner + 1+ non-Tuner monsters
Once per turn: You can Special Summon 1 Level 4 or lower monster from your hand. You cannot conduct your Battle Phase the turn you activate this effect. Once per turn: You can destroy as many Field Spells on the field as possible, and if you do, gain 1000 LP, then you can add 1 Field Spell from your Deck to your hand.",https://images.ygoprodeck.com/images/cards/25862681.jpg
26304459,Ancient Flamvell Deity,"1 FIRE Tuner + 1 or more non-Tuner Pyro-Type monsters
When this card is Synchro Summoned, remove from play cards from your opponent's Graveyard up to the number of cards in their hand. This card gains 200 ATK for each card removed from play by this effect.",https://images.ygoprodeck.com/images/cards/26304459.jpg
87624166,Ancient Forest,"When you activate this card, change any Defense Position monster(s) to face-up Attack Position. Flip Effects are not activated at this time. If a monster attacks, destroy it at the end of that turn's Battle Phase.",https://images.ygoprodeck.com/images/cards/87624166.jpg
300302022,Ancient Fusion,"Once per Duel, you can discard 1 card to Fusion Summon 1 ""Ancient Gear"" Fusion Monster from your Extra Deck, using monsters from your field as Fusion Material. If 1 of those materials is an ""Ancient Gear Golem"" monster, you can also use monsters from your hand and/or Deck as the other material. Your opponent takes no damage for the rest of this turn. Any battle damage your opponent takes from that Fusion Monster is halved.",https://images.ygoprodeck.com/images/cards/300302022.jpg
31557782,Ancient Gear,"If you control an ""Ancient Gear"", you can Special Summon this card (from your hand) in face-up Attack Position.",https://images.ygoprodeck.com/images/cards/31557782.jpg
4064925,Ancient Gear Advance,"When this card is activated: Add 1 ""Ancient Gear"" Spell/Trap from your Deck to your hand, except ""Ancient Gear Advance"". Once per turn: You can Tribute 1 monster; draw 1 card and apply this effect for the rest of this turn (even if this card leaves the field).
● You can Normal Summon ""Ancient Gear Golem"", or Level 5 or higher monsters that mention it, without Tributing.
You cannot Set cards the turn you activate this card. You can only activate 1 ""Ancient Gear Advance"" per turn.",https://images.ygoprodeck.com/images/cards/4064925.jpg
10547580,Ancient Gear Ballista,"2 EARTH Machine monsters
If this card is Link Summoned: You can add 1 ""Ancient Gear"" monster or 1 ""Geartown"" from your Deck to your hand. You can target 1 Spell/Trap you control and 1 face-up monster your opponent controls; destroy that card you control, and if you do, change that opponent's monster's ATK/DEF to 0 until the end of the turn. You can only use each effect of ""Ancient Gear Ballista"" once per turn.",https://images.ygoprodeck.com/images/cards/10547580.jpg
10509340,Ancient Gear Beast,"Cannot be Special Summoned. If this card attacks, your opponent cannot activate any Spell/Trap Cards until the end of the Damage Step. Negate the effects of an opponent's monster destroyed by battle with this card (including in the Graveyard).",https://images.ygoprodeck.com/images/cards/10509340.jpg
60953949,Ancient Gear Box,"If this card is added from the Deck or Graveyard to your hand, except by drawing it: You can add 1 EARTH Machine-Type monster with 500 ATK and/or DEF from your Deck to your hand, except ""Ancient Gear Box"". You can only use this effect of ""Ancient Gear Box"" once per turn.",https://images.ygoprodeck.com/images/cards/60953949.jpg
80045583,Ancient Gear Cannon,"You can Tribute this card; inflict 500 damage to your opponent, and if you do, neither player can activate Trap Cards during the Battle Phase of this turn.",https://images.ygoprodeck.com/images/cards/80045583.jpg
92001300,Ancient Gear Castle,"All ""Ancient Gear"" monsters gain 300 ATK. Each time a monster is Normal Summoned/Set, place 1 counter on this card. If you Tribute Summon an ""Ancient Gear"" monster face-up, you can Tribute this card instead, if the number of its counters is equal to or greater than the number of required Tribute(s).",https://images.ygoprodeck.com/images/cards/92001300.jpg
44052074,Ancient Gear Catapult,"While you control no monsters: Target 1 face-up card you control; destroy it, and if you do, Special Summon 1 ""Ancient Gear"" monster from your Deck, ignoring its Summoning conditions. You can banish this card from your Graveyard, then target 1 face-up card you control; destroy it, and if you do, Special Summon 1 ""Ancient Gear Token"" (Machine-Type/EARTH/Level 1/ATK 0/DEF 0). You can only use 1 ""Ancient Gear Catapult"" effect per turn, and only once that turn.",https://images.ygoprodeck.com/images/cards/44052074.jpg
27483935,Ancient Gear Commander,"You can send 1 ""Ancient Gear Golem"" from your hand, Deck, or face-up Monster Zone to the GY; immediately after this effect resolves, Normal Summon 1 ""Ancient Gear"" monster. If you Normal or Special Summon ""Ancient Gear Golem"" (except during the Damage Step): You can Special Summon 1 ""Ancient Gear Golem"" from your hand or GY, ignoring its Summoning conditions. You can banish this card from your GY; place 1 ""Ancient Gear"" Continuous Trap from your hand face-up on your field. You can only use each effect of ""Ancient Gear Commander"" once per turn.",https://images.ygoprodeck.com/images/cards/27483935.jpg
64603182,Ancient Gear Dark Golem,"This card's name becomes ""Ancient Gear Golem"" while on the field or in the GY. If this card is Normal or Special Summoned: You can add up to 2 cards (""Ancient Gear"" cards and/or ""Geartown"") from your Deck to your hand, except ""Ancient Gear Dark Golem"", then discard 1 card, also you cannot Set cards for the rest of this turn. You can only use this effect of ""Ancient Gear Dark Golem"" once per turn. If this card attacks, your opponent cannot activate Spell/Trap Cards until the end of the Damage Step.",https://images.ygoprodeck.com/images/cards/64603182.jpg
75892194,Ancient Gear Dragon,"Cannot be Special Summoned. If you control no monsters, or all monsters you control are EARTH Machine monsters, you can Normal Summon this card without Tributing. When your opponent activates a Spell/Trap Card or effect (Quick Effect): You can send to the GY, 1 Machine monster from your hand or face-up field, or 1 ""Ancient Gear Golem"" from your Deck; negate that effect. You can only use this effect of ""Ancient Gear Dragon"" once per turn.",https://images.ygoprodeck.com/images/cards/75892194.jpg
67829249,Ancient Gear Drill,"If you control an ""Ancient Gear"" monster: Discard 1 card; Set 1 Spell Card directly from your Deck. This turn, that Spell Card cannot be activated.",https://images.ygoprodeck.com/images/cards/67829249.jpg
53541822,Ancient Gear Duel,"""Ancient Gear Golem"", and monsters that mention it, in your Monster Zone are unaffected by your opponent's activated monster effects. If your opponent controls a monster: You can Fusion Summon 1 Fusion Monster that mentions ""Ancient Gear Golem"" from your Extra Deck, by banishing monsters from your field or GY as material, including ""Ancient Gear Golem"" you control, and if you do, it can make up to 3 attacks during each Battle Phase. You can only use this effect of ""Ancient Gear Duel"" once per turn.",https://images.ygoprodeck.com/images/cards/53541822.jpg
1953925,Ancient Gear Engineer,"Negate any Trap effects that target this card, and if you do, destroy that Trap Card. If this card attacks, your opponent cannot activate any Spell/Trap Cards until the end of the Damage Step. At the end of the Damage Step, if this card attacked: Target 1 Spell/Trap Card your opponent controls; destroy that target.",https://images.ygoprodeck.com/images/cards/1953925.jpg
4446672,Ancient Gear Explosive,"Target 1 ""Ancient Gear"" monster you control; destroy it, and if you do, inflict damage to your opponent equal to half its original ATK.",https://images.ygoprodeck.com/images/cards/4446672.jpg
30435145,Ancient Gear Factory,"Reveal 1 Level 5 or higher ""Ancient Gear"" monster from your hand, then banish a number of ""Ancient Gear"" monsters from your Graveyard, whose combined Levels are double the revealed monster's, and if you do, if you Normal Summon the revealed monster this turn, you must Normal Smmon it without Tributing.",https://images.ygoprodeck.com/images/cards/30435145.jpg
40830387,Ancient Gear Fist,"Equip only to an ""Ancient Gear"" monster. At the end of the Damage Step, if the equipped monster battled a monster and is still on the field: Destroy the monster it battled.",https://images.ygoprodeck.com/images/cards/40830387.jpg
70147689,Ancient Gear Fortress,"During the turn they were Normal or Special Summoned, your opponent cannot target ""Ancient Gear"" monsters you control with card effects, and they cannot be destroyed by your opponent's card effects. Your opponent cannot activate cards or effects in response to the activation of ""Ancient Gear"" cards and effects. If this card is destroyed in the Spell & Trap Zone: You can Special Summon 1 ""Ancient Gear"" monster from your hand or Graveyard, also you cannot Special Summon monsters for the rest of this turn, except ""Ancient Gear"" monsters.",https://images.ygoprodeck.com/images/cards/70147689.jpg
1278431,Ancient Gear Frame,"You can discard 1 card; add 1 ""Ancient Gear Golem"", or 1 Spell/Trap that specifically lists the card ""Ancient Gear Golem"" in its text, from your Deck to your hand. You can only use this effect of ""Ancient Gear Frame"" once per turn. If this card attacks, your opponent cannot activate Spell/Trap Cards until the end of the Damage Step. If this face-up card in its owner's control leaves the field because of an opponent's card effect: You can Special Summon up to 3 ""Ancient Gear Golem"" and/or ""Ancient Gear Golem - Ultimate Pound"" from your hand, ignoring their Summoning conditions.",https://images.ygoprodeck.com/images/cards/1278431.jpg
64061284,Ancient Gear Fusion,"Fusion Summon 1 ""Ancient Gear"" Fusion Monster from your Extra Deck, using monsters from your hand or field as Fusion Material. If you use ""Ancient Gear Golem"" or ""Ancient Gear Golem - Ultimate Pound"" you control as Fusion Material, you can also use monsters from your Deck as material.",https://images.ygoprodeck.com/images/cards/64061284.jpg
18486927,Ancient Gear Gadget,"If this card is Normal or Special Summoned: You can declare 1 card type (Monster, Spell, or Trap); this turn, if a monster you control attacks, your opponent's Spell Cards, Trap Cards, or monster effects (whichever was declared) cannot be activated until the end of the Damage Step. Once per turn: You can declare 1 ""Gadget"" monster's card name; until the End Phase, this card's name becomes that name.",https://images.ygoprodeck.com/images/cards/18486927.jpg
86321248,Ancient Gear Gadjiltron Chimera,"This card gains the appropriate effects if you Normal Summon it by Tributing these monsters.
● Green Gadget: This card gains 300 ATK.
● Red Gadget: If this card inflicts battle damage to your opponent by a direct attack: Inflict 500 damage to your opponent.
● Yellow Gadget: If this card destroys an opponent's monster by battle: Inflict 700 damage to your opponent.",https://images.ygoprodeck.com/images/cards/86321248.jpg
50933533,Ancient Gear Gadjiltron Dragon,"If this card attacks, your opponent cannot activate any Spell/Trap Cards until the end of the Damage Step. This card gains the appropriate effects if you Normal Summon it by Tributing these monsters.
● Green Gadget: If this card attacks a Defense Position monster, inflict piercing battle damage to your opponent. 
● Red Gadget: If this card inflicts battle damage to your opponent: Inflict 400 damage to your opponent. 
● Yellow Gadget: If this card destroys an opponent's monster by battle: Inflict 600 damage to your opponent.",https://images.ygoprodeck.com/images/cards/50933533.jpg
83104731,Ancient Gear Golem,"Cannot be Special Summoned. If this card attacks, your opponent cannot activate any Spell/Trap Cards until the end of the Damage Step. If this card attacks a Defense Position monster, inflict piercing battle damage.",https://images.ygoprodeck.com/images/cards/83104731.jpg
95735217,Ancient Gear Golem - Ultimate Pound,"Cannot be Special Summoned. If this card attacks a Defense Position monster, inflict piercing battle damage. Up to twice per turn, when this attacking card destroys a monster by battle: You can discard 1 Machine monster; this card can attack again in a row. If this card on the field is destroyed by battle or card effect: You can add 1 ""Polymerization"" from your Deck to your hand, and if you do, add 1 other ""Ancient Gear"" monster from your GY to your hand.",https://images.ygoprodeck.com/images/cards/95735217.jpg
87182127,Ancient Gear Howitzer,"2 ""Ancient Gear"" monsters
Unaffected by other cards' effects. During your Main Phase: You can inflict 1000 damage to your opponent. You can only use this effect of ""Ancient Gear Howitzer"" once per turn. If this card is destroyed by battle and sent to the Graveyard: You can Special Summon 1 ""Ancient Gear"" monster from your Deck, ignoring its Summoning conditions.",https://images.ygoprodeck.com/images/cards/87182127.jpg
42878636,Ancient Gear Hunting Hound,"If this card is Normal Summoned: Inflict 600 damage to your opponent. If this card attacks, your opponent cannot activate any Spell/Trap Cards until the end of the Damage Step. Once per turn: You can Fusion Summon 1 ""Ancient Gear"" Fusion Monster from your Extra Deck, using monsters from your hand or field as Fusion Materials.",https://images.ygoprodeck.com/images/cards/42878636.jpg
81269231,Ancient Gear Hydra,"At the end of the Damage Step, when this card that was Tribute Summoned by Tributing an ""Ancient Gear"" monster battles an opponent's monster, but the opponent's monster was not destroyed by the battle: You can banish that opponent's monster. If this card was Tribute Summoned by Tributing a ""Gadget"" monster, it can attack all monsters your opponent controls, once each. If an ""Ancient Gear"" monster you control attacks, your opponent's Spell/Trap Cards and monster effects cannot be activated until the end of the Damage Step.",https://images.ygoprodeck.com/images/cards/81269231.jpg
39303359,Ancient Gear Knight,"This card is treated as a Normal Monster while face-up on the field or in the Graveyard. While this card is a Normal Monster on the field, you can Normal Summon it to have it become an Effect Monster with this effect.
● If this card attacks, your opponent cannot activate any Spell/Trap Cards until the end of the Damage Step.",https://images.ygoprodeck.com/images/cards/39303359.jpg
37663536,Ancient Gear Megaton Golem,"3 ""Ancient Gear"" monsters
If this card attacks, your opponent cannot activate Spell/Trap Cards until the end of the Damage Step. If this card was Fusion Summoned using 2 or more ""Ancient Gear Golem"" and/or ""Ancient Gear Golem - Ultimate Pound"" as material, it can attack up to that many times during each Battle Phase. If this face-up Fusion Summoned card in its owner's control leaves the field because of an opponent's card effect: You can Special Summon 1 ""Ultimate Ancient Gear Golem"" from your Extra Deck, ignoring its Summoning conditions.",https://images.ygoprodeck.com/images/cards/37663536.jpg
44874522,Ancient Gear Reactor Dragon,"If this card that was Tribute Summoned by Tributing an ""Ancient Gear"" monster attacks a Defense Position monster, inflict piercing battle damage to your opponent. If this card was Tribute Summoned by Tributing a ""Gadget"" monster, it can make a second attack during each Battle Phase. If this card attacks, your opponent's Spell/Trap Cards and monster effects cannot be activated until the end of the Damage Step. At the end of the Damage Step, if this card attacked: You can destroy 1 Spell/Trap Card on the field.",https://images.ygoprodeck.com/images/cards/44874522.jpg
47482043,Ancient Gear Reborn,"Once per turn, if you control no monsters: You can target 1 ""Ancient Gear"" monster in your Graveyard; Special Summon it, and if you do, it gains 200 ATK (even if this card leaves the field). You can only control 1 ""Ancient Gear Reborn"".",https://images.ygoprodeck.com/images/cards/47482043.jpg
56094445,Ancient Gear Soldier,"If this card attacks, your opponent cannot activate any Spell/Trap Cards until the end of the Damage Step.",https://images.ygoprodeck.com/images/cards/56094445.jpg
32762201,Ancient Gear Statue,"If your opponent controls more monsters than you do, you can Special Summon this card (from your hand). You can only Special Summon ""Ancient Gear Statue"" once per turn this way. You can Tribute this card; Special Summon 1 ""Ancient Gear Golem"", or 1 monster that mentions it, from your hand or Deck, except ""Ancient Gear Statue"", ignoring its Summoning conditions. You can only use this effect of ""Ancient Gear Statue"" once per turn.",https://images.ygoprodeck.com/images/cards/32762201.jpg
37457534,Ancient Gear Tank,"Equip only to an ""Ancient Gear"" monster. It gains 600 ATK. When this card is destroyed and sent to the Graveyard: Inflict 600 damage to your opponent.",https://images.ygoprodeck.com/images/cards/37457534.jpg
91098230,Ancient Gear Tanker,"If this card is Normal or Special Summoned: You can Special Summon 1 ""Ancient Gear"" monster from your hand, except ""Ancient Gear Tanker"", ignoring its Summoning conditions, or, if your opponent controls a monster, you can Special Summon from your GY instead. You can target 1 face-up card you control; destroy it, also for the rest of this turn, all monsters you control that are ""Ancient Gear Golem"", or mention it, gain 600 ATK. You can only use each effect of ""Ancient Gear Tanker"" once per turn.",https://images.ygoprodeck.com/images/cards/91098230.jpg
44052075,Ancient Gear Token,"This card can be used as an ""Ancient Gear Token"".


*If used for another Token, apply that Token's Type/Attribute/Level/ATK/DEF.",https://images.ygoprodeck.com/images/cards/44052075.jpg
59811955,Ancient Gear Workshop,"Target 1 ""Ancient Gear"" monster in your Graveyard; add that target to your hand.",https://images.ygoprodeck.com/images/cards/59811955.jpg
17663375,Ancient Gear Wyvern,"If this card is Normal or Special Summoned: You can add 1 ""Ancient Gear"" card from your Deck to your hand, except ""Ancient Gear Wyvern"", also you cannot Set cards for the rest of this turn. You can only use this effect of ""Ancient Gear Wyvern"" once per turn. If this card attacks, your opponent's monsters cannot activate their effects until the end of the Damage Step.",https://images.ygoprodeck.com/images/cards/17663375.jpg
81492226,Ancient Jar,A very fragile jar that contains something ancient and dangerous.,https://images.ygoprodeck.com/images/cards/81492226.jpg
54912977,Ancient Lamp,"During your Main Phase: You can Special Summon ""La Jinn the Mystical Genie of the Lamp"" from your hand. This card must be face-up on the field to activate and to resolve this effect. Before damage calculation, if this card is being attacked by an opponent's monster, and was face-down at the start of the Damage Step: You can target 1 monster your opponent controls, except the attacking monster; the attacking monster attacks it instead, and you proceed to damage calculation.",https://images.ygoprodeck.com/images/cards/54912977.jpg
11830996,Ancient Leaf,"If you have 9000 or more Life Points, you can pay 2000 Life Points to draw 2 cards.",https://images.ygoprodeck.com/images/cards/11830996.jpg
43230671,Ancient Lizard Warrior,"Before the dawn of man, this lizard warrior ruled supreme.",https://images.ygoprodeck.com/images/cards/43230671.jpg
14015067,Ancient One of the Deep Forest,"This creature adopts the form of a white goat living in the forest, but is actually a Forest Elder.",https://images.ygoprodeck.com/images/cards/14015067.jpg
4179255,Ancient Pixie Dragon,"1 Tuner + 1 or more non-Tuner monsters
After resolving a Field Spell Card that was activated during your turn: Draw 1 card. You can only use this effect of ""Ancient Pixie Dragon"" once per turn. Once per turn: You can target 1 face-up Attack Position monster on the field; destroy that target. There must be a face-up Field Spell Card on the field to activate and to resolve this effect.",https://images.ygoprodeck.com/images/cards/4179255.jpg
300302056,Ancient Ruler Rises,"Apply the following Skills:
● Once per turn, you can send 1 Level 2 Zombie monster from your Deck to the GY and place 1 of your ""The First Sarcophagus"", ""The Second Sarcophagus"", or ""The Third Sarcophagus"" from your Deck, GY, or that is banished, face-up in your Spell & Trap Zone. (This is treated as being placed by the effect of ""The First Sarcophagus"".)
● Each ""Spirit of the Pharaoh"" you control gains ATK equal to the total number of ""Pharaoh's Servant"" and ""Pharaonic Protector"" on your field and in your GY x 900.",https://images.ygoprodeck.com/images/cards/300302056.jpg
10667321,Ancient Rules,Special Summon 1 Level 5 or higher Normal Monster from your hand.,https://images.ygoprodeck.com/images/cards/10667321.jpg
25958491,Ancient Sacred Wyvern,"1 LIGHT Tuner + 1 or more non-Tuner monsters
While your LP is higher than your opponent's, this card gains ATK equal to the difference. While your LP is lower than your opponent's, this card loses ATK equal to the difference. When this card is destroyed by battle and sent to the Graveyard: You can pay 1000 LP; Special Summon this card.",https://images.ygoprodeck.com/images/cards/25958491.jpg
36821538,Ancient Sorcerer,"Armed with an array of magic wands, this creature is capable of multiple attacks.",https://images.ygoprodeck.com/images/cards/36821538.jpg
17092736,Ancient Telescope,See the top 5 cards of your opponent's Deck. Return the cards to the Deck in the same order.,https://images.ygoprodeck.com/images/cards/17092736.jpg
49587396,Ancient Tool,A destructive machine discovered in the Ruins of the Ancients.,https://images.ygoprodeck.com/images/cards/49587396.jpg
86421986,Ancient Tree of Enlightenment,This ancient arbor uses its extensive knowledge to avoid the damage of enemy attacks.,https://images.ygoprodeck.com/images/cards/86421986.jpg
33545259,Ancient Warriors - Ambitious Cao De,"While you control another ""Ancient Warriors"" monster, your opponent cannot target this card with card effects, also it cannot be destroyed by your opponent's card effects. You can only use each of the following effects of ""Ancient Warriors - Ambitious Cao De"" once per turn.
● If a card(s) your opponent controls is destroyed by battle or card effect: You can send 1 other card from your hand or field to the GY; Special Summon this card from your hand.
● When this card destroys an opponent's monster by battle and sends it to the GY: You can Special Summon that monster to your field in Defense Position.",https://images.ygoprodeck.com/images/cards/33545259.jpg
6438003,Ancient Warriors - Deceptive Jia Wen,"You can target 1 Continuous Spell/Trap you control; send it to the GY, and if you do, halve the ATK of 2 face-up monsters on the field, until the end of this turn. If a card(s) your opponent controls is destroyed by battle or card effect: You can target 1 ""Ancient Warriors"" card in your GY, except ""Ancient Warriors - Deceptive Jia Wen""; add it to your hand. You can only use each effect of ""Ancient Warriors - Deceptive Jia Wen"" once per turn.",https://images.ygoprodeck.com/images/cards/6438003.jpg
13923256,Ancient Warriors - Eccentric Lu Jing,"You can target 1 Continuous Spell/Trap you control; send it to the GY, and if you do, add 1 ""Ancient Warriors"" Spell/Trap with a different name from your GY to your hand. If your other ""Ancient Warriors"" monster's effect is activated (except during the Damage Step): You can target 1 Spell/Trap your opponent controls; destroy it. You can only use each effect of ""Ancient Warriors - Eccentric Lu Jing"" once per turn.",https://images.ygoprodeck.com/images/cards/13923256.jpg
60033398,Ancient Warriors - Fearsome Zhang Yuan,"All other ""Ancient Warriors"" monsters you control cannot be destroyed by battle. You can only use each of the following effects of ""Ancient Warriors - Fearsome Zhang Yuan"" once per turn.
● At the start of the Damage Step, when your ""Ancient Warriors"" monster battles an opponent's face-up monster: You can Special Summon this card from your hand, and if you do, that opponent's monster loses 1000 ATK.
● If a card(s) your opponent controls is destroyed by battle or card effect: You can target 1 card your opponent controls; destroy it.",https://images.ygoprodeck.com/images/cards/60033398.jpg
77539547,Ancient Warriors - Graceful Zhou Gong,"You can target 1 Continuous Spell/Trap you control; send it to the GY, and if you do, add 1 ""Ancient Warriors"" Spell/Trap from your Deck to your hand. If your other ""Ancient Warriors"" monster's effect is activated (except during the Damage Step): You can target 1 Effect Monster your opponent controls; negate its effects until the end of this turn. You can only use each effect of ""Ancient Warriors - Graceful Zhou Gong"" once per turn.",https://images.ygoprodeck.com/images/cards/77539547.jpg
32422602,Ancient Warriors - Ingenious Zhuge Kong,"If this card is added from the Deck to your hand by the effect of an ""Ancient Warriors"" card: You can Special Summon it. When a Spell/Trap Card is activated (Quick Effect): You can send 1 face-up ""Ancient Warriors"" Continuous Spell/Trap you control to the GY; negate the activation. When a monster effect is activated while you control ""Ancient Warriors - Virtuous Liu Xuan"" (Quick Effect): You can send 1 face-up ""Ancient Warriors"" Continuous Spell/Trap you control to the GY; negate the activation. You can only use each effect of ""Ancient Warriors - Ingenious Zhuge Kong"" once per turn.",https://images.ygoprodeck.com/images/cards/32422602.jpg
76416959,Ancient Warriors - Loyal Guan Yun,"If only your opponent controls a monster: You can Special Summon this card from your hand. Your opponent cannot target other ""Ancient Warriors"" monsters you control with card effects. If your opponent controls more monsters than you do: You can target 1 monster your opponent controls; destroy it. You can only use this effect of ""Ancient Warriors - Loyal Guan Yun"" once per turn.",https://images.ygoprodeck.com/images/cards/76416959.jpg
40140448,Ancient Warriors - Masterful Sun Mou,"While you control another ""Ancient Warriors"" monster, your opponent's monsters cannot target this card for attacks. You can only use each of the following effects of ""Ancient Warriors - Masterful Sun Mou"" once per turn.
● You can send 1 card from your hand or field to the GY; add 1 ""Ancient Warriors"" monster from your Deck to your hand, except ""Ancient Warriors - Masterful Sun Mou"".
● If your other ""Ancient Warriors"" monster's effect is activated (except during the Damage Step): You can target 1 monster your opponent controls; return it to the hand.",https://images.ygoprodeck.com/images/cards/40140448.jpg
82791472,Ancient Warriors - Rebellious Lu Feng,"Cannot be Normal Summoned/Set. Must be Special Summoned (from your hand) by controlling the highest ATK ""Ancient Warriors"" monster on the field (even if it's tied). You can only Special Summon ""Ancient Warriors - Rebellious Lu Feng"" once per turn this way. Once per turn, during the Main Phase (Quick Effect): You can destroy the 1 face-up monster your opponent controls with the highest ATK (your choice, if tied), also you cannot activate monster effects the turn you activate this effect, except ""Ancient Warriors"" monsters'. Once per turn, during the End Phase, if your opponent controls a monster with the highest ATK on the field (even if tied): Give control of this card to your opponent.",https://images.ygoprodeck.com/images/cards/82791472.jpg
79582540,Ancient Warriors - Savage Don Ying,"While you control a Level 7 or higher ""Ancient Warriors"" monster, your opponent must pay 400 LP to activate a card or effect. You can only use each of the following effects of ""Ancient Warriors - Savage Don Ying"" once per turn. If this card is Normal or Special Summoned: You can add 1 Level 7 or higher ""Ancient Warriors"" monster or 1 ""Ancient Warriors"" Continuous Spell/Trap from your Deck to your hand. If a monster is sent to your opponent's GY (except during the Damage Step): You can target 1 card in your opponent's GY; banish it, and if you do, draw 1 card.",https://images.ygoprodeck.com/images/cards/79582540.jpg
2801664,Ancient Warriors - Valiant Zhang De,"Gains 300 ATK for each monster your opponent controls, during your turn only. You can only use each of the following effects of ""Ancient Warriors - Valiant Zhang De"" once per turn.
● If you control 2 or more ""Ancient Warriors"" monsters: You can Special Summon this card from your hand.
● If your opponent controls more monsters than you do: You can activate this effect; this card can make up to 2 attacks on monsters during each Battle Phase this turn.",https://images.ygoprodeck.com/images/cards/2801664.jpg
40428851,Ancient Warriors - Virtuous Liu Xuan,"While you control another ""Ancient Warriors"" monster, your opponent's monsters cannot target this card for attacks. You can only use each of the following effects of ""Ancient Warriors - Virtuous Liu Xuan"" once per turn.
● If your opponent controls more monsters than you do: You can send 1 card from your hand or field to the GY; Special Summon 1 ""Ancient Warriors"" monster from your Deck, except ""Ancient Warriors - Virtuous Liu Xuan"". ● When an attack is declared involving another ""Ancient Warriors"" monster you control: You can draw 1 card.",https://images.ygoprodeck.com/images/cards/40428851.jpg
65711558,Ancient Warriors Oath - Double Dragon Lords,"2 Beast-Warrior monsters, including a WIND ""Ancient Warriors"" monster
All ""Ancient Warriors"" monsters you control gain 500 ATK/DEF. You can only use each of the following effects of ""Ancient Warriors Oath - Double Dragon Lords"" once per turn. If this card is Link Summoned: You can add 1 ""Ancient Warriors"" card from your Deck to your hand. (Quick Effect): You can send 1 card from your hand or field to the GY, then target 1 face-up card your opponent controls; return it to the hand.",https://images.ygoprodeck.com/images/cards/65711558.jpg
33609093,Ancient Warriors Saga - Borrowing of Arrows,"You can target 1 face-up monster your opponent controls and 1 ""Ancient Warriors"" monster you control; until the end of this turn, halve that opponent's monster's ATK, and if you do, add that lost ATK to your monster (even if this card leaves the field). If this card is sent to the GY while you control ""Ancient Warriors"" monsters with 2 or more different Attributes: You can place 1 ""Ancient Warriors"" Continuous Spell/Trap from your hand or Deck face-up on your field, except ""Ancient Warriors Saga - Borrowing of Arrows"". You can only use each effect of ""Ancient Warriors Saga - Borrowing of Arrows"" once per turn.",https://images.ygoprodeck.com/images/cards/33609093.jpg
82255872,Ancient Warriors Saga - Chivalrous Path,"If an ""Ancient Warriors"" monster(s) would be destroyed by battle, you can send this card to the GY instead. You can only use each of the following effects of ""Ancient Warriors Saga - Chivalrous Path"" once per turn. If your opponent Special Summons a monster(s) (except during the Damage Step): You can Special Summon 1 ""Ancient Warriors Token"" (Beast-Warrior/WIND/Level 1/ATK 500/DEF 500). When a card or effect is activated that targets an ""Ancient Warriors"" monster(s) on the field: You can banish this card from your GY; negate the activation.",https://images.ygoprodeck.com/images/cards/82255872.jpg
45115956,Ancient Warriors Saga - Deception and Betrayal,"During your Main Phase: You can Special Summon 1 ""Ancient Warriors"" monster from your hand, and if you do, take damage equal to its Level x 100. You can send this face-up card from the Spell & Trap Zone to the GY, then target 1 ""Ancient Warriors"" monster on the field; change it to any Attribute, then, if you targeted an opponent's monster, you can take control of it. You can only use each effect of ""Ancient Warriors Saga - Deception and Betrayal"" once per turn.",https://images.ygoprodeck.com/images/cards/45115956.jpg
4810585,Ancient Warriors Saga - Defense of Changban,"If your ""Ancient Warriors"" monster battles, your opponent cannot activate any Spell/Trap Cards until the end of the Damage Step. You can only use 1 of the following effects of ""Ancient Warriors Saga - Defense of Changban"" per turn, and only once that turn.
● At the start of your opponent's Battle Phase: You can send this face-up card from your Spell & Trap Zone to the GY; monsters your opponent controls cannot target ""Ancient Warriors"" monsters for attacks this turn.
● When an opponent's monster declares an attack: You can banish this card from your GY; Special Summon 1 ""Ancient Warriors"" monster from your Deck.",https://images.ygoprodeck.com/images/cards/4810585.jpg
62528292,Ancient Warriors Saga - East-by-South Winds,"You must send this card to the GY during your 2nd Standby Phase after activation. Once per turn, during your Main Phase: Toss a coin and if the result is heads, send this card to the GY. If this card is sent from the Spell & Trap Zone to the GY: You can activate this effect; this turn, your opponent cannot activate cards or effects in response to the activation of your ""Ancient Warriors"" cards and effects, also until the end of the turn, all ""Ancient Warriors"" Effect Monsters you currently control gain this effect.
● When this card declares an attack: You can destroy 1 card your opponent controls.",https://images.ygoprodeck.com/images/cards/62528292.jpg
58116537,Ancient Warriors Saga - Sun-Liu Alliance,"If you control ""Ancient Warriors"" monsters with 2 or more different Attributes: You can declare 1 Attribute; your opponent cannot activate the effects of monsters they currently control with that Attribute, until the end of this turn (even if this card leaves the field). If your opponent Special Summons a monster(s), or you activate an ""Ancient Warriors"" monster's effect (except during the Damage Step): You can make all ""Ancient Warriors"" monsters you control gain 300 ATK for each ""Ancient Warriors"" monster you control until the end of this turn (even if this card leaves the field). You can only use each effect of ""Ancient Warriors Saga - Sun-Liu Alliance"" once per turn.",https://images.ygoprodeck.com/images/cards/58116537.jpg
11711438,Ancient Warriors Saga - Three Visits,"During your Main Phase, if you Normal or Special Summon an ""Ancient Warriors"" monster(s): You can target 1 of those monsters; add 1 ""Ancient Warriors"" monster with a different name from your Deck to your hand. If this card is sent from the Spell & Trap Zone to the GY: You can Special Summon 1 ""Ancient Warriors"" monster from your hand. You can only use each effect of ""Ancient Warriors Saga - Three Visits"" once per turn. Send this card to the GY during your 2nd Standby Phase after activation.",https://images.ygoprodeck.com/images/cards/11711438.jpg
47594939,And the Band Played On,Neither player can Special Summon monsters with the same Level as those they control. Neither player can Special Summon monsters with the same Rank as those they control.,https://images.ygoprodeck.com/images/cards/47594939.jpg
15013468,Andro Sphinx,"You can pay 500 Life Points to Special Summon this card when ""Pyramid of Light"" is on the field. This card cannot attack during the turn that it is Normal Summoned or Special Summoned. This card cannot be Special Summoned from the Graveyard. If this card destroys a Defense Position monster as a result of battle, inflict damage to your opponent's Life Points equal to half of the ATK of the destroyed monster.",https://images.ygoprodeck.com/images/cards/15013468.jpg
53266486,Anesthrokket Dragon,"When a Link Monster's effect is activated that targets this face-up card on the field (Quick Effect): You can destroy this card, then make 1 face-up monster on the field unable to attack, also it has its effects negated. During the End Phase, if this card is in the GY because it was destroyed on the field by battle or card effect and sent there this turn: You can Special Summon 1 ""Rokket"" monster from your Deck, except ""Anesthrokket Dragon"". You can only use each effect of ""Anesthrokket Dragon"" once per turn.",https://images.ygoprodeck.com/images/cards/53266486.jpg
82243738,Angel O1,"You can Special Summon this card (from your hand) by revealing 1 Level 7 or higher monster from your hand. You can only Special Summon ""Angel O1"" once per turn this way. While you control this Special Summoned card, you can Tribute Summon 1 Level 7 or higher monster in Attack Position during your Main Phase, in addition to your Normal Summon/Set. (You can only gain this effect once per turn.)",https://images.ygoprodeck.com/images/cards/82243738.jpg
56784842,Angel O7,"When this card is Tribute Summoned, it gains the following effect: ● The effects of Effect Monsters cannot be activated.",https://images.ygoprodeck.com/images/cards/56784842.jpg
44822037,Angel Statue - Azurune,"Special Summon this card as an Effect Monster (Fairy/LIGHT/Level 4/ATK 1800/DEF 1800). (This card is also still a Trap.) Once per turn, when your opponent would Special Summon a monster(s) while this card is in your Monster Zone: You can send to the GY, 1 Continuous Trap in your Monster Zone that was Special Summoned from the Spell & Trap Zone; negate the Summon, and if you do, destroy that monster(s). When this card in the Monster Zone is destroyed by battle: You can destroy the monster that destroyed this card.",https://images.ygoprodeck.com/images/cards/44822037.jpg
87979586,Angel Trumpeter,"This beautiful, fairy-like flower generates a delusional mist to keep intruders away from the deepest parts of the forest, where sacred beasts dwell.",https://images.ygoprodeck.com/images/cards/87979586.jpg
91706817,Angel of Blue Tears,"Target 1 face-up monster on the field; its controller's opponent takes damage equal to the number of cards in their hand x 200, then negate that target's effects until the end of this turn. If effect damage is inflicted (except during the Damage Step): You can banish this card from your GY; Set 1 Normal Trap directly from your hand or Deck. If Set from the hand, it can be activated this turn. You can only use 1 ""Angel of Blue Tears"" effect per turn, and only once that turn.",https://images.ygoprodeck.com/images/cards/91706817.jpg
42216237,Angel of Zera,"1 Tuner + 1 or more non-Tuner monsters
This card gains 100 ATK for each of your opponent's banished cards. During the Standby Phase of the next turn after this card was banished: Special Summon this banished card. You can only use the effect of ""Angel of Zera"" once per turn.",https://images.ygoprodeck.com/images/cards/42216237.jpg
40678060,Angelica's Angelic Ring,"Equip only to a monster you control equipped with an Equip Card. You can only control 1 ""Angelica's Angelic Ring"". Each turn, negate the effect of your opponent's first Spell Card or effect that resolves. Once per turn, while this card is equipped to a monster: You can gain 500 LP, then destroy this card, and if you do, your opponent cannot target the monster this card was equipped to with card effects, while it is face-up in the Monster Zone.",https://images.ygoprodeck.com/images/cards/40678060.jpg
36320744,"Angelica, Princess of Noble Arms","1 Tuner + 1+ non-Tuner monsters
If this card is Special Summoned: You can add 1 ""Horn of Olifant"", or 1 card that mentions ""Infernoble Knight Emperor Charles"", from your Deck to your hand. When a card or effect is activated that targets this card on the field, or when this card is targeted for an attack (Quick Effect): You can send 1 FIRE Warrior monster from your Deck to the GY, and if you do, banish this card (until the End Phase), then you can Special Summon 1 ""Roland"" monster from your Deck or Extra Deck. You can only use each effect of ""Angelica, Princess of Noble Arms"" once per turn.",https://images.ygoprodeck.com/images/cards/36320744.jpg
3048768,Angello Vaalmonica,"[ Pendulum Effect ] 
Each time you gain LP while you control a Fiend Monster Card in your other Pendulum Zone, place 1 Resonance Counter on this card. Once per turn, when an opponent's monster declares an attack, you can: Immediately after this effect resolves, Link Summon 1 ""Vaalmonica"" Link Monster.
[ Monster Effect ] 
If this card is in your hand: You can discard 1 other card; take 1 ""Dimonno Vaalmonica"" from your Deck, and place this card and that card in your Pendulum Zones. During your Main Phase, if this card was Normal or Special Summoned this turn: You can banish 1 ""Vaalmonica"" Normal Spell/Trap from your GY; apply whichever effect on that card includes gaining LP. You can only use each effect of ""Angello Vaalmonica"" once per turn.",https://images.ygoprodeck.com/images/cards/3048768.jpg
65612386,Angmarl the Fiendish Monarch,When this card is Tribute Summoned: You can banish 1 Spell Card from your Graveyard; add 1 card with the same name as the banished Spell Card from your Deck to your hand.,https://images.ygoprodeck.com/images/cards/65612386.jpg
73979030,Angraecum Umbrella,"When this card is Normal Summoned: You can discard 1 card, then target 1 Level 4 or lower monster in your GY; Special Summon it in Defense Position, but negate its effects, also for the rest of this turn, you cannot Special Summon monsters from the Extra Deck, except Synchro Monsters.",https://images.ygoprodeck.com/images/cards/73979030.jpg
98022050,Animadorned Archosaur,"If this card is Normal or Special Summoned: You can destroy 1 Dinosaur monster in your hand or face-up field, except ""Animadorned Archosaur"", then add 1 Reptile, Sea Serpent, or Winged Beast monster with the same original Level as that destroyed monster, OR 1 ""Evolution Pill"" Spell, from your Deck to your hand. You can only use this effect of ""Animadorned Archosaur"" once per turn.",https://images.ygoprodeck.com/images/cards/98022050.jpg
595626,Ankuriboh,"When an opponent's monster declares an attack: You can discard this card, then target 1 monster in either GY, except this card; Special Summon it to your field, but send it to the GY during the End Phase. If this card is destroyed by battle or card effect and sent to the GY: You can add 1 ""Monster Reborn"" from your Deck or GY to your hand during the End Phase of this turn. You can only use each effect of ""Ankuriboh"" once per turn.",https://images.ygoprodeck.com/images/cards/595626.jpg
29603180,Annihilator Archfiend,"You can target 1 card you control and 1 card your opponent controls; destroy them, and if you destroyed a face-up Fiend monster(s) by this effect, this card gains ATK equal to half the Fiend monster(s)'s original ATK, until the end of this turn. You can only use this effect of ""Annihilator Archfiend"" once per turn.",https://images.ygoprodeck.com/images/cards/29603180.jpg
47484352,Anotherverse Dragon,"''This secretive dragon has conquered many dimensions, but can only be seen by the champion of time.''",https://images.ygoprodeck.com/images/cards/47484352.jpg
86893702,Anotherverse Gluttonia,"''A massive, malevolent monstrosity, devourer of diverse dimensions, who molds multiple domains where only the mightiest dare dwell.''",https://images.ygoprodeck.com/images/cards/86893702.jpg
48365709,Ansatsu,A silent and deadly warrior specializing in assassinations.,https://images.ygoprodeck.com/images/cards/48365709.jpg
34236961,Ante,"Each Player reveals 1 card from their hand. If one card is higher Level than the other, the card with the lower Level is sent to the Graveyard, and the player who revealed it takes 1000 damage. (Non-Monster Cards are treated as Level 0.)",https://images.ygoprodeck.com/images/cards/34236961.jpg
13250922,Anteatereatingant,"This card cannot be Normal Summoned or Set. This card cannot be Special Summoned except by sending 2 Spell or Trap Cards you control to the Graveyard. You can destroy 1 Spell or Trap Card your opponent controls. If you activate this effect, this card cannot attack during this turn.",https://images.ygoprodeck.com/images/cards/13250922.jpg
89904598,Anthrosaurus,"Dis man-like dinosawz gotta high I.Q., even tho he's lackin' in da strength depawtment. (Kinda like yooz, if ya had a high I.Q.! Nyaah!)",https://images.ygoprodeck.com/images/cards/89904598.jpg
42364257,Anti Raigeki,"When your opponent activates ""Raigeki"": Negate its effect, and if you do, destroy all monsters your opponent controls.",https://images.ygoprodeck.com/images/cards/42364257.jpg
65064143,Anti-Aircraft Flower,"By Tributing 1 Insect-Type monster on your side of the field, inflict 800 points of damage to your opponent's Life Points.",https://images.ygoprodeck.com/images/cards/65064143.jpg
72150572,Anti-Fusion Device,Destroy 1 face-up Fusion Monster on the field.,https://images.ygoprodeck.com/images/cards/72150572.jpg
97120394,Anti-Magic Arrows,"At the start of the Battle Phase: For the rest of this turn after this card resolves, Spell/Trap Cards, and their effects, cannot be activated. Cards and effects cannot be activated in response to this card's activation.",https://images.ygoprodeck.com/images/cards/97120394.jpg
20138923,Anti-Magic Prism,Activate only when your opponent activates a Quick-Play Spell Card. Select 1 card on the field and destroy it.,https://images.ygoprodeck.com/images/cards/20138923.jpg
53112492,Anti-Spell,Remove 2 Spell Counters on your side of the field to negate the activation of a Spell Card and destroy it.,https://images.ygoprodeck.com/images/cards/53112492.jpg
58921041,Anti-Spell Fragrance,"Both players must Set Spell Cards before activating them, and cannot activate them until their next turn after Setting them.",https://images.ygoprodeck.com/images/cards/58921041.jpg
43583400,Antialian,"Once per turn, if this card battled a monster this Battle Phase, you can (Quick Effect): Immediately after this effect resolves, Normal Summon 1 Cyberse monster. If this face-up card you control leaves the field because of an opponent's card effect: Draw 1 card.",https://images.ygoprodeck.com/images/cards/43583400.jpg
31539614,Antidote Nurse,"2+ Level 3 monsters
(Quick Effect): You can detach 1 material from this card, then target 1 monster on the field whose current ATK and/or DEF is different from its original value; its ATK/DEF become its original ATK/DEF, then, if you targeted a monster you controlled at activation, it cannot be destroyed by battle or card effects this turn. Once per turn, if another monster(s) is Special Summoned to your field and this card has 3 or more materials (except during the Damage Step): You can make that monster(s) gain 900 ATK.",https://images.ygoprodeck.com/images/cards/31539614.jpg
58844135,Antihuman Intelligence ME-PSY-YA,"[ Pendulum Effect ] 
Any card sent to the GY is banished instead, except Monster Cards.
[ Monster Effect ] 
You can reveal this card in your hand; add 1 other Pendulum Monster from your hand, or 1 card from your Pendulum Zone, to its owner's Extra Deck face-up, and if you do, Special Summon this card. You can only use this effect of ""Antihuman Intelligence ME-PSY-YA"" once per turn. If another monster(s) is Normal or Special Summoned while you control this card: Send that monster(s) to the GY during the End Phase of this turn.",https://images.ygoprodeck.com/images/cards/58844135.jpg
41098335,Ape Fighter,"If this card destroys an opponent's monster by battle: This card gains 300 ATK. If this card does not attack during your turn, the ATK gained from this effect returns to 0 during the End Phase of that turn.",https://images.ygoprodeck.com/images/cards/41098335.jpg
31975743,Ape Magician,"Cannot be Special Summoned. Once per turn, if this card is in face-up Attack Position: You can send 1 monster from your hand to the Graveyard to target 1 face-up Defense Position monster your opponent controls; take control of it until the End Phase. It cannot change its battle position this turn.",https://images.ygoprodeck.com/images/cards/31975743.jpg
25573115,Apex Predation,"If you control a Normal Summoned/Set monster: Destroy all Special Summoned monsters on the field. Until the end of your next turn after this card is activated, you cannot Normal Summon/Set. You can only activate 1 ""Apex Predation"" per turn.",https://images.ygoprodeck.com/images/cards/25573115.jpg
41158734,Apocatequil,"While this card is face-up on the field, it is Level 5 if you control a face-up Tuner monster. When this card on the field is destroyed and sent to the Graveyard, you can select and Special Summon 1 ""Oracle of the Sun"" from your Graveyard.",https://images.ygoprodeck.com/images/cards/41158734.jpg
4280258,"Apollousa, Bow of the Goddess","2+ monsters with different names, except Tokens
You can only control 1 ""Apollousa, Bow of the Goddess"". The original ATK of this card becomes 800 x the number of Link Materials used for its Link Summon. Once per Chain, when your opponent activates a monster effect (Quick Effect): You can make this card lose exactly 800 ATK, and if you do, negate the activation.",https://images.ygoprodeck.com/images/cards/4280258.jpg
85888377,Apophis the Swamp Deity,"During the Main Phase: Special Summon this card as a Normal Monster (Reptile/EARTH/Level 6/ATK 2000/DEF 2200) (this card is also still a Trap), then, you can negate the effects of face-up cards your opponent controls, up to the number of other Continuous Traps you control, until the end of this turn.",https://images.ygoprodeck.com/images/cards/85888377.jpg
40061558,Apoqliphort Skybase,"Cannot be Special Summoned. Requires 3 ""Qli"" Tributes to Normal Summon/Set. If this card is Normal Summoned/Set, it is unaffected by Spell/Trap effects and by activated effects from any monster whose original Level/Rank is lower than this card's current Level. Once per turn: You can target 1 monster your opponent controls; take control of it until the End Phase.",https://images.ygoprodeck.com/images/cards/40061558.jpg
27279764,Apoqliphort Towers,"Cannot be Special Summoned. Requires 3 ""Qli"" Tributes to Normal Summon/Set. If this card is Normal Summoned/Set, it is unaffected by Spell/Trap effects and by activated effects from any monster whose original Level/Rank is lower than this card's current Level. All Special Summoned monsters lose 500 ATK and DEF. Once per turn: You can make your opponent send 1 monster from their hand or their side of the field to the Graveyard (their choice).",https://images.ygoprodeck.com/images/cards/27279764.jpg
91392974,Apparition,"If a face-up ""HERO"" monster(s) you control is destroyed by battle or card effect: Special Summon 1 Level 4 or lower ""Vision HERO"" monster from your Deck, then you can halve the original ATK/DEF of 1 monster your opponent controls. You can only activate 1 ""Apparition"" per turn.",https://images.ygoprodeck.com/images/cards/91392974.jpg
56132807,Apple Magician Girl,"Once per turn, if this card is targeted for an attack: You can Special Summon 1 Level 5 or lower Spellcaster-Type monster from your hand, then change the attack target to it, and if you do, the attacking monster's ATK becomes half its current ATK. If this card is destroyed by battle or card effect: You can target up to 3 other ""Magician Girl"" monsters with different names in your Graveyard; add them to your hand.",https://images.ygoprodeck.com/images/cards/56132807.jpg
43341600,Apple of Enlightenment,"Target cards in your opponent's GY, up to the number of ""Valkyrie"" monsters you control; banish them. If this Set card in its owner's control has left the field because of an opponent's effect, and is now in the GY or banished: You can draw cards equal to the number of ""Valkyrie"" monsters you control +1.",https://images.ygoprodeck.com/images/cards/43341600.jpg
5846183,Appliancer Breakerbuncle,"During damage calculation, if an ""Appliancer"" monster you control battles an opponent's monster (Quick Effect): You can discard this card; for that battle, that monster you control cannot be destroyed, also you take no battle damage. If an ""Appliancer"" monster(s) you control would be destroyed by a card effect, you can banish this card from your field or GY instead.",https://images.ygoprodeck.com/images/cards/5846183.jpg
78225596,Appliancer Celtopus,"2 ""Appliancer"" monsters
This linked card cannot be targeted by your opponent's card effects, or their monsters' attacks. During damage calculation, if an ""Appliancer"" Link Monster you control co-linked to this card battles an opponent's monster: Your battling monster gains ATK equal to the number of monsters co-linked to this card x 1000, during that damage calculation only. Once per turn, if an ""Appliancer"" Link Monster(s) you control that is not co-linked to this card is destroyed by battle or card effect: You can draw 1 card.",https://images.ygoprodeck.com/images/cards/78225596.jpg
27157996,Appliancer Conversion,"Banish as many ""Appliancer"" Link Monsters from your Main Monster Zone as possible, then you can Special Summon your banished ""Appliancer"" Link Monsters up to the number banished by this effect. During your Main Phase, if this card is in your GY, except the turn it was sent there: You can banish 1 other ""Appliancer"" Spell/Trap from your GY; add this card to your hand. You can only use each effect of ""Appliancer Conversion"" once per turn.",https://images.ygoprodeck.com/images/cards/27157996.jpg
41830887,Appliancer Copybokkle,"You can target 1 ""Appliancer"" monster you control; Special Summon this card from your hand, and if you do, this card's name becomes that monster's name until the End Phase. During your Main Phase, except the turn this card was sent to the GY: You can banish this card from your GY, then target 1 ""Appliancer"" monster you control; Special Summon 1 monster with the same name from your hand or GY. You can only use each effect of ""Appliancer Copybokkle"" once per turn.",https://images.ygoprodeck.com/images/cards/41830887.jpg
3507053,Appliancer Dryer Drake,"1 ""Appliancer"" monster
Cannot be used as Link Material the turn it is Link Summoned. This linked card gains 1000 ATK. Once per turn, during your Battle Phase, if this card is co-linked (except during the Damage Step): You can switch the locations of 2 ""Appliancer"" monsters in your Main Monster Zones, including this card, and if you do, the other monster can make a second attack during each Battle Phase this turn. Once per turn, when this card that is not co-linked is targeted for an attack: You can negate that attack.",https://images.ygoprodeck.com/images/cards/3507053.jpg
3875465,Appliancer Electrilyrical World,"When this card is activated: You can add 1 ""Appliancer"" card from your Deck to your hand, except a Field Spell. Once per turn, if you Link Summon an ""Appliancer"" Link Monster(s): You can add 1 ""Appliancer"" monster from your GY to your hand. Once per turn, when a monster declares an attack: You can move 1 ""Appliancer"" monster you control to another of your Main Monster Zones. You can only activate 1 ""Appliancer Electrilyrical World"" per turn.",https://images.ygoprodeck.com/images/cards/3875465.jpg
4729591,Appliancer Kappa Scale,"1 ""Appliancer"" monster
Cannot be used as Link Material the turn it is Link Summoned. You can Tribute this co-linked card; Special Summon 1 ""Appliancer"" Link Monster from your GY, except ""Appliancer Kappa Scale"". You can Tribute this card that is not co-linked; Special Summon 1 Level 4 or lower ""Appliancer"" monster from your GY. You can only use each effect of ""Appliancer Kappa Scale"" once per turn.",https://images.ygoprodeck.com/images/cards/4729591.jpg
77102944,Appliancer Laundry Dragon,"1 ""Appliancer"" monster
Cannot be used as Link Material the turn it is Link Summoned. Neither player takes any battle damage from attacks involving this card. Once per turn, after damage calculation, if this co-linked card battles an opponent's monster: You can banish that opponent's monster. Once per turn, after damage calculation, if this monster that is not co-linked battles an opponent's monster: You can destroy that opponent's monster, and if you do, inflict damage to your opponent equal to its original ATK.",https://images.ygoprodeck.com/images/cards/77102944.jpg
81769387,Appliancer Propelion,"1 ""Appliancer"" monster
Cannot be used as Link Material the turn it is Link Summoned. This card can attack directly. Once per turn, during damage calculation, if your monster battles an opponent's monster, while this card is co-linked (Quick Effect): You can make that opponent's monster's ATK 0 during that damage calculation only. Once per turn, during damage calculation, if this monster that is not co-linked battles an opponent's monster (Quick Effect): You can make that opponent's monster's ATK 0 during that damage calculation only.",https://images.ygoprodeck.com/images/cards/81769387.jpg
30996652,Appliancer Reuse,"Target 1 ""Appliancer"" monster in your GY; Special Summon it, but place it on the bottom of the Deck when it leaves the field.",https://images.ygoprodeck.com/images/cards/30996652.jpg
78447174,Appliancer Socketroll,"If you control an ""Appliancer"" monster: You can Special Summon this card from your hand. If another ""Appliancer Socketroll"" is Special Summoned to your field while you control this monster (except during the Damage Step): You can Special Summon 1 ""Appliancer Socketroll"" from your Deck. You can only use each effect of ""Appliancer Socketroll"" once per turn.",https://images.ygoprodeck.com/images/cards/78447174.jpg
66380357,Appliancer Test,"Target 1 ""Appliancer"" Link Monster you control; Special Summon as many Link-1 ""Appliancer"" monsters from your GY as possible to your zones that monster points to, but banish them during the End Phase. You can only activate 1 ""Appliancer Test"" per turn.",https://images.ygoprodeck.com/images/cards/66380357.jpg
30118200,Appliancer Vacculephant,"1 ""Appliancer"" monster
Cannot be used as Link Material the turn it is Link Summoned. Can attack directly while it is not co-linked. You can send 1 card from your hand to the GY, then target 1 card your opponent controls; destroy it. If this card is co-linked: You can target 1 monster in your opponent's Main Monster Zone; destroy it. You can only use 1 ""Appliancer Vacculephant"" effect per turn, and only once that turn.",https://images.ygoprodeck.com/images/cards/30118200.jpg
43262273,Appointer of the Red Lotus,Pay 2000 Life Points and reveal all cards in your hand. Look at your opponent's hand and select 1 card. Remove that card from play until your opponent's next End Phase.,https://images.ygoprodeck.com/images/cards/43262273.jpg
30603688,Apprentice Illusion Magician,"You can Special Summon this card (from your hand) by discarding 1 card. If this card is Normal or Special Summoned: You can add 1 ""Dark Magician"" from your Deck to your hand. During damage calculation, if your other DARK Spellcaster monster battles an opponent's monster (Quick Effect): You can send this card from your hand or face-up field to the GY; that monster you control gains 2000 ATK/DEF during that damage calculation only.",https://images.ygoprodeck.com/images/cards/30603688.jpg
9156135,Apprentice Magician,If this card is Summoned: Target 1 face-up card on the field that you can place a Spell Counter on; place 1 Spell Counter on that target. If this card is destroyed by battle: You can Special Summon 1 Level 2 or lower Spellcaster monster from your Deck in face-down Defense Position.,https://images.ygoprodeck.com/images/cards/9156135.jpg
64977888,Apprentice Piper,"FLIP: You can Special Summon 1 monster from your hand.
If this card is destroyed by battle or card effect and sent to the Graveyard: You can Special Summon 1 monster from your hand.",https://images.ygoprodeck.com/images/cards/64977888.jpg
101206050,Approaching Machine,"Add 1 monster that mentions ""Enhanced Metalmorph"" OR 1 ""Metalmorph"" Trap from your Deck or GY to your hand. If you control a ""Metalmorph"" Trap: You can banish this card from your GY, then target 1 opponent's Defense Position monster; change it to Attack Position. You can only use this effect of ""Approaching Machine"" once per turn.",https://images.ygoprodeck.com/images/cards/101206050.jpg
48539234,Appropriate,"Activate only when your opponent draws a card(s) outside of either Draw Phase. After that, each time your opponent draws a card(s) outside of either Draw Phase, immediately draw 2 cards.",https://images.ygoprodeck.com/images/cards/48539234.jpg
96427353,Aqua Armor Ninja,"When your opponent's monster declares a direct attack, if you have another ""Ninja"" monster in your Graveyard: You can banish this card from your Graveyard to target the attacking monster; negate that attack.",https://images.ygoprodeck.com/images/cards/96427353.jpg
95132338,Aqua Chorus,"If there are monsters with the same name on the field, increase the ATK and DEF of all of those monsters with the same name by 500 points.",https://images.ygoprodeck.com/images/cards/95132338.jpg
59131526,Aqua Chorus Round,"Banish 1 card from your hand, and if you do, during your next Standby Phase, you can add up to 2 cards with the same name as that banished card from your Deck to your hand. If you activated this card while your opponent controlled no cards, for the rest of this turn you cannot activate cards, or the effects of cards, with the same original name as that banished card.",https://images.ygoprodeck.com/images/cards/59131526.jpg
86164529,Aqua Dragon,"""Fairy Dragon"" + ""Amazon of the Seas"" + ""Zone Eater""",https://images.ygoprodeck.com/images/cards/86164529.jpg
7653207,Aqua Jet,"Target 1 face-up Fish, Sea Serpent, or Aqua-Type monster you control; it gains 1000 ATK.",https://images.ygoprodeck.com/images/cards/7653207.jpg
85639257,Aqua Madoor,A wizard of the waters that conjures a liquid wall to crush any enemies that oppose him.,https://images.ygoprodeck.com/images/cards/85639257.jpg
12436646,Aqua Snake,This monster hypnotizes an opponent with the ball on its tail and draws them to a watery doom.,https://images.ygoprodeck.com/images/cards/12436646.jpg
40916023,Aqua Spirit,"This card cannot be Normal Summoned or Set. This card can only be Special Summoned by removing from play 1 WATER monster in your Graveyard. During each of your opponent's Standby Phases, you can change the battle position of 1 of your opponent's face-up Monster Cards. Once changed, the monster must remain in this position for the rest of the turn.",https://images.ygoprodeck.com/images/cards/40916023.jpg
28325165,Aqua Story - Urashima,"If you have an ""Aquaactress"" monster in your Graveyard: Target 1 monster on the field; until the end of this turn, its effects are negated, its ATK and DEF become 100, also it is unaffected by your opponent's card effects.",https://images.ygoprodeck.com/images/cards/28325165.jpg
92053608,Aquaactress Arowana,"Once per turn: You can add 1 ""Aquaactress"" monster from your Deck to your hand.",https://images.ygoprodeck.com/images/cards/92053608.jpg
66668900,Aquaactress Guppy,"Once per turn: You can Special Summon 1 ""Aquaactress"" monster from your hand.",https://images.ygoprodeck.com/images/cards/66668900.jpg
39260991,Aquaactress Tetra,"Once per turn: You can add 1 ""Aquarium"" card from your Deck to your hand.",https://images.ygoprodeck.com/images/cards/39260991.jpg
78910579,Aquamirror Cycle,"Target 1 WATER monster you control and 2 WATER monsters in your Graveyard; shuffle the first target into the Deck, and if you do, add the second targets to your hand.",https://images.ygoprodeck.com/images/cards/78910579.jpg
64437633,Aquamirror Illusion,"Special Summon 1 ""Gishki"" Ritual Monster from your hand. It cannot attack, and is returned to the hand during the End Phase.",https://images.ygoprodeck.com/images/cards/64437633.jpg
46337945,Aquamirror Meditation,"Reveal 1 Ritual Spell Card in your hand to target 2 ""Gishki"" monsters in your Graveyard; return them to the hand.",https://images.ygoprodeck.com/images/cards/46337945.jpg
22377815,Aquarian Alessa,"This card is treated as a Normal Monster while face-up on the field or in the Graveyard. While this card is face-up on the field, you can Normal Summon it to have it be treated as an Effect Monster with this effect:
● When this card destroys an opponent's monster by battle and sends it to the Graveyard, they discard 1 random card.",https://images.ygoprodeck.com/images/cards/22377815.jpg
91831066,Aquarium Lighting,"If an ""Aquaactress"" monster you control battles an opponent's monster, during damage calculation: Your battling monster's ATK and DEF each become double its current ATK and DEF during that damage calculation only. If this card is sent from the field to the Graveyard: You can target 1 Aqua-Type monster in your Graveyard; Special Summon it, also you cannot Special Summon monsters for the rest of this turn, except Aqua-Type monsters. You can only control 1 ""Aquarium Lighting"".",https://images.ygoprodeck.com/images/cards/91831066.jpg
65446452,Aquarium Set,"All WATER monsters you control gain 300 ATK and DEF. All ""Aquaactress"" monsters you control gain 300 ATK and DEF. If this card is sent from the field to the Graveyard: You can target 1 Aqua-Type monster in your Graveyard; Special Summon it, also you cannot Special Summon monsters for the rest of this turn, except Aqua-Type monsters.",https://images.ygoprodeck.com/images/cards/65446452.jpg
29047353,Aquarium Stage,"WATER monsters you control cannot be destroyed by battle with a non-WATER monster. ""Aquaactress"" monsters you control are unaffected by your opponent's monster effects. If this card is sent from the field to the Graveyard: You can target 1 Aqua-Type monster in your Graveyard; Special Summon it, also you cannot Special Summon monsters for the rest of this turn, except Aqua-Type monsters.",https://images.ygoprodeck.com/images/cards/29047353.jpg
75771170,Arahime the Manifested Mikanko,"You can Ritual Summon this card with ""Mikanko Kagura"". Cannot be destroyed by battle, also your opponent takes any battle damage you would have taken from battles involving this card. If you have this card in your hand or GY, and another ""Mikanko"" card in your GY: You can target 1 face-up monster on the field; equip this card to it as an Equip Spell. You can only use this effect of ""Arahime the Manifested Mikanko"" once per turn. Once per turn, during the End Phase, while this card is equipped to a monster: You can return this card and the equipped monster to the hand.",https://images.ygoprodeck.com/images/cards/75771170.jpg
16889337,Aratama,"Cannot be Special Summoned. During the End Phase of the turn this card is Normal Summoned or flipped face-up: Return it to the hand. When this card is Normal Summoned or flipped face-up: You can add 1 Spirit monster from your Deck to your hand, except ""Aratama"".",https://images.ygoprodeck.com/images/cards/16889337.jpg
57964143,Arbitration of White,"You can target 1 Fish monster you control; it is treated as a Tuner this turn. When an opponent's monster declares an attack: You can discard 1 Fish monster; change all monsters your opponent controls to Defense Position. If your Fish monster is destroyed by battle or sent to your GY: You can send this face-up card from your Spell & Trap Zone to the GY; Special Summon 1 Fish monster from your GY. You can only use each effect of ""Arbitration of White"" once per turn.",https://images.ygoprodeck.com/images/cards/57964143.jpg
64276752,Arc Rebellion Xyz Dragon,"3 Level 5 monsters
This Xyz Summoned card cannot be destroyed by card effects. You can detach 1 material from this card; this card gains ATK equal to the total original ATK of all other monsters on the field, then, if this card has a DARK Xyz Monster as material, negate the effects of all other face-up monsters on the field. After this effect resolves, you cannot declare attacks with other monsters for the rest of this turn. You can only use this effect of ""Arc Rebellion Xyz Dragon"" once per turn.",https://images.ygoprodeck.com/images/cards/64276752.jpg
99189322,Arcana Call,"Select 1 ""Arcana Force"" monster you control. Remove from play 1 ""Arcana Force"" monster from either player's Graveyard. Until the End Phase, the selected monster's effect becomes the removed monster's effect for the same coin toss result.",https://images.ygoprodeck.com/images/cards/99189322.jpg
64454614,Arcana Extra Joker,"3 Warrior monsters with different names
Once per turn, when a Spell/Trap Card, or monster effect, is activated that targets this face-up card on the field or a monster this card points to (Quick Effect): You can discard the same type of card (Monster, Spell, or Trap); negate the activation. When this Link Summoned card is destroyed by battle and sent to the GY: You can Special Summon 1 Level 4 Warrior Normal Monster from your Deck, and if you do, add 1 Level 4 Warrior monster from your Deck to your hand.",https://images.ygoprodeck.com/images/cards/64454614.jpg
62892347,Arcana Force 0 - The Fool,"This card cannot be destroyed by battle. This card cannot be changed to Defense Position, except with a card effect. When this card is Summoned: Toss a coin and gain the appropriate effect. ● Heads: Negate your card effects that target this card, and destroy them. ● Tails: Negate your opponent's card effects that target this card, and destroy them.",https://images.ygoprodeck.com/images/cards/62892347.jpg
69831560,Arcana Force EX - The Dark Ruler,"Cannot be Normal Summoned/Set. Must be Special Summoned (from your hand) by sending 3 monsters you control to the Graveyard, and cannot be Special Summoned by other ways. When this card is Special Summoned: Toss a coin and gain the appropriate effect.
● Heads: This card can make a second attack during each Battle Phase, but if it does so using this effect, change it to Defense Position at the end of the Battle Phase. Its battle position cannot be changed until the end of your next turn.
● Tails: If this card is destroyed, destroy all cards on the field.",https://images.ygoprodeck.com/images/cards/69831560.jpg
5861892,Arcana Force EX - The Light Ruler,"Cannot be Normal Summoned/Set. Must be Special Summoned (from your hand) by sending 3 monsters you control to the Graveyard, and cannot be Special Summoned by other ways. When this card is Special Summoned: Toss a coin and gain the appropriate effect.
● Heads: When this card destroys an opponent's monster by battle and sends it to the Graveyard: You can target 1 card in your Graveyard; add that target to your hand.
● Tails: During either player's turn, when a Spell/Trap Card, or monster effect, that targets this card is activated: This card loses exactly 1000 ATK and you negate the activation, and if you do, destroy it.",https://images.ygoprodeck.com/images/cards/5861892.jpg
8396952,Arcana Force I - The Magician,"When this card is Summoned, toss a coin:
● Heads: When a Spell Card is activated, this card's ATK becomes double its original ATK until the End Phase of that turn.
● Tails: When a Spell Card is activated, your opponent gains 500 Life Points.",https://images.ygoprodeck.com/images/cards/8396952.jpg
35781051,Arcana Force III - The Empress,"When this card is Summoned, toss a coin: ● Heads: Each time your opponent Normal Summons or Sets a monster, you can Special Summon 1 ""Arcana Force"" monster from your hand. ● Tails: Each time your opponent Normal Summons or Sets a monster, send 1 card from your hand to the Graveyard.",https://images.ygoprodeck.com/images/cards/35781051.jpg
61175706,Arcana Force IV - The Emperor,"When this card is Summoned, toss a coin: ● Heads: All ""Arcana Force"" monsters you control gain 500 ATK. ● Tails: All ""Arcana Force"" monsters you control lose 500 ATK.",https://images.ygoprodeck.com/images/cards/61175706.jpg
97574404,Arcana Force VI - The Lovers,"When this card is Summoned, toss a coin: ● Heads: This card can be treated as 2 Tributes for the Tribute Summon of an ""Arcana Force"" monster. ● Tails: You cannot Tribute Summon ""Arcana Force"" monsters.",https://images.ygoprodeck.com/images/cards/97574404.jpg
34568403,Arcana Force VII - The Chariot,"When this card is Summoned, toss a coin:
● Heads: If this card destroys an opponent's monster by battle, you can Special Summon that monster to your side of the field.
● Tails: Your opponent gains control of this card.",https://images.ygoprodeck.com/images/cards/34568403.jpg
60953118,Arcana Force XIV - Temperance,"During damage calculation, in either player's turn: You can discard this card; you take no Battle Damage from that battle. When this card is Summoned: Toss a coin and apply this effect. The effect lasts while this card is face-up on the field.
● Heads: Halve all Battle Damage you take.
● Tails: Halve all Battle Damage your opponent takes.",https://images.ygoprodeck.com/images/cards/60953118.jpg
59712426,Arcana Force XV - The Fiend,"You can discard this card; add 1 ""Light Barrier"" from your Deck or GY to your hand. If this card is Summoned: Toss a coin and this card gains the appropriate effect.
● Heads: When an attack is declared involving this card: You can target 1 monster on the field; destroy it, and if you do, inflict 500 damage to its controller.
● Tails: If an attack is declared involving this card: Destroy all monsters on the field.",https://images.ygoprodeck.com/images/cards/59712426.jpg
97452817,Arcana Force XVIII - The Moon,"When this card is Summoned, toss a coin: ● Heads: During your Standby Phase, you can Special Summon 1 ""Moon Token"" (Fairy-Type/LIGHT/Level 1/ATK 0/DEF 0). ● Tails: During each of your End Phases, select 1 monster you control and give control of it to your opponent.",https://images.ygoprodeck.com/images/cards/97452817.jpg
23846921,Arcana Force XXI - The World,"When this card is Summoned, toss a coin: ● Heads: During your End Phase, you can send 2 monsters you control to the Graveyard to skip your opponent's next turn. ● Tails: During your opponent's Draw Phase, add the top card of their Graveyard to their hand.",https://images.ygoprodeck.com/images/cards/23846921.jpg
6150044,Arcana Knight Joker,"""Queen's Knight"" + ""Jack's Knight"" + ""King's Knight""
A Fusion Summon of this card can only be done with the above materials. Once per turn, when a Spell/Trap Card, or monster effect, is activated that targets this face-up card on the field (Quick Effect): You can discard the same type of card (Monster, Spell, or Trap); negate the effect.",https://images.ygoprodeck.com/images/cards/6150044.jpg
11819473,Arcana Reading,"Toss a coin and apply this effect. If ""Light Barrier"" is in your Field Zone, you can choose the effect instead.
● Heads: Add 1 card from your Deck to your hand that has a coin tossing effect, except ""Arcana Reading"".
● Tails: Your opponent adds 1 card from their Deck to their hand.
You can banish this card from your GY; immediately after this effect resolves, Normal Summon 1 ""Arcana Force"" monster.
You can only use each effect of ""Arcana Reading"" once per turn.",https://images.ygoprodeck.com/images/cards/11819473.jpg
93880808,Arcana Triumph Joker,"If this card is in your hand or GY: You can send 1 ""Queen's Knight"", ""King's Knight"", and ""Jack's Knight"" from your hand and/or face-up Monster Zone to the GY; Special Summon this card. This card gains 500 ATK x the combined number of cards in both players' hands. You can discard 1 card; destroy all face-up cards your opponent controls with the same type (Monster, Spell, or Trap) as the discarded card.",https://images.ygoprodeck.com/images/cards/93880808.jpg
40048324,Arcane Apprentice,"If this card is sent to the Graveyard for a Synchro Summon, you can add 1 ""Assault Mode Activate"" from your Deck to your hand.",https://images.ygoprodeck.com/images/cards/40048324.jpg
55001420,Arcane Archer of the Forest,"While there is a Plant-Type monster on your side of the field, this card cannot be attacked. By Tributing 1 Plant-Type monster on your side of the field, destroy 1 Spell or Trap Card on the field.",https://images.ygoprodeck.com/images/cards/55001420.jpg
17896384,Arcane Barrier,"Each time a face-up Spellcaster monster(s) on the field is destroyed, place 1 Spell Counter on this card (max. 4). You can send this card and 1 face-up Spellcaster monster you control to the GY; draw 1 card for each Spell Counter that was on this card.",https://images.ygoprodeck.com/images/cards/17896384.jpg
31924889,Arcanite Magician,"1 Tuner + 1+ non-Tuner Spellcaster monsters
If this card is Synchro Summoned: Place 2 Spell Counters on it. This card gains 1000 ATK for each Spell Counter on it. You can remove 1 Spell Counter from your field, then target 1 card your opponent controls; destroy that target.",https://images.ygoprodeck.com/images/cards/31924889.jpg
14553285,Arcanite Magician/Assault Mode,"This card cannot be Normal Summoned or Set. This card cannot be Special Summoned except with ""Assault Mode Activate"". When this card is Special Summoned, place 2 Spell Counters on it. This card gains 1000 ATK for each Spell Counter on it. You can remove 2 Spell Counters from this card to destroy all cards your opponent controls. When this card on the field is destroyed, you can Special Summon 1 ""Arcanite Magician"" from your Graveyard.",https://images.ygoprodeck.com/images/cards/14553285.jpg
45349196,Archfiend Black Skull Dragon,"1 Level 6 ""Archfiend"" Normal Monster + 1 ""Red-Eyes"" Normal Monster
You can only Special Summon ""Archfiend Black Skull Dragon(s)"" once per turn. If this card battles, your opponent's cards and effects cannot be activated until the end of the Damage Step. If damage calculation is performed involving this Fusion Summoned card, at the end of the Battle Phase: You can target 1 ""Red-Eyes"" Normal Monster in your Graveyard; inflict damage to your opponent equal to its ATK in the Graveyard, then shuffle it into the Deck.",https://images.ygoprodeck.com/images/cards/45349196.jpg
92039899,Archfiend Cavalry,"If this card on the field is destroyed by card effect and sent to the GY: You can target 1 ""Archfiend"" monster in your GY, except ""Archfiend Cavalry""; Special Summon it, but it cannot attack this turn.",https://images.ygoprodeck.com/images/cards/92039899.jpg
68371799,Archfiend Commander,"If you control an ""Archfiend"" card, you can Special Summon this card (from your hand), but it cannot attack this turn. You can only Special Summon ""Archfiend Commander"" once per turn this way. When Special Summoned this way: Target 1 ""Archfiend"" card you control; destroy that target. When this card is Tribute Summoned: You can target 1 Level 6 ""Archfiend"" monster in your Graveyard; Special Summon that target in face-up Defense Position.",https://images.ygoprodeck.com/images/cards/68371799.jpg
57624336,Archfiend Eccentrick,"[ Pendulum Effect ] 
You can target 1 other Spell/Trap on the field; destroy both it and this card. You can only use this effect of ""Archfiend Eccentrick"" once per turn.
[ Monster Effect ] 
You can Tribute this card, then target 1 monster on the field; destroy it. You can only use this effect of ""Archfiend Eccentrick"" once per turn.",https://images.ygoprodeck.com/images/cards/57624336.jpg
28423537,"Archfiend Emperor, the First Lord of Horror","You can Normal Summon this card without Tributing, but its original ATK/DEF become halved. If Summoned this way, this card is destroyed during the End Phase. You cannot Special Summon any monsters, except Fiend monsters. Once per turn: You can banish 1 ""Archfiend"" card from your hand or GY, then target 1 card on the field; destroy it.",https://images.ygoprodeck.com/images/cards/28423537.jpg
31766317,Archfiend Empress,"If (exactly) 1 face-up DARK Fiend-Type monster on the field, except this card, would be destroyed, you can remove from play 1 DARK Fiend-Type monster from your Graveyard, instead. When this card is destroyed and sent from the field to the Graveyard, you can select 1 Level 6 or higher DARK Fiend-Type monster in your Graveyard, except ""Archfiend Empress"", and Special Summon it.",https://images.ygoprodeck.com/images/cards/31766317.jpg
48675364,Archfiend General,"You can discard this card to the Graveyard to add 1 ""Pandemonium"" from your Deck to your hand. If this card is on the field but ""Pandemonium"" is not on the field, destroy this card.",https://images.ygoprodeck.com/images/cards/48675364.jpg
84341431,Archfiend Giant,"If this face-up card on the field would be destroyed by a card effect, you can pay 500 LP instead. This effect can only be used once while this card is face-up on the field. If this card is destroyed by a card effect and sent to the Graveyard: You can Special Summon 1 ""Archfiend"" monster from your hand.",https://images.ygoprodeck.com/images/cards/84341431.jpg
66540884,Archfiend Heiress,"If this card is sent to the Graveyard because of a card effect or being destroyed by battle: You can add 1 ""Archfiend"" card from your Deck to your hand, except ""Archfiend Heiress"". You can only use the effect of ""Archfiend Heiress"" once per turn.",https://images.ygoprodeck.com/images/cards/66540884.jpg
14430063,Archfiend Interceptor,"While you control this face-up Attack Position card, when an opponent's monster declares an attack, inflict 500 damage to your opponent.",https://images.ygoprodeck.com/images/cards/14430063.jpg
75889523,Archfiend Marmot of Nefariousness,An air marmot that has a nefarious horn and wings. It attacks by throwing acorns.,https://images.ygoprodeck.com/images/cards/75889523.jpg
15150371,Archfiend Mirror,"A wicked mirror that hypnotizes enemies, diverting attacks from their intended targets.",https://images.ygoprodeck.com/images/cards/15150371.jpg
63883999,Archfiend Palabyrinth,"All Fiend-Type monsters you control gain 500 ATK. You can target 1 ""Archfiend"" monster you control; banish 1 other Fiend-Type monster you control, and if you do, Special Summon from your hand, Deck, or Graveyard, 1 ""Archfiend"" monster with same Level as the targeted monster. You can only use this effect of ""Archfiend Palabyrinth"" once per turn.",https://images.ygoprodeck.com/images/cards/63883999.jpg
49881766,Archfiend Soldier,An expert at battle who belongs to a crack diabolical unit. He's famous because he always gets the job done.,https://images.ygoprodeck.com/images/cards/49881766.jpg
59969392,Archfiend Zombie-Skull,"""Plaguespreader Zombie"" + 2+ non-Tuner Zombie monsters
Zombie monsters you control cannot be destroyed by card effects.",https://images.ygoprodeck.com/images/cards/59969392.jpg
50287060,Archfiend of Gilfer,When this card is sent to the Graveyard: You can target 1 face-up monster on the field; equip that target with this card. That monster loses 500 ATK while equipped with this card.,https://images.ygoprodeck.com/images/cards/50287060.jpg
53008933,Archfiend's Advent,"While you control ""Shining Sarcophagus"", you can Normal Summon this card without Tributing. Other monsters you control gain 500 ATK, during your turn only. If this card is Normal or Special Summoned: You can target 1 monster your opponent controls; take control of it until the End Phase, but that monster cannot attack unless you controlled ""Shining Sarcophagus"" when this effect was activated. You can only use this effect of ""Archfiend's Advent"" once per turn.",https://images.ygoprodeck.com/images/cards/53008933.jpg
61248471,Archfiend's Ascent,"2 Level 6 monsters
This card's name becomes ""Summoned Skull"" on the field, but is still treated as an ""Archfiend"" card. If ""Summoned Skull(s)"" you control would be destroyed by battle or card effect, you can detach 1 material from this card instead. If this Xyz Summoned card you control is sent to your GY by an opponent's card: You can Special Summon 1 ""Summoned Skull"" from your hand, Deck, or GY.",https://images.ygoprodeck.com/images/cards/61248471.jpg
95825679,Archfiend's Awakening,"You can Ritual Summon this card with ""Contract with the Abyss"". This card's name becomes ""Summoned Skull"" on the field, but is still treated as an ""Archfiend"" card. Cannot be destroyed by battle, except by battle with a Ritual Monster, and cannot be destroyed by monster effects, except those of Ritual Monsters. If this Ritual Summoned card you control is sent to your GY by an opponent's card: You can Special Summon 1 ""Summoned Skull"" from your hand, Deck, or GY.",https://images.ygoprodeck.com/images/cards/95825679.jpg
64635042,Archfiend's Call,"1 Tuner + 1+ non-Tuner monsters
This card's name becomes ""Summoned Skull"" on the field, but is still treated as an ""Archfiend"" card. Your opponent cannot target any ""Summoned Skull"" you control with card effects. If this Synchro Summoned card you control is sent to your GY by an opponent's card: You can Special Summon 1 ""Summoned Skull"" from your hand, Deck, or GY.",https://images.ygoprodeck.com/images/cards/64635042.jpg
300302057,Archfiend's Conscription,"You cannot Summon/Set non-Fiend monsters. Once per turn, during your Main Phase, you can roll a six-sided die. If you do, you lose LP equal to the result x 200, but if the result is 2, 3, or 4, you can Special Summon 1 ""Archfiend"" monster with a Level equal to the result from your hand, Deck, or GY.",https://images.ygoprodeck.com/images/cards/300302057.jpg
5168381,Archfiend's Ghastly Glitch,"If you control a Fiend monster: Target 1 card on the field; destroy it, then, you can send 1 Fiend monster from your Deck to the GY.",https://images.ygoprodeck.com/images/cards/5168381.jpg
32775808,Archfiend's Manifestation,"""Summoned Skull"" + 1 DARK monster
This card's name becomes ""Summoned Skull"" on the field, but is still treated as an ""Archfiend"" card. All ""Summoned Skull"" you control gain 500 ATK. If this Fusion Summoned card you control is sent to your GY by an opponent's card: You can Special Summon 1 ""Summoned Skull"" from your hand, Deck, or GY.",https://images.ygoprodeck.com/images/cards/32775808.jpg
22796548,Archfiend's Oath,"Once per turn: You can pay 500 Life Points, then declare 1 card name; excavate the top card of your Deck, and if it is the declared card, add it to your hand. Otherwise, send it to the Graveyard.",https://images.ygoprodeck.com/images/cards/22796548.jpg
300302058,Archfiend's Promotion,"Once per turn, during your Main Phase, if you control ""Vilepawn Archfiend"" and your opponent controls no card in its same column, you can Tribute it to Special Summon 1 Level 8 or lower ""Archfiend"" monster from your hand or Deck that has ""Queen"", ""Bishop"" , ""Rook"", or ""Knight"" in its name.",https://images.ygoprodeck.com/images/cards/300302058.jpg
56246017,Archfiend's Roar,"Pay 500 Life Points, then target 1 ""Archfiend"" monster in your Graveyard; Special Summon that target. It cannot be Tributed. Destroy it during the End Phase of this turn.",https://images.ygoprodeck.com/images/cards/56246017.jpg
21438286,Archfiend's Staff of Despair,"Equip only to a monster you control. During your Main Phase: You can make all monsters your opponent currently controls lose ATK equal to half the equipped monster's ATK, until the end of this turn (even if this card leaves the field). If this card is sent to the GY while equipped to a monster: You can pay 1000 LP; return this card to your hand. You can only use each effect of ""Archfiend's Staff of Despair"" once per turn.",https://images.ygoprodeck.com/images/cards/21438286.jpg
59509952,Archlord Kristya,"If you have exactly 4 Fairy monsters in your GY, you can Special Summon this card (from your hand). If Summoned this way: Target 1 Fairy monster in your GY; add that target to your hand. Neither player can Special Summon monsters. If this face-up card would be sent from the field to the GY, place it on top of the Deck, instead.",https://images.ygoprodeck.com/images/cards/59509952.jpg
18378582,Archlord Zerato,"This card cannot be Normal Summoned or Set. This card cannot be Special Summoned except by Tributing 1 face-up ""Warrior of Zera"" on your side of the field while ""The Sanctuary in the Sky"" is on the field. If ""The Sanctuary in the Sky"" is on your side of the field, by discarding 1 LIGHT Monster Card from your hand to the Graveyard, destroy all monsters on your opponent's side of the field. If ""The Sanctuary in the Sky"" is not on your side of the field, this effect is not applied.",https://images.ygoprodeck.com/images/cards/18378582.jpg
33212663,Archnemeses Eschatos,"Cannot be Normal Summoned/Set. Must first be Special Summoned (from your hand) by banishing 3 monsters with different Types from your GY and/or face-up field. Cannot be destroyed by card effects. You can declare 1 Monster Type on the field; destroy all monsters on the field with that Type, also until the end of the next turn, neither player can Special Summon monsters with that Type. You can only use this effect of ""Archnemeses Eschatos"" once per turn.",https://images.ygoprodeck.com/images/cards/33212663.jpg
6728559,Archnemeses Protos,"Cannot be Normal Summoned/Set. Must first be Special Summoned (from your hand) by banishing 3 monsters with different Attributes from your GY and/or face-up field. Cannot be destroyed by card effects. You can declare 1 monster Attribute on the field; destroy all monsters on the field with that Attribute, also until the end of the next turn, neither player can Special Summon monsters with that Attribute. You can only use this effect of ""Archnemeses Protos"" once per turn.",https://images.ygoprodeck.com/images/cards/6728559.jpg
38173725,Arcjet Lightcraft,"If you control no monsters, you can Normal Summon this card without Tributing. If this card is Normal or Special Summoned: You can target 1 Level 8 or lower Machine monster in your GY; Special Summon it in Defense Position, and if you do, its Level becomes 9, also negate its effects. You can only use this effect of ""Arcjet Lightcraft"" once per turn. You cannot Special Summon monsters from the Extra Deck, except Machine Xyz Monsters.",https://images.ygoprodeck.com/images/cards/38173725.jpg
40502912,Aria the Melodious Diva,"While this Special Summoned card is on the field, ""Melodious"" monsters you control cannot be targeted by card effects, or be destroyed by battle.",https://images.ygoprodeck.com/images/cards/40502912.jpg
75730490,Ariane the Labrynth Servant,"You can send 1 Normal Trap from your hand or that's Set on your field to the GY; Special Summon 1 Level 4 or lower Fiend monster from your Deck in Defense Position, except ""Ariane the Labrynth Servant"". If another monster(s) leaves the field by your Normal Trap effect (except during the Damage Step): You can draw 1 card, then you can apply this effect.
● From your hand, either Special Summon 1 Fiend monster, or Set 1 Spell/Trap.
You can only use each effect of ""Ariane the Labrynth Servant"" once per turn.",https://images.ygoprodeck.com/images/cards/75730490.jpg
1225009,Arianna the Labrynth Servant,"If this card is Normal or Special Summoned: You can add 1 ""Labrynth"" card from your Deck to your hand, except ""Arianna the Labrynth Servant"". If another monster(s) leaves the field by your Normal Trap effect (except during the Damage Step): You can draw 1 card, then you can apply this effect.
● From your hand, either Special Summon 1 Fiend monster, or Set 1 Spell/Trap.
You can only use 1 ""Arianna the Labrynth Servant"" effect per turn, and only once that turn.",https://images.ygoprodeck.com/images/cards/1225009.jpg
73602965,Arias the Labrynth Butler,"During the Main Phase (Quick Effect): You can send this card from your hand or field to the GY; Special Summon 1 ""Labrynth"" monster, or Set 1 Normal Trap, from your hand. The Set Normal Trap can be activated this turn. When your opponent activates a card or effect in response to your card or effect activation of a Normal Trap or a ""Labrynth"" card, except ""Arias the Labrynth Butler"" (Quick Effect): You can activate this effect in the GY; Special Summon this card. You can only use each effect of ""Arias the Labrynth Butler"" once per turn.",https://images.ygoprodeck.com/images/cards/73602965.jpg
56827051,"Ariel, Priestess of the Nekroz","Once per turn: You can reveal any number of ""Nekroz"" cards in your hand; increase or reduce this card's Level by the number of revealed cards until the end of this turn. If this card is Tributed by a card effect: You can add 1 ""Nekroz"" monster from your Deck to your hand, except a Ritual Monster. You can only use this effect of ""Ariel, Priestess of the Nekroz"" once per turn.",https://images.ygoprodeck.com/images/cards/56827051.jpg
65910922,"Arionpos, Serpent of the Ghoti","1 Tuner + 1+ non-Tuner monsters
If this card is Synchro Summoned: You can banish 1 Level 6 or lower Fish monster from your Deck. If this card is sent to the GY as Synchro Material: You can target 1 Fish monster in your GY; banish that target, then you can add 1 Fish monster with an equal or lower Level from your Deck to your hand. You can only use each effect of ""Arionpos, Serpent of the Ghoti"" once per turn.",https://images.ygoprodeck.com/images/cards/65910922.jpg
29904964,Arisen Gaia the Fierce Knight,"If your opponent controls more monsters than you do, you can Normal Summon this card without Tributing. If this card is Tributed: You can Special Summon 1 ""Black Luster Soldier"" monster from your hand or Graveyard. You can only use this effect of ""Arisen Gaia the Fierce Knight"" once per turn. When you Ritual Summon a ""Black Luster Soldier"" monster, you can banish this card from your Graveyard as 1 of the monsters required for the Ritual Summon.",https://images.ygoprodeck.com/images/cards/29904964.jpg
33282498,Arkbrave Dragon,"If this card is Special Summoned from the Graveyard: You can banish as many face-up Spell/Trap Cards your opponent controls as possible, and if you do, this card gains 200 ATK and DEF for each card banished. Once per turn, during the Standby Phase, if this card is in the Graveyard because it was sent there last turn: You can target 1 Level 7 or 8 Dragon-Type monster in your Graveyard, except ""Arkbrave Dragon""; Special Summon it.",https://images.ygoprodeck.com/images/cards/33282498.jpg
50687050,Arktos XII - Chronochasm Vaylantz,"[ Pendulum Effect ] 
You can activate 1 of these effects;
● Special Summon this card to your Main Monster Zone in its same column.
● Move 1 monster in your Main Monster Zone to an adjacent (horizontal) Monster Zone.
You can only use this effect of ""Arktos XII - Chronochasm Vaylantz"" once per turn.
[ Monster Effect ] 
2 Level 5 or higher ""Vaylantz"" monsters
Must first be Special Summoned (from your face-down Extra Deck) by Tributing the above cards. (Quick Effect): You can switch the locations of 2 monsters in your Main Monster Zones or 2 monsters in your opponent's Main Monster Zones. If a card in the Monster Zone moves to another Monster Zone (except during the Damage Step): You can destroy 1 card on the field. You can only use each effect of ""Arktos XII - Chronochasm Vaylantz"" once per turn.",https://images.ygoprodeck.com/images/cards/50687050.jpg
14708569,Arlownay,"A lady monster dwelling in a flower, she sprinkles the air with poisonous pollen.",https://images.ygoprodeck.com/images/cards/14708569.jpg
36151751,Arma Knight,An ammonite warrior that has protected the seas throughout history.,https://images.ygoprodeck.com/images/cards/36151751.jpg
88033975,"Armades, Keeper of Boundaries","1 Tuner + 1 or more non-Tuner monsters
If this card attacks or is attacked, your opponent cannot activate cards or effects until the end of the Damage Step.",https://images.ygoprodeck.com/images/cards/88033975.jpg
28493337,Armageddon Designator,"Banish 1 card from your hand; neither player can activate cards, or the effects of cards, with that name for the rest of this Duel.",https://images.ygoprodeck.com/images/cards/28493337.jpg
28985331,Armageddon Knight,When this card is Summoned: You can send 1 DARK monster from your Deck to the GY.,https://images.ygoprodeck.com/images/cards/28985331.jpg
53153481,Armaill,A strange warrior who manipulates three deadly blades with both hands and his tail.,https://images.ygoprodeck.com/images/cards/53153481.jpg
101206051,Armament Swarm,"Special Summon 1 Insect monster with 1000 or less ATK from your hand or Deck, and if you Special Summon it from the Deck, send 1 monster you control to the GY. You cannot Special Summon for the rest of this turn after this card resolves, except Insect monsters. If a face-up Insect Synchro Monster(s) you control is destroyed by battle or card effect while this card is in your GY: You can banish this card; add 1 ""Summoning Swarm"" from your Deck to your hand. You can only activate 1 ""Armament Swarm"" per turn.",https://images.ygoprodeck.com/images/cards/101206051.jpg
90374791,Armed Changer,"Send 1 Equip Spell Card from your hand to the Graveyard to activate this card. If the equipped monster destroys a monster by battle, the controller of this Equip Card can add 1 monster with ATK equal to or less than the equipped monster from their Graveyard to their hand.",https://images.ygoprodeck.com/images/cards/90374791.jpg
61606250,Armed Dragon Blitz,"Target 1 ""Armed Dragon"" monster you control; take 1 monster with the same name from your Deck or GY, and either add it to your hand or Special Summon it, ignoring its Summoning conditions, but it cannot attack directly. You can only activate 1 ""Armed Dragon Blitz"" per turn. You cannot Special Summon monsters the turn you activate this card, except Dragon monsters.",https://images.ygoprodeck.com/images/cards/61606250.jpg
75906310,Armed Dragon Catapult Cannon,"""VWXYZ-Dragon Catapult Cannon"" + ""Armed Dragon LV7""
Must first be Special Summoned (from your Extra Deck) during a Duel you Special Summoned both the above cards, by banishing the above cards from your field and/or GY. (You do not use ""Polymerization"".) Your opponent cannot activate cards or effects with the same name as any banished card. Once per turn, during your opponent's turn (Quick Effect): You can banish 1 card from your Deck or Extra Deck, face-up; banish all cards your opponent controls and in their GY.",https://images.ygoprodeck.com/images/cards/75906310.jpg
34611551,Armed Dragon Flash,"Special Summon 1 Level 3 ""Armed Dragon"" monster from your Deck in Defense Position. You can only activate 1 ""Armed Dragon Flash"" per turn.",https://images.ygoprodeck.com/images/cards/34611551.jpg
59464593,Armed Dragon LV10,"This card cannot be Normal Summoned or Set. This card cannot be Special Summoned except by Tributing 1 ""Armed Dragon LV7"". You can send 1 card from your hand to the Graveyard to destroy all face-up monsters your opponent controls.",https://images.ygoprodeck.com/images/cards/59464593.jpg
84425220,Armed Dragon LV10 White,"Cannot be Normal Summoned/Set. Must be Special Summoned by its own effect. You can banish ""Armed Dragon"" monsters from your field and/or GY whose total Levels equal 10; Special Summon this card from your hand, then you can add 1 ""White Veil"" from your Deck to your hand. You can only use this effect of ""Armed Dragon LV10 White"" once per turn. You take no effect damage. At the start of the Damage Step, if this card attacks: You can destroy 1 card on the field.",https://images.ygoprodeck.com/images/cards/84425220.jpg
980973,Armed Dragon LV3,"During your Standby Phase: You can send this card to the GY; Special Summon 1 ""Armed Dragon LV5"" from your hand or Deck.",https://images.ygoprodeck.com/images/cards/980973.jpg
46384672,Armed Dragon LV5,"You can send 1 monster from your hand to the GY, then target 1 monster your opponent controls with ATK less than or equal to the sent monster's ATK; destroy that target. During the End Phase, if this card destroyed a monster by battle this turn: You can send this card to the GY; Special Summon 1 ""Armed Dragon LV7"" from your hand or Deck.",https://images.ygoprodeck.com/images/cards/46384672.jpg
73879377,Armed Dragon LV7,"Cannot be Normal Summoned/Set. Must be Special Summoned by ""Armed Dragon LV5"". You can send 1 monster from your hand to the GY; destroy all monsters your opponent controls with ATK less than or equal to that sent monster's ATK.",https://images.ygoprodeck.com/images/cards/73879377.jpg
97091969,Armed Dragon Lightning,"If an ""Armed Dragon"" monster(s) you control would be destroyed by card effect, you can send this card to the GY instead. You can target 1 ""Armed Dragon"" monster you control, then activate 1 of these effects;
● It gains ATK equal to its Level x 100 (even if this card leaves the field).
● Add 1 ""Armed Dragon"" monster with an equal or lower Level than it from your GY to your hand.
You can only use this effect of ""Armed Dragon Lightning"" once per turn.",https://images.ygoprodeck.com/images/cards/97091969.jpg
58153103,Armed Dragon Thunder LV10,"If this card was Special Summoned by the effect of an ""Armed Dragon"" monster, it gains the following effects based on its ATK.
● 1+: Its name becomes ""Armed Dragon LV10"". ● 10+: Control of it cannot switch. ● 100+: Cannot be destroyed by battle. ● 1000+: Once per opponent's turn (Quick Effect): You can send 1 card from your hand to the GY, then target 1 other card on the field; destroy it, and if you do, this card gains 1000 ATK. ● 10000+: Once per turn: You can destroy all other cards on the field.",https://images.ygoprodeck.com/images/cards/58153103.jpg
57030525,Armed Dragon Thunder LV3,"This card's name becomes ""Armed Dragon LV3"" while on the field or in the GY. You can only use each of the following effects of ""Armed Dragon Thunder LV3"" once per turn. You can send 1 monster from your hand to the GY; send this card from the field to the GY, and if you do, Special Summon 1 Level 5 or lower ""Armed Dragon"" monster from your hand or Deck. If this card is sent to the GY to activate a Dragon monster's effect: You can draw 1 card.",https://images.ygoprodeck.com/images/cards/57030525.jpg
21546416,Armed Dragon Thunder LV5,"This card's name becomes ""Armed Dragon LV5"" while on the field or in the GY. You can only use each of the following effects of ""Armed Dragon Thunder LV5"" once per turn. You can send 1 monster from your hand to the GY; send this card from the field to the GY, and if you do, Special Summon 1 Level 7 or lower ""Armed Dragon"" monster from your hand or Deck. If this card is sent to the GY to activate a Dragon monster's effect: You can add 1 Level 5 or higher WIND Dragon monster from your Deck to your hand.",https://images.ygoprodeck.com/images/cards/21546416.jpg
94141712,Armed Dragon Thunder LV7,"This card's name becomes ""Armed Dragon LV7"" while on the field or in the GY. You can only use each of the following effects of ""Armed Dragon Thunder LV7"" once per turn. You can send 1 monster from your hand to the GY; send this card from the field to the GY, and if you do, Special Summon 1 Level 10 or lower ""Armed Dragon"" monster from your hand or Deck. If this card is sent to the GY to activate a Dragon monster's effect: You can add 1 ""Armed Dragon"" card from your Deck to your hand.",https://images.ygoprodeck.com/images/cards/94141712.jpg
57605303,Armed Dragon Thunderbolt,"Target 1 ""Armed Dragon"" monster you control; it gains 1000 ATK for each ""Armed Dragon"" monster in your GY with an equal or lower Level than it and with different names from each other, also for the rest of this turn, your opponent takes no battle damage from its attacks. You can banish this card from your GY, then target 1 ""Armed Dragon"" Spell in your GY; add it to your hand. You can only use 1 ""Armed Dragon Thunderbolt"" effect per turn, and only once that turn.",https://images.ygoprodeck.com/images/cards/57605303.jpg
75220074,"Armed Dragon, the Armored Dragon","When this card destroys an opponent's monster by battle: You can Special Summon 1 Level 5 or lower WIND Dragon monster from your hand or Deck, except ""Armed Dragon, the Armored Dragon"", but it cannot attack directly this turn.",https://images.ygoprodeck.com/images/cards/75220074.jpg
31817415,Armed Neos,"""Elemental HERO Neos"" + 1 ""Armed Dragon"" monster
Must be Fusion Summoned. If this card is Special Summoned: You can choose 1 Dragon monster in your GY and destroy all monsters your opponent controls with an equal or lower Level than it. When this card destroys a monster by battle: You can make this card gain the following effect.
● During the Main Phase (Quick Effect): You can Tribute this card; Special Summon 1 ""Elemental HERO"" Fusion Monster from your Extra Deck, ignoring its Summoning conditions.",https://images.ygoprodeck.com/images/cards/31817415.jpg
9076207,Armed Ninja,"FLIP: Target 1 Spell Card on the field; destroy that target. (If the target is Set, reveal it, and destroy it if it is a Spell Card. Otherwise, return it to its original position.)",https://images.ygoprodeck.com/images/cards/9076207.jpg
29330706,Armed Protector Dragon,Face-up Equip Cards you control cannot be destroyed by card effects. This card gains 500 ATK for each Equip Card equipped to this card.,https://images.ygoprodeck.com/images/cards/29330706.jpg
84430950,Armed Samurai - Ben Kei,"For each Equip Card equipped to this card, it gains 1 additional attack during each Battle Phase.",https://images.ygoprodeck.com/images/cards/84430950.jpg
20470500,Armed Sea Hunter,"After damage calculation, if this card battles an Effect Monster: Negate the effects of that monster (including in the Graveyard). You must control another face-up WATER monster to activate and to resolve this effect. If this card would be destroyed, you can destroy 1 face-up Level 3 or lower WATER monster you control instead.",https://images.ygoprodeck.com/images/cards/20470500.jpg
300302023,Armed and Ready!,"Once per Duel, during your Main Phase, you can send 1 ""LV"" monster you control to the GY, then Special Summon the ""LV"" monster mentioned in its text from your hand, Deck, or GY, as if it were Summoned by the sent monster's effect.",https://images.ygoprodeck.com/images/cards/300302023.jpg
36768783,"Armillyre, the Starleader Dragon","2 Effect Monsters
Cannot be used as Link Material. You can target 1 face-up monster this card points to; Special Summon 1 monster with the same original Level from your hand to your zone this card points to, in Defense Position, but negate its effects. You can only use this effect of ""Armillyre, the Starleader Dragon"" once per turn.",https://images.ygoprodeck.com/images/cards/36768783.jpg
43378048,Armityle the Chaos Phantasm,"""Uria, Lord of Searing Flames"" + ""Hamon, Lord of Striking Thunder"" + ""Raviel, Lord of Phantasms""
Must first be Special Summoned (from your Extra Deck) by banishing the above cards you control. (You do not use ""Polymerization"".) Cannot be destroyed by battle. Gains 10,000 ATK during your turn only.",https://images.ygoprodeck.com/images/cards/43378048.jpg
60110982,Armityle the Chaos Phantasm - Phantom of Fury,"""Uria, Lord of Searing Flames"" + ""Hamon, Lord of Striking Thunder"" + ""Raviel, Lord of Phantasms""
This card's name becomes ""Armityle the Chaos Phantasm"" while on the field. Once per turn, during your Main Phase: You can give control of this card to your opponent. Once per turn, during the End Phase, if this card's control was changed this turn: Banish all cards you control, then the owner of this card can Special Summon 1 ""Armityle the Chaos Phantasm"" from their Extra Deck, ignoring its Summoning conditions.",https://images.ygoprodeck.com/images/cards/60110982.jpg
79155167,Armor Blast,"Target 1 face-up ""Inzektor"" card you control and 2 face-up cards your opponent controls; destroy them.",https://images.ygoprodeck.com/images/cards/79155167.jpg
79649195,Armor Break,Negate the activation of an Equip Spell Card and destroy it.,https://images.ygoprodeck.com/images/cards/79649195.jpg
87798440,Armor Breaker,"Once per turn, you can equip this card to a Warrior-Type monster you control, OR unequip it to Special Summon this card in face-up Attack Position. While equipped to a monster by this effect, when that monster inflicts Battle Damage to your opponent, destroy 1 card on the field. (A monster can only be equipped with 1 Union Monster at a time. If the equipped monster would be destroyed by battle, this card is destroyed instead.)",https://images.ygoprodeck.com/images/cards/87798440.jpg
58827995,Armor Dragon Ritual,"This card is used to Ritual Summon ""Knight of Armor Dragon"". You must also Tribute monsters from your hand or field whose total Levels equal 4 or more. During your Main Phase, except the turn this card was sent to the GY: You can banish monsters from your hand or face-up field whose total Levels equal 4 or more; banish this card from your GY, and if you do, Special Summon 1 ""Knight of Armor Dragon"" from your GY. You can only use this effect of ""Armor Dragon Ritual"" once per turn.",https://images.ygoprodeck.com/images/cards/58827995.jpg
7180418,Armor Exe,"This card cannot attack in the same turn it is Normal Summoned, Flip Summoned, or Special Summoned. During each of your and your opponent's Standby Phases, remove 1 Spell Counter on your side of the field. If you do not, destroy this card.",https://images.ygoprodeck.com/images/cards/7180418.jpg
16272453,Armor Ninjitsu Art of Alchemy,"If you control a ""Ninjitsu Art"" card: Destroy as many other ""Ninjitsu Art"" cards you control as possible, then draw 2 cards.",https://images.ygoprodeck.com/images/cards/16272453.jpg
65150219,Armor Ninjitsu Art of Freezing,"When an opponent's monster declares an attack, if you control a ""Ninja"" monster: You can flip this card face-up; negate that attack and end the Battle Phase. While this card is face-up on the field and you control a ""Ninja"" monster, monsters your opponent controls cannot change their battle positions.",https://images.ygoprodeck.com/images/cards/65150219.jpg
2148918,Armor Ninjitsu Art of Rust Mist,"When a monster(s) is Special Summoned to your opponent's field, if you control a ""Ninja"" monster: Halve the current ATK of that Special Summoned monster(s).",https://images.ygoprodeck.com/images/cards/2148918.jpg
62742651,Armored Axon Kicker,"If you control a face-up Psychic-Type monster, you can Normal Summon this card without Tributing. If this card destroys an opponent's monster by battle, you take damage equal to half the destroyed monster's ATK. Then, you can Special Summon 1 monster from your Graveyard with ATK less than or equal to the damage you took.",https://images.ygoprodeck.com/images/cards/62742651.jpg
86915847,Armored Bee,Once per turn: You can target 1 face-up monster your opponent controls; halve that target's ATK until the End Phase.,https://images.ygoprodeck.com/images/cards/86915847.jpg
29374928,Armored Bitron,"You can Tribute this card: Special Summon 1 Cyberse monster from your Deck, except ""Armored Bitron"", but negate its effects, also you cannot Special Summon for the rest of this turn, except Cyberse monsters. If a Link-3 or higher Link Monster you control is destroyed by battle or an opponent's card effect, while this card is in your GY: You can Special Summon this card, but banish it when it leaves the field. You can only use each effect of ""Armored Bitron"" once per turn.",https://images.ygoprodeck.com/images/cards/29374928.jpg
67159705,Armored Cybern,"Once per turn, you can either: Target 1 ""Cyber Dragon"" you control, or 1 Fusion Monster you control that lists ""Cyber Dragon"" as Fusion Material; equip this card to that target, OR: Unequip this card and Special Summon it. Once per turn, while equipped to a monster by this effect: You can target 1 face-up monster on the field; the equipped monster loses exactly 1000 ATK (even if this card leaves the field), and if it does, destroy that target. If the equipped monster would be destroyed by battle or card effect, destroy this card instead.",https://images.ygoprodeck.com/images/cards/67159705.jpg
36868108,Armored Glass,You can only activate this card when a monster is equipped with an Equip Card. Negate the effects of all Equip Cards on the field during the turn this card is activated.,https://images.ygoprodeck.com/images/cards/36868108.jpg
50789693,Armored Kappa,"2 Level 2 monsters
Once per turn: You can detach 1 Xyz Material from this card; this card gains 1000 ATK or DEF. During either player's Battle Step, while an attack involving your monster is occurring: You can discard 1 card; for the rest of this turn, monsters you control cannot be destroyed by battle, also you take no battle damage. You can only use this effect of ""Armored Kappa"" once per Duel.",https://images.ygoprodeck.com/images/cards/50789693.jpg
15480588,Armored Lizard,A lizard with a very tough hide and a vicious bite.,https://images.ygoprodeck.com/images/cards/15480588.jpg
16246527,Armored Rat,The fur on this monster rat is tough enough to repel swords.,https://images.ygoprodeck.com/images/cards/16246527.jpg
27480536,Armored Shark,"(This card is always treated as an ""Armored Xyz"" card.)
You can send 1 WATER Xyz Monster from your Extra Deck to the GY, then target 1 Fish monster in your GY with a Level equal to the sent monster's Rank; Special Summon it. During your opponent's turn, if this card is in your GY (Quick Effect): You can target 1 WATER Xyz Monster you control; equip this card to it as an Equip Spell that gives it 500 ATK. You can only use each effect of ""Armored Shark"" once per turn.",https://images.ygoprodeck.com/images/cards/27480536.jpg
17535588,Armored Starfish,A bluish starfish with a solid hide capable of fending off attacks.,https://images.ygoprodeck.com/images/cards/17535588.jpg
17170970,Armored White Bear,"If this card is Normal or Special Summoned while a Synchro Monster is on the field: You can target 1 Field Spell in your GY; add it to your hand. If this card is destroyed by battle and sent to the GY, or if this card in your possession is destroyed by an opponent's card effect and sent to your GY: You can Special Summon 1 Level 4 or lower Beast monster from your Deck or GY, except ""Armored White Bear"". You can only use each effect of ""Armored White Bear"" once per turn.",https://images.ygoprodeck.com/images/cards/17170970.jpg
73046708,Armored Xyz,"Target 1 face-up monster you control and 1 Xyz Monster in your GY; equip that monster from your GY to that monster on the field as an Equip Spell with these effects.
● Change the equipped monster's ATK to this card's ATK.
● The equipped monster gains this card's Attribute.
● At the end of the Damage Step, if the equipped monster attacked: You can send this card to the GY; that attacking monster can make a second attack in a row.",https://images.ygoprodeck.com/images/cards/73046708.jpg
20277860,Armored Zombie,This warrior blindly swings a deadly blade with devastating force.,https://images.ygoprodeck.com/images/cards/20277860.jpg
73333463,Armoroid,"If this card is Tribute Summoned by Tributing at least 1 ""roid"" monster: Banish all Spells and Traps on the field.",https://images.ygoprodeck.com/images/cards/73333463.jpg
29071332,Armory Arm,"1 Tuner + 1 or more non-Tuner monsters
Once per turn, you can either: Target 1 monster on the field; equip this card to that target, OR: Unequip this card and Special Summon it in Attack Position. While equipped by this effect, that target gains 1000 ATK. If that target destroys a monster by battle and sends it to the Graveyard: Inflict damage to your opponent equal to the ATK of the destroyed monster in the Graveyard.",https://images.ygoprodeck.com/images/cards/29071332.jpg
38960450,Armory Call,"Add 1 Equip Spell from your Deck to your hand, then you can equip it to 1 appropriate monster you control. You can only activate 1 ""Armory Call"" per turn.",https://images.ygoprodeck.com/images/cards/38960450.jpg
32549749,Arms Regeneration,"Activate 1 of the following effects.
● Target 1 face-up monster you control; it gains 800 ATK until the end of this turn.
● Target 1 Equip Spell in either GY; Set it to your field, or equip it to 1 appropriate monster you control.
You can only activate 1 ""Arms Regeneration"" per turn.",https://images.ygoprodeck.com/images/cards/32549749.jpg
61775475,Arms of Genex Return Zero,"1 DARK Tuner + 1+ non-Tuner monsters
When your opponent activates a monster effect (Quick Effect): You can banish 1 monster from your GY with the same Attribute; negate the activation, and if you do, destroy that monster. (You can only banish each Attribute once per turn to activate this effect of ""Arms of Genex Return Zero"".) Once per turn: You can target up to 6 of your ""Genex"" monsters with different Attributes that are banished and/or in your GY; shuffle them into the Deck, then you can destroy up to that many cards in the Spell & Trap Zones.",https://images.ygoprodeck.com/images/cards/61775475.jpg
22493812,Army Ant Token,"Special Summoned with the effect of ""Multiplication of Ants"". This Token cannot be used as a Tribute for a Tribute Summon.",https://images.ygoprodeck.com/images/cards/22493812.jpg
29687169,"Arnis, the Empowered Warrior",When this card you control is destroyed by battle with an opponent's attacking monster and sent to your Graveyard: You can Special Summon 1 Spellcaster-Type monster with 1500 or less ATK from your Deck in Attack Position.,https://images.ygoprodeck.com/images/cards/29687169.jpg
25861589,Aroma Blend,"Discard 1 card; place 1 ""Humid Winds"", ""Dried Winds"", or ""Blessed Winds"" from your hand or Deck, face-up in your Spell & Trap Zone. You can banish this card from your GY; Fusion Summon 1 Plant Fusion Monster from your Extra Deck, by banishing its materials from your hand or field. If your LP are higher than your opponent's, you can also banish Plant monsters from your GY as material. You can only use each effect of ""Aroma Blend"" once per turn.",https://images.ygoprodeck.com/images/cards/25861589.jpg
5050644,Aroma Garden,"Once per turn, if you control an ""Aroma"" monster: You can gain 500 LP, also all monsters you control gain 500 ATK and DEF until the end of your opponent's next turn (even if this card leaves the field). If a face-up ""Aroma"" monster you control is destroyed by battle or card effect and sent to the Graveyard: Gain 1000 LP.",https://images.ygoprodeck.com/images/cards/5050644.jpg
29189613,Aroma Gardening,"If you Normal or Special Summon an ""Aroma"" monster(s) (except during the Damage Step): You can gain 1000 LP. When an opponent's monster declares an attack, while your LP are lower than your opponent's: You can Special Summon 1 ""Aroma"" monster from your Deck. You can only use each effect of ""Aroma Gardening"" once per turn.",https://images.ygoprodeck.com/images/cards/29189613.jpg
12804701,Aroma Healing,"Gain 1000 LP for each ""Aroma"" monster you control with a different name. You can banish this card from your GY, then target 1 ""Aroma"" monster in your GY; Special Summon it (but banish it when it leaves the field), then gain 500 LP. You can only use 1 ""Aroma Healing"" effect per turn, and only once that turn.",https://images.ygoprodeck.com/images/cards/12804701.jpg
21452275,Aroma Jar,"If this card is flipped face-up, this card cannot be destroyed by battle while it is face-up on the field. If this card is flipped face-up, during each player's End Phase: You gain 500 LP.",https://images.ygoprodeck.com/images/cards/21452275.jpg
300202007,Aroma Strategy,"[At the start of the Duel, flip this card over.] 

You may look at the top card of your Deck at any time.",https://images.ygoprodeck.com/images/cards/300202007.jpg
85967160,Aromage Bergamot,"While your LP is higher than your opponent's, if a Plant-Type monster you control attacks a Defense Position monster, inflict piercing battle damage to your opponent. Once per turn, if you gain LP: This card gains 1000 ATK and DEF until the end of your opponent's turn.",https://images.ygoprodeck.com/images/cards/85967160.jpg
22174866,Aromage Cananga,"While your LP is higher than your opponent's, face-up monsters your opponent controls lose 500 ATK and DEF. Once per turn, if you gain LP: Target 1 Spell/Trap Card your opponent controls; return it to the hand.",https://images.ygoprodeck.com/images/cards/22174866.jpg
96789758,Aromage Jasmine,"During your Main Phase, while your LP are higher than your opponent's, you can Normal Summon 1 Plant monster in addition to your Normal Summon/Set, except ""Aromage Jasmine"". (You can only gain this effect once per turn.) Once per turn, if you gain LP: Draw 1 card.",https://images.ygoprodeck.com/images/cards/96789758.jpg
14169843,Aromage Laurel,"If your LP are higher than your opponent's: You can Special Summon this card from your hand. If you gain LP: Target 1 non-Tuner Plant monster on the field; it is treated as a Tuner this turn. If this card is sent to the GY: You can gain 500 LP. You can only use each effect of ""Aromage Laurel"" once per turn.",https://images.ygoprodeck.com/images/cards/14169843.jpg
40663548,Aromage Marjoram,"While your LP are higher than your opponent's, you take no battle damage from attacks involving your Plant monsters. You can only use each of the following effects of ""Aromage Marjoram"" once per turn.
● When a Plant monster you control is destroyed by battle: You can Special Summon this card from your hand, then gain 500 LP.
● If you gain LP: Target cards in your opponent's GY, up to the number of ""Aroma"" monsters you control; banish them.",https://images.ygoprodeck.com/images/cards/40663548.jpg
58569561,Aromage Rosemary,"While your LP are higher than your opponent's, if a Plant monster you control attacks, your opponent cannot activate monster effects until the end of the Damage Step. Once per turn, if you gain LP: Target 1 face-up monster on the field; change its battle position.",https://images.ygoprodeck.com/images/cards/58569561.jpg
73167098,Aromalilith Magnolia,"1 ""Aroma"" monster + 1 Plant monster
While your LP are higher than your opponent's, Plant monsters you control cannot be destroyed by your opponent's card effects. Once per turn: You can pay 2000 LP; banish cards on the field equal to the number of ""Humid Winds"", ""Dried Winds"", and ""Blessed Winds"" you control. Once per turn, if you gain LP, even during the Damage Step: You can make all Plant monsters you currently control gain ATK equal to the LP gained, until the end of this turn.",https://images.ygoprodeck.com/images/cards/73167098.jpg
24689197,Aromalilith Rosalina,"(Quick Effect): You can discard this card, then target 1 ""Aroma"" monster you control; gain LP equal to half its ATK. If this card is Normal or Special Summoned: You can Special Summon 1 non-Tuner ""Aroma"" monster from your Deck, also you cannot Special Summon for the rest of this turn, except Plant monsters. You can only use each effect of ""Aromalilith Rosalina"" once per turn.",https://images.ygoprodeck.com/images/cards/24689197.jpg
30989084,Aromalilith Rosemary,"2+ Plant monsters
If this card is Special Summoned: You can add 1 ""Aroma"" card from your Deck to your hand. If you gain LP, even during the Damage Step: You can Special Summon up to 3 ""Aroma"" monsters from your hand to your zones this card points to. You can Tribute 1 monster this card points to, then target 1 card on the field; banish it, and if you do, gain 1000 LP. You can only use each effect of ""Aromalilith Rosemary"" once per turn.",https://images.ygoprodeck.com/images/cards/30989084.jpg
16759958,Aromaseraphy Angelica,"During either player's turn: You can discard this card, then target 1 ""Aroma"" monster in your Graveyard; gain LP equal to that target's ATK. While your LP is higher than your opponent's, you control an ""Aroma"" monster, and this card is in your Graveyard: You can Special Summon this card, but banish it when it leaves the field. You can only use each effect of ""Aromaseraphy Angelica"" once per turn.",https://images.ygoprodeck.com/images/cards/16759958.jpg
21200905,Aromaseraphy Jasmine,"2 Plant monsters
If your LP are higher than your opponent's, this card and any Plant monsters it points to cannot be destroyed by battle. You can Tribute 1 monster this card points to; Special Summon 1 Plant monster from your Deck in Defense Position. You can only use this effect of ""Aromaseraphy Jasmine"" once per turn. Once per turn, if you gain LP: Add 1 Plant monster from your Deck to your hand.",https://images.ygoprodeck.com/images/cards/21200905.jpg
38148100,Aromaseraphy Rosemary,"1 Tuner + 1 or more non-Tuner monsters
While your LP is higher than your opponent's, all Plant-Type monsters you control gain 500 ATK and DEF. Once per turn, if you gain LP: Target 1 face-up card your opponent controls; that face-up card has its effects negated until the end of this turn.",https://images.ygoprodeck.com/images/cards/38148100.jpg
79656239,Aromaseraphy Sweet Marjoram,"1 Tuner + 1+ non-Tuner monsters
While your LP are higher than your opponent's, your opponent cannot target Plant monsters you control with card effects. You can only use each of the following effects of ""Aromaseraphy Sweet Marjoram"" once per turn.
● If this card is Synchro Summoned: You can add 1 ""Humid Winds"", ""Dried Winds"", or ""Blessed Winds"" from your Deck to your hand.
● If you gain LP: Target 1 card your opponent controls; destroy it.",https://images.ygoprodeck.com/images/cards/79656239.jpg
34172284,"Aron, the Ogdoadic King","If this card is in your GY: You can Tribute 2 monsters; Special Summon this card. If your opponent adds a card(s) to their hand (except during the Draw Phase or Damage Step): You can send 1 random card from their hand to the GY. If a monster(s) your opponent controls is sent to the GY (except during the Damage Step): You can add 1 LIGHT or DARK Reptile monster from your Deck or GY to your hand, except ""Aron, the Ogdoadic King"". You can only use each effect of ""Aron, the Ogdoadic King"" once per turn.",https://images.ygoprodeck.com/images/cards/34172284.jpg
69296555,Array of Revealing Light,"Declare 1 Type of monster. Any monster of the declared Type cannot declare an attack during the turn it is Normal Summoned, Flip Summoned or Special Summoned.",https://images.ygoprodeck.com/images/cards/69296555.jpg
29508346,Arrivalrivals,"During the Battle Phase: Immediately after this effect resolves, Normal Summon 1 monster. You can only activate 1 ""Arrivalrivals"" per turn.",https://images.ygoprodeck.com/images/cards/29508346.jpg
365213,Arrive in Light,"When this card is activated: Place 1 Level 1 Dragon monster from your hand or Deck on top of the Deck. Neither player can return ""Stardust Dragon"", or a Synchro Monster that lists ""Stardust Dragon"" in its text, from the field to the Extra Deck. If a Synchro Monster(s) is Special Summoned (except during the Damage Step): You can apply 1 of these effects, but you cannot apply that same effect of ""Arrive in Light"" again this turn.
● Draw 1 card.
● Special Summon 1 Tuner from your hand.",https://images.ygoprodeck.com/images/cards/365213.jpg
42364374,Arsenal Bug,"If you control no other Insect-Type monsters, this card's ATK and DEF become 1000.",https://images.ygoprodeck.com/images/cards/42364374.jpg
55348096,Arsenal Robber,Your opponent selects 1 Equip Spell Card from his/her Deck and sends it to the Graveyard.,https://images.ygoprodeck.com/images/cards/55348096.jpg
85489096,Arsenal Summoner,"FLIP: Add 1 ""Guardian"" card from your Deck to your hand, except ""Celtic Guardian"", ""Winged Dragon, Guardian of the Fortress #1"", ""Winged Dragon, Guardian of the Fortress #2"", ""Guardian of the Labyrinth"", or ""The Reliable Guardian"".",https://images.ygoprodeck.com/images/cards/85489096.jpg
34755994,"Artemis, the Magistus Moon Maiden","1 Level 4 or lower Spellcaster monster
If another ""Magistus"" monster(s) is Normal or Special Summoned while you control this monster (except during the Damage Step): You can target 1 of those monsters; equip this card you control to it. While this card is equipped to a monster: You can add 1 ""Magistus"" monster from your Deck to your hand. You can only use each effect of ""Artemis, the Magistus Moon Maiden"" once per turn. You can only Special Summon ""Artemis, the Magistus Moon Maiden"" once per turn.",https://images.ygoprodeck.com/images/cards/34755994.jpg
11475049,Artifact Achilleshield,"You can Set this card from your hand to your Spell & Trap Zone as a Spell Card. During your opponent's turn, if this Set card in the Spell & Trap Zone is destroyed and sent to your Graveyard: Special Summon it. If this card is Special Summoned during your opponent's turn: Your opponent cannot target ""Artifact"" monsters you control for attacks for the rest of this turn.",https://images.ygoprodeck.com/images/cards/11475049.jpg
85080444,Artifact Aegis,"You can Set this card from your hand to your Spell & Trap Zone as a Spell Card. During your opponent's turn, if this Set card in the Spell & Trap Zone is destroyed and sent to your Graveyard: Special Summon it. If this card is Special Summoned during your opponent's turn: ""Artifact"" monsters you control cannot be targeted or destroyed by your opponent's card effects until the end of this turn.",https://images.ygoprodeck.com/images/cards/85080444.jpg
12697630,Artifact Beagalltach,"You can Set this card from your hand to your Spell & Trap Zone as a Spell Card. During your opponent's turn, if this Set card in the Spell & Trap Zone is destroyed and sent to your Graveyard: Special Summon it. If this card is Special Summoned during your opponent's turn: Destroy up to 2 Set cards you control (min. 1). You can only use this effect of ""Artifact Beagalltach"" once per turn.",https://images.ygoprodeck.com/images/cards/12697630.jpg
84268896,Artifact Caduceus,"You can Set this card from your hand to your Spell & Trap Zone as a Spell Card. During your opponent's turn, if this Set card in the Spell & Trap Zone is destroyed and sent to your Graveyard: Special Summon it. During your opponent's turn, each time an ""Artifact"" monster(s) is Special Summoned: Draw 1 card. You must control this face-up card to activate and to resolve this effect. You can only control 1 ""Artifact Caduceus"".",https://images.ygoprodeck.com/images/cards/84268896.jpg
8873112,Artifact Chakram,"You can Set this card from your hand to your Spell & Trap Zone as a Spell Card. During your opponent's turn, if this Set card in the Spell & Trap Zone is destroyed and sent to your Graveyard: Special Summon it. During either player's turn, when a card or effect is activated that would destroy a Spell/Trap Card(s) you control, while this card is in your hand: You can return 1 Set Spell/Trap Card you control to the hand; Special Summon this card.",https://images.ygoprodeck.com/images/cards/8873112.jpg
7480763,Artifact Dagda,"2 monsters with different names
When an effect of another card on the field is activated (Quick Effect): You can Set 1 ""Artifact"" monster from your hand or Deck to your Spell & Trap Zone as a Spell, but destroy it during your opponent's next End Phase. During your opponent's turn, if this Link Summoned card is destroyed: You can Special Summon 1 ""Artifact"" monster from your GY in Defense Position. You can only use each effect of ""Artifact Dagda"" once per turn.",https://images.ygoprodeck.com/images/cards/7480763.jpg
69840739,Artifact Durendal,"2 Level 5 monsters
Once per turn, during either player's turn, you can activate 1 of these effects.
● When a monster effect is activated on the field OR when a Normal Spell/Trap Card is activated: You can detach 1 Xyz Material from this card; the activated effect becomes ""Destroy 1 Spell/Trap Card your opponent controls"".
● You can detach 1 Xyz Material from this card; each player with a hand shuffles their entire hand into the Deck, then draws the same number of cards they shuffled into the Deck.",https://images.ygoprodeck.com/images/cards/69840739.jpg
48086335,Artifact Failnaught,"You can Set this card from your hand to your Spell & Trap Zone as a Spell Card. During your opponent's turn, if this Set card in the Spell & Trap Zone is destroyed and sent to your Graveyard: Special Summon it. If this card is Special Summoned during your opponent's turn: You can target 1 ""Artifact"" monster in your Graveyard; Set that target in your Spell & Trap Zone as a Spell Card.",https://images.ygoprodeck.com/images/cards/48086335.jpg
29223325,Artifact Ignition,"Target 1 Spell/Trap Card on the field; destroy that target, and if you do, Set 1 ""Artifact"" monster directly from your Deck to your Spell & Trap Zone as a Spell Card. If this card in its owner's possession is destroyed by an opponent's card: Your opponent skips their next Battle Phase. (You must have an ""Artifact"" monster in your Main Deck to activate this card.)",https://images.ygoprodeck.com/images/cards/29223325.jpg
47863787,Artifact Labrys,"You can Set this card from your hand to your Spell & Trap Zone as a Spell Card. During your opponent's turn, if this Set card in the Spell & Trap Zone is destroyed and sent to your Graveyard: Special Summon it. When an ""Artifact"" card(s) is destroyed and sent to your Graveyard (except during the Damage Step): You can Special Summon this card from your hand.",https://images.ygoprodeck.com/images/cards/47863787.jpg
34267821,Artifact Lancea,"You can Set this card from your hand to your Spell & Trap Zone as a Spell. During your opponent's turn, if this Set card in the Spell & Trap Zone is destroyed and sent to your GY: Special Summon it. During your opponent's turn (Quick Effect): You can Tribute this card from your hand or face-up field; neither player can banish cards for the rest of this turn.",https://images.ygoprodeck.com/images/cards/34267821.jpg
80237445,Artifact Mjollnir,"You can Set this card from your hand to your Spell & Trap Zone as a Spell. During your opponent's turn, if this Set card in the Spell & Trap Zone is destroyed and sent to your GY: Special Summon it. If this card is Special Summoned during your opponent's turn: Target 1 ""Artifact"" monster in your GY; Special Summon it in Defense Position, also you cannot Special Summon monsters until the end of the next turn, except ""Artifact"" monsters. You can only use this effect of ""Artifact Mjollnir"" once per turn.",https://images.ygoprodeck.com/images/cards/80237445.jpg
85103922,Artifact Moralltach,"You can Set this card from your hand to your Spell & Trap Zone as a Spell. During your opponent's turn, if this Set card in the Spell & Trap Zone is destroyed and sent to your GY: Special Summon it. If this card is Special Summoned during your opponent's turn: You can destroy 1 face-up card your opponent controls.",https://images.ygoprodeck.com/images/cards/85103922.jpg
12444060,Artifact Sanctum,"Special Summon 1 ""Artifact"" monster from your Deck. You can only activate 1 ""Artifact Sanctum"" per turn. You cannot conduct your Battle Phase the turn you activate this card. If this card in its owner's possession is destroyed by an opponent's card: You can target 1 card on the field; destroy that target.",https://images.ygoprodeck.com/images/cards/12444060.jpg
20292186,Artifact Scythe,"You can Set this card from your hand to your Spell & Trap Zone as a Spell. During your opponent's turn, if this Set card in the Spell & Trap Zone is destroyed and sent to your GY: Special Summon it. If this card is Special Summoned during your opponent's turn: Your opponent cannot Special Summon monsters from the Extra Deck for the rest of this turn.",https://images.ygoprodeck.com/images/cards/20292186.jpg
69304426,Artifact Vajra,"You can Set this card from your hand to your Spell & Trap Zone as a Spell. During your opponent's turn, if this Set card in the Spell & Trap Zone is destroyed and sent to your GY: Special Summon it. If this card is Special Summoned during your opponent's turn: Destroy all cards in your Spell & Trap Zones. When an opponent's monster declares a direct attack: You can Special Summon this card from your hand.",https://images.ygoprodeck.com/images/cards/69304426.jpg
56611470,Artifacts Unleashed,"Target 2 ""Artifact"" monsters you control; immediately after this effect resolves, Xyz Summon 1 Xyz Monster using those 2 monsters only, also for the rest of this turn after this card resolves, monsters you control cannot attack, except ""Artifact"" monsters. If this card in its owner's possession is destroyed by an opponent's card: You can reveal 1 Level 5 LIGHT monster from your hand; draw 1 card.",https://images.ygoprodeck.com/images/cards/56611470.jpg
7913375,Artillery Catapult Turtle,"You can Tribute 1 monster; Special Summon 1 ""Gaia The Fierce Knight"" monster, or 1 Level 5 Dragon monster, from your hand or Deck. You can only use this effect of ""Artillery Catapult Turtle"" once per turn.",https://images.ygoprodeck.com/images/cards/7913375.jpg
21223277,"Artorigus, King of the Noble Knights","2 Level 4 ""Noble Knight"" monsters
When this card is Xyz Summoned: You can target up to 3 ""Noble Arms"" Equip Spell Cards with different names in your Graveyard; equip those targets to this card. Once per turn: You can detach 1 Xyz Material from this card; destroy any number of Spell/Trap Cards on the field, up to the number of ""Noble Arms"" Equip Spell Cards you control.",https://images.ygoprodeck.com/images/cards/21223277.jpg
71821687,"Ascator, Dawnwalker","You can discard 1 card; Special Summon this card from your hand in Defense Position, then you can Special Summon 1 ""Fire Ant Ascator"" from your hand or Deck. You cannot Special Summon monsters from the Extra Deck the turn you activate this effect, except Synchro Monsters. You can only use this effect of ""Ascator, Dawnwalker"" once per turn.",https://images.ygoprodeck.com/images/cards/71821687.jpg
88301833,Ascending Soul,"Once per turn, when a Ritual Monster(s) is Ritual Summoned: You can target 1 monster in your Graveyard that was Tributed for the Ritual Summon; add that target to your hand.",https://images.ygoprodeck.com/images/cards/88301833.jpg
37910722,Ascension Sky Dragon,"1 Tuner + 1+ non-Tuner monsters
If this card is Synchro Summoned: It gains 800 ATK for each card currently in your hand. When this card you control is destroyed by your opponent's card and sent to your GY, if all of the monsters that were used for the Synchro Summon of this card are in your GY: You can Special Summon all of them, but their effects are negated. You can only use this effect of ""Ascension Sky Dragon"" once per turn.",https://images.ygoprodeck.com/images/cards/37910722.jpg
27821104,Asceticism of the Six Samurai,"Target 1 ""Six Samurai"" monster you control; Special Summon 1 ""Six Samurai"" monster from your Deck with the same ATK but a different name, and if you do, destroy it during the End Phase of this turn.",https://images.ygoprodeck.com/images/cards/27821104.jpg
14558127,Ash Blossom & Joyous Spring,"When a card or effect is activated that includes any of these effects (Quick Effect): You can discard this card; negate that effect.
● Add a card from the Deck to the hand.
● Special Summon from the Deck.
● Send a card from the Deck to the GY.
You can only use this effect of ""Ash Blossom & Joyous Spring"" once per turn.",https://images.ygoprodeck.com/images/cards/14558127.jpg
66848311,Ashened for Eternity,"When this card is activated: You can add 1 ""Veidos the Eruption Dragon of Extinction"" or 1 ""Ashened"" monster from your GY to your hand. You can target 1 face-up monster your opponent controls that you own; take control of that monster, then you can make all face-up monsters your opponent currently controls lose ATK equal to the targeted monster's original ATK. This ATK change lasts until the end of this turn. You can only use this effect of ""Ashened for Eternity"" once per turn. You can only activate 1 ""Ashened for Eternity"" per turn.",https://images.ygoprodeck.com/images/cards/66848311.jpg
34813443,Ashened to Endlessness,"During the Main Phase: You can Fusion Summon 1 Pyro Fusion Monster from your Extra Deck using monsters from either field as material, including ""Veidos the Eruption Dragon of Extinction"", and if you do, it gains 500 ATK for each material used. You can banish this card and 1 DARK Pyro monster from your GY; all monsters your opponent currently controls become Pyro until the end of this turn. You can only use each effect of ""Ashened to Endlessness"" once per turn.",https://images.ygoprodeck.com/images/cards/34813443.jpg
58996839,Ashoka Pillar,"If this card is Summoned: You can add 1 Equip Spell from your Deck to your hand, then if this card is in Attack Position, change it to Defense Position. You can only use this effect of ""Ashoka Pillar"" once per turn. If this card is destroyed by battle or card effect: Take 2000 damage.",https://images.ygoprodeck.com/images/cards/58996839.jpg
80993256,Ashura King,"3+ Level 3 monsters
While this card has material, it can attack a number of times each Battle Phase, up to the number of materials attached to it. At the start of the Damage Step, if this card battles: It gains 200 ATK. When another monster's effect is activated (Quick Effect): You can detach 1 material from this card; negate the activation, and if you do, destroy that card. You can only use this effect of ""Ashura King"" once per turn.",https://images.ygoprodeck.com/images/cards/80993256.jpg
46815301,"Askaan, the Bicorned Ghoti","1 Tuner + 1+ non-Tuner monsters
If this card is Synchro Summoned: You can target 1 Fish monster you control and 1 card your opponent controls; banish them. If this card is banished: You can banish 1 Fish monster from your GY; Special Summon this card. You can only use each effect of ""Askaan, the Bicorned Ghoti"" once per turn.",https://images.ygoprodeck.com/images/cards/46815301.jpg
99657399,Asleep at the Switch,When your opponent gains Life Points: Target 1 monster your opponent controls; destroy that target.,https://images.ygoprodeck.com/images/cards/99657399.jpg
85771020,Asmo Token,"Special Summoned with the effect of ""Darklord Asmodeus"". This Token cannot be destroyed by a card effect.",https://images.ygoprodeck.com/images/cards/85771020.jpg
88190790,Assault Armor,"Equip only to a Warrior-Type monster that is the only monster you control. It gains 300 ATK. During your Main Phase 1, you can send this equipped card to the Graveyard to allow the equipped monster to attack twice during each Battle Phase this turn.",https://images.ygoprodeck.com/images/cards/88190790.jpg
3431737,Assault Beast,"You can discard this card to the GY; add 1 ""Assault Mode Activate"" from your Deck to your hand.",https://images.ygoprodeck.com/images/cards/3431737.jpg
23338098,Assault Blackwing - Chidori the Rain Sprinkling,"1 Tuner + 1 or more non-Tuner monsters
If this card is Synchro Summoned using a ""Blackwing"" monster as Material, it is treated as a Tuner monster while face-up on the field. This card gains 300 ATK for each ""Blackwing"" monster in your Graveyard. When this card is destroyed and sent to the Graveyard: You can target 1 Winged Beast-Type Synchro Monster in your Graveyard, except ""Assault Blackwing - Chidori the Rain Sprinkling""; Special Summon it.",https://images.ygoprodeck.com/images/cards/23338098.jpg
70456282,Assault Blackwing - Kunai the Drizzle,"You can Special Summon this card (from your hand) by Tributing 1 ""Blackwing"" monster. If Summoned this way, this card is treated as a Tuner monster. Once per turn: You can target 1 Synchro Monster you control, and declare a Level from 1 to 8; it becomes that Level until the end of this turn.",https://images.ygoprodeck.com/images/cards/70456282.jpg
80773359,Assault Blackwing - Onimaru the Divine Thunder,"1 Tuner + 1 or more non-Tuner monsters
If this card is Synchro Summoned using a ""Blackwing"" monster as Material, it is treated as a Tuner while face-up on the field. Cannot be destroyed by card effects. You can target 1 ""Blackwing"" monster in your Graveyard; this card's Level becomes the same as that monster's. You can only use this effect of ""Assault Blackwing - Onimaru the Divine Thunder"" once per Duel. If this card that was Synchro Summoned using only Synchro Monsters attacks, this card gains 3000 ATK during the Damage Step only.",https://images.ygoprodeck.com/images/cards/80773359.jpg
16051717,Assault Blackwing - Raikiri the Rain Shower,"1 Tuner + 1 or more non-Tuner monsters
If this card is Synchro Summoned using a ""Blackwing"" monster as Material, it is treated as a Tuner monster while face-up on the field. Once per turn: You can target cards your opponent controls, up to the number of other ""Blackwing"" monsters you control; destroy them.",https://images.ygoprodeck.com/images/cards/16051717.jpg
17994645,Assault Blackwing - Sayo the Rain Hider,"1 Tuner + 1 non-Tuner monster
If this card is Synchro Summoned using a ""Blackwing"" monster as Material, it is treated as a Tuner while face-up on the field. Twice per turn, this card cannot be destroyed by battle.",https://images.ygoprodeck.com/images/cards/17994645.jpg
53389254,Assault Blackwing - Sohaya the Rain Storm,"1 Tuner + 1 or more non-Tuner monsters
If this card is Synchro Summoned using a ""Blackwing"" monster as Material, it is treated as a Tuner while face-up on the field. You can only use each of these effects of ""Assault Blackwing - Sohaya the Rain Storm"" once per turn. ● When this card is Synchro Summoned: You can target 1 ""Assault Blackwing"" monster in your Graveyard; Special Summon it. ● During your Main Phase, if this card is in the Graveyard because it was sent there this turn: You can banish 1 other ""Assault Blackwing - Sohaya the Rain Storm"" from your Graveyard; Special Summon this card.",https://images.ygoprodeck.com/images/cards/53389254.jpg
76407432,Assault Counter,"Activate only while you control an ""/Assault Mode"" monster. Negate the activation of a Spell Card, Trap Card, or Effect Monster's effect and destroy it.",https://images.ygoprodeck.com/images/cards/76407432.jpg
72714226,Assault Dog,"When this card is destroyed by battle and sent to the Graveyard: You can Special Summon any number of ""Assault Dog"" from your Deck.",https://images.ygoprodeck.com/images/cards/72714226.jpg
77036039,Assault Mercenary,"Once per turn, you can return 1 ""Assault Mode Activate"" from your hand or Graveyard to the Deck to destroy 1 Spell or Trap Card your opponent controls.",https://images.ygoprodeck.com/images/cards/77036039.jpg
80280737,Assault Mode Activate,"Tribute 1 Synchro Monster; Special Summon 1 ""/Assault Mode"" monster, whose name includes the Tributed monster's name, from your Deck in Attack Position.",https://images.ygoprodeck.com/images/cards/80280737.jpg
88332693,Assault Mode Zero,"Tribute 1 Synchro Monster; Special Summon 1 ""/Assault Mode"" monster from your hand whose name includes the Tributed monster's name. (This is treated as a Special Summon with ""Assault Mode Activate"".) During your Main Phase: You can banish this card from your GY; Set 1 ""Assault Mode Activate"" directly from your hand or Deck. It can be activated this turn. You can only use each effect of ""Assault Mode Zero"" once per turn.",https://images.ygoprodeck.com/images/cards/88332693.jpg
93469007,Assault Overload,"Tribute 1 ""/Assault Mode"" monster. Inflict damage to both players equal to its Level x 200.",https://images.ygoprodeck.com/images/cards/93469007.jpg
74431740,Assault Reboot,"Tribute 1 ""/Assault Mode"" monster; Special Summon 1 ""/Assault Mode"" monster from your Deck with a different name in Defense Position, ignoring its Summoning conditions. You can banish this card from your GY, then target any number of cards in your GY, with different names, that are ""Assault Mode Activate"" and/or specifically list ""Assault Mode Activate"" in their text, except ""Assault Reboot""; shuffle them into the Deck. You can only use each effect of ""Assault Reboot"" once per turn.",https://images.ygoprodeck.com/images/cards/74431740.jpg
56252810,Assault Revival,"Remove from play 1 ""Assault Mode Activate"" from your Graveyard. Destroy all monsters you control and Special Summon 1 ""/Assault Mode"" monster from your Graveyard, ignoring its Summoning conditions. Its effect(s) is negated, and it cannot be Tributed. If it is removed from the field, remove it from play.",https://images.ygoprodeck.com/images/cards/56252810.jpg
39015,Assault Sentinel,"You can Tribute this card; Special Summon 1 monster from your hand or Deck that specifically lists ""Assault Mode Activate"" in its text, except ""Assault Sentinel"", also you cannot Special Summon monsters from the Extra Deck for the rest of this turn, except Synchro Monsters. You can target 1 face-up monster you control; reveal 1 Synchro Monster in your Extra Deck, and if you do, the targeted monster's Type and Attribute become the same as the revealed monster's, until the end of this turn. You can only use each effect of ""Assault Sentinel"" once per turn.",https://images.ygoprodeck.com/images/cards/39015.jpg
40012727,Assault Slash,"Activate only while you control an ""/Assault Mode"" monster. Destroy all face-up monsters on the field.",https://images.ygoprodeck.com/images/cards/40012727.jpg
87043568,Assault Spirits,"After activation, treat this card as an Equip Card, and equip it to a monster you control. Once per turn, during the equipped monster's attack, you can send 1 monster with 1000 or less ATK from your hand to the Graveyard during the Damage Step to have the equipped monster gain the ATK of the sent monster, until the End Phase.",https://images.ygoprodeck.com/images/cards/87043568.jpg
77202120,Assault Synchron,"During your Main Phase: You can Special Summon this card from your hand, then take 700 damage, also you cannot Special Summon monsters from the Extra Deck, except Synchro Monsters, while this card is face-up in the Monster Zone. If a face-up Dragon Synchro Monster(s) you control is Tributed or banished (except during the Damage Step): You can banish this card from your GY, then target 1 of those monsters; Special Summon it. You can only use each effect of ""Assault Synchron"" once per turn.",https://images.ygoprodeck.com/images/cards/77202120.jpg
29863101,Assault Teleport,"Return 1 ""/Assault Mode"" monster from your hand to the Deck. Draw 2 cards.",https://images.ygoprodeck.com/images/cards/29863101.jpg
29311166,Assault Wyvern,"When this card destroys an opponent's monster by battle: You can Tribute this card; Special Summon 1 Dragon-Type monster from your hand or Graveyard, except ""Assault Wyvern"".",https://images.ygoprodeck.com/images/cards/29311166.jpg
62633180,Assault on GHQ,"Target 1 monster you control; destroy it, then send 2 cards from the top of your opponent's Deck to the GY.",https://images.ygoprodeck.com/images/cards/62633180.jpg
98520301,Asset Mountis,"If your opponent controls a Level 6 or lower monster: You can Special Summon this card from your hand. If you have more cards in your hand than your opponent: You can change the battle positions of all monsters on the field, all other Insect monsters on the field become the same Attribute and Level as this card, also you cannot Special Summon monsters for the rest of this turn, except Insect monsters. If this card is destroyed: You can add 1 Level 8 or higher Insect monster from your Deck to your hand. You can only use each effect of ""Asset Mountis"" once per turn.",https://images.ygoprodeck.com/images/cards/98520301.jpg
25592142,Astellar of the White Forest,"You can send 1 Spell/Trap from your hand or field to the GY; Special Summon 1 LIGHT Spellcaster Tuner from your Deck. If a Spell/Trap(s) is sent to your GY to activate a monster's effect, while this card is in your GY (except during the Damage Step): You can Special Summon this card. You can only use each effect of ""Astellar of the White Forest"" once per turn.",https://images.ygoprodeck.com/images/cards/25592142.jpg
69170403,Astra Ghouls,"When this card is Normal Summoned: You can target 1 Level 4 or lower monster in your GY; Special Summon it in Defense Position, but its effects are negated, also banish it during the End Phase. Once per turn: You can roll a six-sided die, and the face-up monsters you currently control become the Level equal to the result, until the end of this turn.",https://images.ygoprodeck.com/images/cards/69170403.jpg
37053871,Astral Barrier,If your opponent's monster attacks a monster you control: You can make the attack a direct attack instead.,https://images.ygoprodeck.com/images/cards/37053871.jpg
64591429,Astral Kuriboh,"You can reveal 1 ""Number"" Xyz Monster in your Extra Deck; Special Summon this card from your hand. If you do, this card's Level becomes the revealed monster's Rank, also while it is face-up in the Monster Zone, you cannot Special Summon monsters from the Extra Deck, except ""Number"" Xyz Monsters. You can only use this effect of ""Astral Kuriboh"" once per turn. A ""Number"" Xyz Monster that was Summoned using this card on the field as material gains this effect.
● Cannot be destroyed by battle or your opponent's card effects.",https://images.ygoprodeck.com/images/cards/64591429.jpg
69852487,Astraltopia,"If an Xyz Monster(s) is on the field: You can Special Summon this card from your hand. You can send 1 other card from your hand or field to the GY; add 1 ""Xyz"", ""Onomat"", ""Zexal"", or ""Number"" Spell/Trap, from your Deck to your hand. You can only use each effect of ""Astraltopia"" once per turn.",https://images.ygoprodeck.com/images/cards/69852487.jpg
76794549,Astrograph Sorcerer,"[ Pendulum Effect ] 
During your Main Phase: You can destroy this card, and if you do, take 1 ""Stargazer Magician"" from your hand or Deck, and either place it in your Pendulum Zone or Special Summon it. You can only use this effect of ""Astrograph Sorcerer"" once per turn.
[ Monster Effect ] 
If a card(s) you control is destroyed by battle or card effect: You can Special Summon this card from your hand, then you can choose 1 monster in the GY, Extra Deck, or that is banished, and that was destroyed this turn, and add 1 monster with the same name from your Deck to your hand. You can banish this card you control, plus 4 monsters from your hand, field, and/or GY (1 each with ""Pendulum Dragon"", ""Xyz Dragon"", ""Synchro Dragon"", and ""Fusion Dragon"" in their names); Special Summon 1 ""Supreme King Z-ARC"" from your Extra Deck. (This is treated as a Fusion Summon.)",https://images.ygoprodeck.com/images/cards/76794549.jpg
2134346,Asura Priest,Cannot be Special Summoned. During the End Phase of the turn this card is Normal Summoned or flipped face-up: Return it to the hand. This card can attack all monsters your opponent controls once each.,https://images.ygoprodeck.com/images/cards/2134346.jpg
88236094,Aswan Apparition,"If this card inflicts Battle Damage to your opponent's Life Points, you can return 1 Trap Card from your Graveyard to the top of your Deck.",https://images.ygoprodeck.com/images/cards/88236094.jpg
66719533,Asymmetaphys,"Once per turn: You can banish 1 ""Metaphys"" card from your hand, and if you do, draw 1 card. Once per turn, if your ""Metaphys"" card in its owner's possession is banished: Apply this effect depending on whose turn it is.
● Your turn: All monsters on the field lose 500 ATK/DEF, except ""Metaphys"" monsters.
● Opponent's turn: Change the battle positions of all monsters on the field, except ""Metaphys"" monsters.",https://images.ygoprodeck.com/images/cards/66719533.jpg
6112401,At One With the Sword,"Activate while the only monster you control is 1 face-up ""X-Saber"" monster. Equip this card to that monster. It gains 800 ATK. If it destroys your opponent's monster by battle, draw 1 card.",https://images.ygoprodeck.com/images/cards/6112401.jpg
48964966,Athena,"If another Fairy monster(s) is Summoned: Inflict 600 damage to your opponent. Once per turn: You can send 1 face-up Fairy monster you control to the GY, except ""Athena"", then target 1 Fairy monster in your GY, except ""Athena""; Special Summon that target.",https://images.ygoprodeck.com/images/cards/48964966.jpg
8078366,Atlantean Attack Squad,"This card gains 800 ATK while you control a face-up Fish, Sea Serpent, or Aqua-Type monster other than this card.",https://images.ygoprodeck.com/images/cards/8078366.jpg
74311226,Atlantean Dragoons,"All Level 3 or lower Sea Serpent-Type monsters you control can attack your opponent directly. When this card is sent to the Graveyard to activate a WATER monster's effect: Add 1 Sea Serpent-Type monster from your Deck to your hand, except ""Atlantean Dragoons"".",https://images.ygoprodeck.com/images/cards/74311226.jpg
37104630,Atlantean Heavy Infantry,"During your Main Phase, you can Normal Summon 1 Level 4 or lower Sea Serpent-Type monster in addition to your Normal Summon/Set. (You can only gain this effect once per turn.) When this card is sent to the Graveyard to activate a WATER monster's effect: Target 1 face-up card your opponent controls; destroy that target.",https://images.ygoprodeck.com/images/cards/37104630.jpg
706925,Atlantean Marksman,"When this card inflicts battle damage to your opponent: You can Special Summon 1 Level 4 or lower ""Atlantean"" Sea Serpent-Type monster from your Deck, except ""Atlantean Marksman"". When this card is sent to the Graveyard to activate a WATER monster's effect: Target 1 Set card your opponent controls; destroy that target.",https://images.ygoprodeck.com/images/cards/706925.jpg
26976414,Atlantean Pikeman,"The Great Ocean Lord, who reigns over the depths, is served by these lancers. Deep-sea creatures exist in fear of facing the stream of attacks their lances are capable of.",https://images.ygoprodeck.com/images/cards/26976414.jpg
87340664,Atomic Firefly,"When this face-up card on the field attacks or is attacked and it is destroyed as a result of battle, the player who destroyed it takes 1000 points of damage.",https://images.ygoprodeck.com/images/cards/87340664.jpg
92361635,Atomic Scrap Dragon,"1 ""Scrap"" Tuner + 2 or more non-Tuner monsters
Once per turn, you can select 1 card you control and up to 3 cards in your opponent's Graveyard. Destroy your selected card and return the opponent's cards you selected to the Deck. When this card is destroyed by your opponent's card (either by battle or by card effect) and sent to the Graveyard, select 1 non-Synchro ""Scrap"" monster in your Graveyard, and Special Summon it.",https://images.ygoprodeck.com/images/cards/92361635.jpg
79875526,Attachment Cybern,"You can target 1 Dragon or Machine ""Cyber"" monster you control; equip this card from your hand or field to it. While this card is an Equip Card, the equipped monster gains 600 ATK. If this card is sent to the GY while equipped to a monster: You can target 1 other Dragon or Machine ""Cyber"" monster in your GY; Special Summon it. You can only use this effect of ""Attachment Cybern"" once per turn.",https://images.ygoprodeck.com/images/cards/79875526.jpg
31175914,Attack Gainer,"If this card is sent to the Graveyard as a Synchro Material Monster, select 1 face-up monster your opponent controls. The selected opponent's monster loses 1000 ATK until the End Phase.",https://images.ygoprodeck.com/images/cards/31175914.jpg
3103067,Attack Guidance Armor,"When a monster declares an attack: Activate 1 of these effects;
● Destroy the attacking monster.
● Target 1 monster on either field, except the attacking monster; change the attack target to it and perform damage calculation.
You can only activate 1 ""Attack Guidance Armor"" per turn.",https://images.ygoprodeck.com/images/cards/3103067.jpg
68786330,Attack Pheromones,"If a monster you control attacks a Defense Position monster, change that monster to face-up Attack Position at the end of the Damage Step if your attacking monster is Reptile-Type.",https://images.ygoprodeck.com/images/cards/68786330.jpg
91989718,Attack Reflector Unit,"Tribute 1 ""Cyber Dragon"". Special Summon 1 ""Cyber Barrier Dragon"" from your hand or Deck.",https://images.ygoprodeck.com/images/cards/91989718.jpg
63689843,Attack and Receive,"You can only activate this card when you take damage to your Life Points. Inflict 700 points of damage to your opponent's Life Points. Also, inflict 300 points of damage to your opponent's Life Points for each ""Attack and Receive"" card in your Graveyard.",https://images.ygoprodeck.com/images/cards/63689843.jpg
84389640,Attack of the Cornered Rat,"If a Level 3 or lower Normal Monster you control battles, during the Damage Step you can pay Life Points in multiples of 100. The ATK of the opponent's monster is reduced by the amount of Life Points you paid, until the End Phase. (You cannot pay more Life Points than the ATK of the opponent's monster.)",https://images.ygoprodeck.com/images/cards/84389640.jpg
83715234,Attack the Moon!,"Once per turn, when the battle position of a Rock-Type monster you control is changed: You can target 1 Spell/Trap Card your opponent controls; destroy that target.",https://images.ygoprodeck.com/images/cards/83715234.jpg
85352446,Attention!,Target 1 face-up Level 5 or lower monster your opponent controls; destroy all face-up monsters on the field with a different Level than it.,https://images.ygoprodeck.com/images/cards/85352446.jpg
46083380,Attraffic Control,"If your opponent controls 3 or more monsters, they cannot declare an attack.",https://images.ygoprodeck.com/images/cards/46083380.jpg
59048135,Augmented Heraldry,"Psychic-Type Xyz Monsters on the field cannot be targeted by Spell/Trap effects. Once per turn: You can discard 1 ""Heraldic Beast"" monster; add 1 ""Heraldry"" Spell/Trap Card from your Deck to your hand, except ""Augmented Heraldry"". You cannot Normal or Special Summon monsters during the turn you activate this effect, except Psychic-Type Xyz Monsters and ""Heraldic Beast"" monsters (even if this card leaves the field).",https://images.ygoprodeck.com/images/cards/59048135.jpg
4709881,Auram the World Chalice Blademaster,"2 ""World Chalice"" monsters
Gains 300 ATK for each ""World Legacy"" monster in your GY with a different name. You can Tribute 1 ""World Chalice"" monster this card points to, then target 1 other monster in your GY; Special Summon it to your zone this card points to. You can only use this effect of ""Auram the World Chalice Blademaster"" once per turn. If this card is sent from the field to the GY: You can Special Summon 1 ""World Chalice"" monster from your hand.",https://images.ygoprodeck.com/images/cards/4709881.jpg
7183277,"Aurkus, Lightsworn Druid","Neither player can target ""Lightsworn"" monsters (anywhere) with card effects. During each of your End Phases: Send the top 2 cards of your Deck to the Graveyard.",https://images.ygoprodeck.com/images/cards/7183277.jpg
22386234,Aurora Paragon,"Neither player can Special Summon monsters. When another monster is Normal Summoned to either player's side of the field, destroy this card.",https://images.ygoprodeck.com/images/cards/22386234.jpg
70089580,Aurora Wing,"When this card is destroyed by battle and sent to the Graveyard: You can Special Summon this card in face-up Attack Position. You can only use the effect of ""Aurora Wing"" once per turn.",https://images.ygoprodeck.com/images/cards/70089580.jpg
62803464,Aussa the Earth Channeler,"(This card is always treated as a ""Charmer"" card.)
You can discard this card and 1 EARTH monster; add 1 EARTH monster from your Deck to your hand with 1850 or less ATK, whose original Type is the same as one of the discarded monsters, also you cannot activate non-EARTH monster effects for the rest of this turn. When your EARTH monster is destroyed by battle: You can Special Summon this card from your hand. You can only use each effect of ""Aussa the Earth Channeler"" once per turn.",https://images.ygoprodeck.com/images/cards/62803464.jpg
37970940,Aussa the Earth Charmer,"FLIP: While this card is face-up on the field, take control of 1 EARTH monster your opponent controls.",https://images.ygoprodeck.com/images/cards/37970940.jpg
97661969,"Aussa the Earth Charmer, Immovable","2 monsters, including an EARTH monster
(This card is always treated as a ""Familiar-Possessed"" card.)
You can target 1 EARTH monster in your opponent's GY; Special Summon it to your zone this card points to. If this Link Summoned card is destroyed by battle, or is destroyed by an opponent's card effect while in its owner's Monster Zone: You can add 1 EARTH monster with 1500 or less DEF from your Deck to your hand. You can only use each effect of ""Aussa the Earth Charmer, Immovable"" once per turn.",https://images.ygoprodeck.com/images/cards/97661969.jpg
58990631,Automatic Laser,"When your opponent Normal or Special Summons a monster(s) with 1000 or more ATK, reveal 1 ""Iron Core of Koa'ki Meiru"" in your hand to activate this card. Destroy that Summoned monster(s).",https://images.ygoprodeck.com/images/cards/58990631.jpg
71453557,Autonomous Action Unit,"Pay 1500 Life Points, then target 1 monster in your opponent's Graveyard; Special Summon that target to your side of the field in face-up Attack Position, and equip it with this card. When this card leaves the field, destroy the equipped monster.",https://images.ygoprodeck.com/images/cards/71453557.jpg
80250185,Autorokket Dragon,"When a Link Monster's effect is activated that targets this face-up card on the field (Quick Effect): You can destroy this card, then send 1 Spell/Trap on the field to the GY. During the End Phase, if this card is in the GY because it was destroyed on the field by battle or card effect and sent there this turn: You can Special Summon 1 ""Rokket"" monster from your Deck, except ""Autorokket Dragon"". You can only use each effect of ""Autorokket Dragon"" once per turn.",https://images.ygoprodeck.com/images/cards/80250185.jpg
29139104,Avalanching Aussa,"Once per turn, you can Tribute 1 EARTH monster (except this card) to Special Summon 1 EARTH monster from your hand. The monster Special Summoned by this effect is destroyed if ""Avalanching Aussa"" is removed from your side of the field.",https://images.ygoprodeck.com/images/cards/29139104.jpg
82140600,Avalon,"Target 5 ""Noble Knight"" monsters in your Graveyard, including at least 1 ""Artorigus"" monster and at least 1 ""Laundsallyn"" monster; banish those targets, and if you do, destroy all cards on the field.",https://images.ygoprodeck.com/images/cards/82140600.jpg
99284890,Avatar of The Pot,"By sending 1 ""Pot of Greed"" from your hand to the Graveyard, draw 3 cards from your Deck.",https://images.ygoprodeck.com/images/cards/99284890.jpg
91420202,Avendread Savior,"2 Zombie monsters
This card's name becomes ""Revendread Slayer"" while on the field. You can only use each of the following effects of ""Avendread Savior"" once per turn.
● You can target 1 ""Vendread"" card in your GY; add it to your hand.
● During damage calculation, if this card battles an opponent's monster (Quick Effect): You can send 1 Zombie monster from your Deck to the GY; that opponent's monster loses ATK equal to the Level of the monster sent to the GY x 200, until the end of this turn.",https://images.ygoprodeck.com/images/cards/91420202.jpg
69514125,Avenging Knight Parshath,"1 Tuner + 1 or more non-Tuner LIGHT monsters
Once per turn: You can target 1 face-up monster your opponent controls; change that target's battle position. If this card attacks a Defense Position monster, inflict piercing battle damage to your opponent.",https://images.ygoprodeck.com/images/cards/69514125.jpg
17469113,"Avida, Rebuilder of Worlds","Cannot be Normal Summoned/Set. Must be Special Summoned (from your hand) by there being at least 8 or more Link Monsters with different names on the field and/or in the GYs. You cannot Special Summon other monsters the turn you Special Summon this card. This card's Special Summon cannot be negated. If this card is Special Summoned: Shuffle all other monsters that are banished, on the field, and in the GYs into the Decks. Neither player can activate cards or effects in response to this effect's activation.",https://images.ygoprodeck.com/images/cards/17469113.jpg
82832464,Awakening of Nephthys,"All ""Nephthys"" monsters you control gain 300 ATK. If this face-up card in the Spell & Trap Zone is destroyed by card effect and sent to the GY: You can Special Summon 1 ""Nephthys"" monster from your hand, Deck, or GY, but destroy it during the End Phase. You can only use this effect of ""Awakening of Nephthys"" once per turn.",https://images.ygoprodeck.com/images/cards/82832464.jpg
30453613,Awakening of Veidos,"Place 1 ""Obsidim, the Ashened City"" from your Deck, face-up in either Field Zone, then if your opponent controls a card in their Field Zone, you can add 1 Level 5 or higher DARK Pyro monster from your Deck to your hand. For the rest of this turn after this card resolves, you cannot Special Summon from the Deck or Extra Deck, except Pyro monsters. You can only activate 1 ""Awakening of Veidos"" per turn.",https://images.ygoprodeck.com/images/cards/30453613.jpg
12877076,Awakening of the Crystal Ultimates,"Reveal 1 ""Ultimate Crystal"" monster in your hand, then activate 1 of these effects. If you control an ""Ultimate Crystal"" monster, you can activate 1 or 2 of these effects in sequence, instead (and do not have to reveal a monster).
● Take 1 ""Rainbow Bridge"" card or 1 ""Rainbow Refraction"" from your Deck, and either add it to your hand or send it to the GY.
● Special Summon 1 ""Crystal Beast"" Monster Card from your hand, Deck, GY, or Spell & Trap Zone.
You can only activate 1 ""Awakening of the Crystal Ultimates"" per turn.",https://images.ygoprodeck.com/images/cards/12877076.jpg
62256492,Awakening of the Possessed,"Monsters you control gain 300 ATK for each different Attribute you control. ""Charmer"" and ""Familiar-Possessed"" monsters you control cannot be destroyed by card effects. If a Spellcaster monster(s) with 1850 original ATK is Normal or Special Summoned to your field: Draw 1 card. You can only use this effect of ""Awakening of the Possessed"" once per turn.",https://images.ygoprodeck.com/images/cards/62256492.jpg
74426895,Awakening of the Possessed - Gagigobyte,"You can Special Summon this card (from your hand or Deck) by sending 1 face-up Spellcaster monster and 1 face-up Level 4 or lower WATER monster you control to the GY. You can only use each of the following effects of ""Awakening of the Possessed - Gagigobyte"" once per turn.
● When this card is Special Summoned by its effect: You can send 1 random card from your opponent's hand to the GY, then each player draws 1 card.
● If this card is sent from the field to the GY: You can add 1 ""Spiritual Water Art"" card or 1 ""Possessed"" Spell/Trap from your Deck to your hand.",https://images.ygoprodeck.com/images/cards/74426895.jpg
92652813,Awakening of the Possessed - Greater Inari Fire,"You can Special Summon this card (from your hand or Deck) by sending 1 face-up Spellcaster monster and 1 face-up Level 4 or lower FIRE monster you control to the GY. You can only use each of the following effects of ""Awakening of the Possessed - Greater Inari Fire"" once per turn.
● When this card is Special Summoned by its effect: You can inflict damage to your opponent equal to the original ATK of 1 monster they control (your choice).
● If this card is sent from the field to the GY: You can add 1 ""Spiritual Fire Art"" card or 1 ""Possessed"" Spell/Trap from your Deck to your hand.",https://images.ygoprodeck.com/images/cards/92652813.jpg
65268179,Awakening of the Possessed - Nefariouser Archfiend,"You can Special Summon this card (from your hand or Deck) by sending 1 face-up Spellcaster monster and 1 face-up Level 4 or lower EARTH monster you control to the GY. You can only use each of the following effects of ""Awakening of the Possessed - Nefariouser Archfiend"" once per turn.
● When this card is Special Summoned by its effect: You can Special Summon 1 Level 4 or lower monster from your GY, but negate its effects.
● If this card is sent from the field to the GY: You can add 1 ""Spiritual Earth Art"" card or 1 ""Possessed"" Spell/Trap from your Deck to your hand.",https://images.ygoprodeck.com/images/cards/65268179.jpg
410904,Awakening of the Possessed - Rasenryu,"You can Special Summon this card (from your hand or Deck) by sending 1 face-up Spellcaster monster and 1 face-up Level 4 or lower WIND monster you control to the GY. You can only use each of the following effects of ""Awakening of the Possessed - Rasenryu"" once per turn.
● When this card is Special Summoned by its effect: You can return 1 card your opponent controls to the hand.
● If this card is sent from the field to the GY: You can add 1 ""Spiritual Wind Art"" card or 1 ""Possessed"" Spell/Trap from your Deck to your hand.",https://images.ygoprodeck.com/images/cards/410904.jpg
53701259,Awakening of the Sacred Beasts,"This card gains these effects based on the number of ""Uria, Lord of Searing Flames"", ""Hamon, Lord of Striking Thunder"", and/or ""Raviel, Lord of Phantasms"" with different names you control.
● 1+: Each time your opponent Normal or Special Summons a monster(s): Gain LP equal to the ATK of that monster(s).
● 2+: Negate the activated effects of monsters your opponent controls.
● 3: Any monsters sent to your opponent's GY are banished instead.
Once per your turn, if you control a Level 10 monster: You can add 1 Continuous Trap from your GY to your hand.",https://images.ygoprodeck.com/images/cards/53701259.jpg
84914462,Axe Dragonute,"If this card attacks, it is changed to Defense Position at the end of the Damage Step.",https://images.ygoprodeck.com/images/cards/84914462.jpg
48305365,Axe Raider,An axe-wielding monster of tremendous strength and agility.,https://images.ygoprodeck.com/images/cards/48305365.jpg
40619825,Axe of Despair,"(This card is always treated as an ""Archfiend"" card.)
The equipped monster gains 1000 ATK. When this card is sent from the field to the Graveyard: You can Tribute 1 monster; place this card on the top of your Deck.",https://images.ygoprodeck.com/images/cards/40619825.jpg
19578592,Axe of Fools,"The equipped monster gains 1000 ATK, also its effects are negated. Once per turn, during your Standby Phase: Inflict 500 damage to the controller of the equipped monster.",https://images.ygoprodeck.com/images/cards/19578592.jpg
42969214,Aye-Iron,Once per turn: You can have this card gain 400 ATK. This card cannot attack the turn you activate this effect.,https://images.ygoprodeck.com/images/cards/42969214.jpg
42502956,Ayers Rock Sunrise,"Target 1 Beast-Type monster in your Graveyard; Special Summon that target, and if you do, all face-up monsters your opponent currently controls lose 200 ATK for each Beast, Plant, and Winged Beast-Type monster currently in your Graveyard, until the end of this turn. You can only activate 1 ""Ayers Rock Sunrise"" per turn.",https://images.ygoprodeck.com/images/cards/42502956.jpg
101206073,Azamina Hamartia,"Reveal 1 ""Azamina"" Fusion Monster in your Extra Deck and shuffle 1 ""Sinful Spoils"" card from your GY and/or banishment into the Deck for every 4 Levels the revealed monster has, then Special Summon it. (This is treated as a Fusion Summon.) You can banish this card from your GY, then target 1 ""Sinful Spoils"" Spell/Trap in your GY; Set it, but it cannot be activated this turn. You can only use 1 ""Azamina Hamartia"" effect per turn, and only once that turn.",https://images.ygoprodeck.com/images/cards/101206073.jpg
101206033,Azamina Moa Regina,"1 Illusion monster + 1 Level 6 or higher Fiend monster
You can target 1 Illusion monster in your GY, except ""Azamina Moa Regina""; Special Summon it. When a ""Sinful Spoils"" or ""Azamina"" card or effect is activated, except ""Azamina Moa Regina"" (Quick Effect): You can target up to 2 cards on the field; destroy them. You can only use each effect of ""Azamina Moa Regina"" once per turn.",https://images.ygoprodeck.com/images/cards/101206033.jpg
101206031,Azamina Mu Rcielago,"1 Illusion monster + 1 LIGHT Spellcaster monster
Monsters your opponent controls lose 500 ATK/DEF for each ""Azamina"" monster you control. You can only use each of the following effects of ""Azamina Mu Rcielago"" once per turn. If this card is Fusion Summoned: You can add 1 ""Azamina"" or ""Sinful Spoils"" card from your Deck to your hand. If this card is destroyed by battle or card effect: You can add 1 ""Sinful Spoils"" Spell from your Deck to your hand.",https://images.ygoprodeck.com/images/cards/101206031.jpg
101206054,Azamina Ofeiletis,"During the Main Phase: Reveal 1 ""Azamina"" Fusion Monster in your Extra Deck and send 1 ""Sinful Spoils"" card from your hand and/or field to the GY for every 4 Levels the revealed monster has (if those cards are Set, reveal them), then Special Summon it. (This is treated as a Fusion Summon.) During your Main Phase: You can banish this card from your GY, then target 1 ""Azamina"" monster in your GY; Special Summon it. You can only use 1 ""Azamina Ofeiletis"" effect per turn, and only once that turn.",https://images.ygoprodeck.com/images/cards/101206054.jpg
101206030,Azamina Rhea Silvera,"1 Illusion monster + 1 LIGHT Spellcaster monster
Any battle damage your ""Azamina"" monsters other than ""Azamina Rhea Silvera"" inflict to your opponent is doubled. You can only use each of the following effects of ""Azamina Rhea Silvera"" once per turn. When your opponent activates a card or effect (Quick Effect): You can Tribute this card; negate that effect. If this card is destroyed by battle or card effect: You can add 1 ""Sinful Spoils"" Trap from your Deck to your hand.",https://images.ygoprodeck.com/images/cards/101206030.jpg
1012060,Azamina Sol Erysichthon,"1 Illusion monster + 1 Fiend monster
If this card is Fusion Summoned: You can target 1 card on the field; send it to the GY. During each Standby Phase: You can target 1 ""Azamina"" or ""Sinful Spoils"" card in your GY; add it to your hand. You can only use each effect of ""Azamina Sol Erysichthon"" once per turn.",https://images.ygoprodeck.com/images/cards/1012060.jpg
75081613,"Aztekipede, the Worm Warrior","Cannot be Normal Summoned/Set. Must be Special Summoned by banishing 1 Insect-Type monster from your Graveyard, and cannot be Special Summoned by other ways. If this card inflicts battle damage to your opponent: Send the top card of their Deck to the Graveyard.",https://images.ygoprodeck.com/images/cards/75081613.jpg
40908371,Azure-Eyes Silver Dragon,"1 Tuner + 1+ non-Tuner Normal Monsters
If this card is Special Summoned: Until the end of the next turn, neither player can target Dragon monsters you currently control with card effects, also they cannot be destroyed by card effects. Once per turn, during your Standby Phase: You can target 1 Normal Monster in your GY; Special Summon it.",https://images.ygoprodeck.com/images/cards/40908371.jpg
77411244,B-Buster Drake,"Once per turn, you can either: Target 1 LIGHT Machine monster you control; equip this card to that target, OR: Unequip this card and Special Summon it. A monster equipped with this card is unaffected by your opponent's Spell effects, also if the equipped monster would be destroyed by battle or card effect, destroy this card instead. If this card is sent from the field to the GY: You can add 1 Union monster from your Deck to your hand.",https://images.ygoprodeck.com/images/cards/77411244.jpg
89832901,B. Dragon Jungle King,A jet-black dragon found in the deepest jungles who normally devours trees.,https://images.ygoprodeck.com/images/cards/89832901.jpg
975299,B.E.F. Zelos,"When this card is activated: You can add 1 ""Boss Rush"" from your Deck to your hand. All ""B.E.S."" monsters you control gain 500 ATK and DEF, your opponent cannot target them with card effects, and they cannot be destroyed by your opponent's card effects. Once per turn: You can Special Summon 1 ""B.E.S."" monster from your hand. If a ""B.E.S."" monster(s) is Normal or Special Summoned to your field: Place 1 counter on it.",https://images.ygoprodeck.com/images/cards/975299.jpg
14148099,B.E.S. Big Core,"If this card is Normal Summoned: Place 3 counters on it. Cannot be destroyed by battle. At the end of the Damage Step, if this card battled: Remove 1 counter from this card. If you cannot, destroy it.",https://images.ygoprodeck.com/images/cards/14148099.jpg
75937826,B.E.S. Big Core MK-2,"If you control no monsters, you can Normal Summon this card without Tributing. When this card is Special Summoned, place 3 counters on it. This card cannot be destroyed by battle. If this card attacks or is attacked, remove 1 counter from this card at the end of the Damage Step. If you cannot, destroy it.",https://images.ygoprodeck.com/images/cards/75937826.jpg
82821760,B.E.S. Big Core MK-3,"If your opponent controls a monster and you control no monsters, you can Special Summon this card (from your hand) in Defense Position. If this card is Normal or Special Summoned: Place 3 counters on this card. Cannot be destroyed by battle. At the end of the Damage Step, if this card battled: Remove 1 counter from this card. If you cannot, destroy it. You can banish this card from your Graveyard; shuffle all ""B.E.S."" monsters from your Graveyard into the Deck.",https://images.ygoprodeck.com/images/cards/82821760.jpg
84257883,B.E.S. Blaster Cannon Core,"If your opponent controls more monsters than you do, you can Special Summon this card (from your hand). You can only Special Summon ""B.E.S. Blaster Cannon Core"" once per turn this way. If this card is Normal or Special Summoned: Place 3 counters on this card. Cannot be destroyed by battle. At the end of the Damage Step, if this card battled: Remove 1 counter from this card. If you cannot, destroy it.",https://images.ygoprodeck.com/images/cards/84257883.jpg
15317640,B.E.S. Covered Core,"When this card is Normal Summoned, put 2 counters on it. This card cannot be destroyed by battle. If this card attacks or is attacked, at the end of the Damage Step toss a coin and call it. If you call it wrong, remove 1 counter. If this card battles without a counter, destroy it at the end of the Damage Step.",https://images.ygoprodeck.com/images/cards/15317640.jpg
22790789,B.E.S. Crystal Core,"When this card is Normal Summoned, put 3 counters on it. This card cannot be destroyed by battle. If this card attacks or is attacked, remove 1 counter from this card at the end of the Damage Step. If you cannot, destroy it. Once per turn, during your Main Phase, you can change 1 face-up Attack Position monster your opponent controls to face-up Defense Position.",https://images.ygoprodeck.com/images/cards/22790789.jpg
44954628,B.E.S. Tetran,"When this card is Normal Summoned, put 3 counters on it. This card cannot be destroyed by battle. If this card attacks or is attacked, remove 1 counter from this card at the end of the Damage Step. If you cannot, destroy it. Once per turn, you can remove 1 counter on this card to destroy 1 Spell or Trap Card on the field.",https://images.ygoprodeck.com/images/cards/44954628.jpg
84677654,BIG Win!?,"Declare a Level between 1 and 12; each player tosses a coin, and if both are Heads, the Levels of all face-up monsters you currently control become the declared Level. If both are tails, you lose Life Points equal to the declared Level x 500.",https://images.ygoprodeck.com/images/cards/84677654.jpg
40634253,BM-4 Blast Spider,"Once per turn: You can target 1 DARK Machine monster you control and 1 face-up card your opponent controls; destroy them. If a monster you control that was originally a DARK Machine destroys an opponent's monster(s) by battle or card effect and sends it to the GY: You can inflict damage to your opponent equal to half the original ATK of 1 of those monster(s) destroyed and sent to the GY. You can only use this effect of ""BM-4 Blast Spider"" once per turn.",https://images.ygoprodeck.com/images/cards/40634253.jpg
61156777,BOXer,"When this card destroys an opponent's monster by battle and sends it to the Graveyard: You can place 1 counter on this card. You can send this card with 2 or more counters to the Graveyard; Special Summon 1 EARTH monster from your Deck. If this card would be destroyed by battle or card effect, you can remove 1 counter from this card instead.",https://images.ygoprodeck.com/images/cards/61156777.jpg
67073561,Baba Barber,"2 monsters
At the start of each Battle Phase: You can target this card or 1 monster this card points to; banish it until the End Phase. You can only use this effect of ""Baba Barber"" once per turn.",https://images.ygoprodeck.com/images/cards/67073561.jpg
88819587,Baby Dragon,"Much more than just a child, this dragon is gifted with untapped power.",https://images.ygoprodeck.com/images/cards/88819587.jpg
40380686,Baby Mudragon,"If this card you control is used as Synchro Material, you can treat it as a non-Tuner. If this card is sent to the GY as Synchro Material: You can declare 1 Type or Attribute, then target 1 Synchro Monster you control; it becomes the declared Type/Attribute, until the end of this turn.",https://images.ygoprodeck.com/images/cards/40380686.jpg
92729410,Baby Raccoon Ponpoko,"When this card is Normal Summoned: You can Special Summon 1 Level 2 Beast-Type monster from your Deck in face-down Defense Position, except ""Baby Raccoon Ponpoko"". You cannot Special Summon any monsters during the turn you activate this effect, except Beast-Type monsters.",https://images.ygoprodeck.com/images/cards/92729410.jpg
28118128,Baby Raccoon Tantan,"FLIP: Special Summon 1 Level 2 Beast-Type monster from your Deck, except ""Baby Raccoon Tantan"".",https://images.ygoprodeck.com/images/cards/28118128.jpg
60023855,Baby Spider,"You can Tribute 1 DARK monster; increase the Levels of all ""Baby Spiders"" you currently control by the Level of that Tributed monster. You can pay half your LP, banish this card from your GY, and detach 1 material from your DARK Xyz Monster, then target 1 DARK monster in your GY; Special Summon it. You can only use each effect of ""Baby Spider"" once per turn.",https://images.ygoprodeck.com/images/cards/60023855.jpg
12533811,Baby Tiragon,"3 Level 1 monsters
During your Main Phase 1: You can detach 1 Xyz Material from this card, then target 1 Level 1 monster you control; it can attack your opponent directly.",https://images.ygoprodeck.com/images/cards/12533811.jpg
36042004,Babycerasaurus,If this card is destroyed by a card effect and sent to the Graveyard: Special Summon 1 Level 4 or lower Dinosaur-Type monster from your Deck.,https://images.ygoprodeck.com/images/cards/36042004.jpg
56208713,Bacha the Melodious Maestra,"2 ""Melodious"" monsters
While you control this Fusion Summoned card, the activated effects of your ""Melodious"" Fusion Monsters cannot be negated. You can only use each of the following effects of ""Bacha the Melodious Maestra"" once per turn. If this card is Special Summoned: You can Special Summon 1 ""Melodious"" monster from your Deck. If this card is sent to the GY: You can target 1 ""Melodious"" monster in your GY, except ""Bacha the Melodious Maestra""; Special Summon it in Defense Position.",https://images.ygoprodeck.com/images/cards/56208713.jpg
83272895,Bachibachibachi,"An Xyz Monster that was Summoned using this card on the field as Xyz Material gains this effect.
● If this card attacks a Defense Position monster, inflict piercing battle damage to your opponent.",https://images.ygoprodeck.com/images/cards/83272895.jpg
47453433,Back to Square One,"Discard 1 card, then target 1 monster on the field; place that target on the top of the Deck.",https://images.ygoprodeck.com/images/cards/47453433.jpg
59919307,Back to the Front,Target 1 monster in your GY; Special Summon it in Defense Position.,https://images.ygoprodeck.com/images/cards/59919307.jpg
68833958,Back-Up Rider,Target 1 face-up monster on the field; it gains 1500 ATK until the end of this turn.,https://images.ygoprodeck.com/images/cards/68833958.jpg
82705573,Backfire,If a face-up FIRE monster(s) you control is destroyed and sent to the GY: Inflict 500 damage to your opponent.,https://images.ygoprodeck.com/images/cards/82705573.jpg
84976088,Background Dragon,"If this card is in the GY and you control no cards: You can Special Summon both this card, and 1 Level 4 or lower Dragon monster from your hand, in Defense Position, but banish this card when it leaves the field. You can only use this effect of ""Background Dragon"" once per turn.",https://images.ygoprodeck.com/images/cards/84976088.jpg
71172240,Backlinker,"If only your opponent controls a monster in the Extra Monster Zone, you can Special Summon this card (from your hand). You can Tribute this card; shuffle all monsters from the Extra Monster Zones into the Deck, also you cannot Special Summon monsters from the Extra Deck for the rest of this turn.",https://images.ygoprodeck.com/images/cards/71172240.jpg
32603633,Backs to the Wall,"Pay LP so that you only have 100 left; Special Summon as many ""Six Samurai"" monsters with different names from your GY as possible. You cannot Special Summon a monster with the same name as a monster you already control.",https://images.ygoprodeck.com/images/cards/32603633.jpg
97947705,Backup Operator,"You can target 1 face-up monster that a Link Monster you control points to; Special Summon this card from your hand, and if you do, return that monster to the hand. If Special Summoned this way, banish this card when it leaves the field. You can only use this effect of ""Backup Operator"" once per turn.",https://images.ygoprodeck.com/images/cards/97947705.jpg
63528891,Backup Secretary,"If you control a Cyberse monster, you can Special Summon this card (from your hand). You can only Special Summon ""Backup Secretary"" once per turn this way.",https://images.ygoprodeck.com/images/cards/63528891.jpg
36280194,Backup Soldier,While there are 5 or more monsters in your Graveyard: Target up to 3 non-Effect Monsters with 1500 or less ATK in your Graveyard; add them to your hand.,https://images.ygoprodeck.com/images/cards/36280194.jpg
28486799,Backup Squad,Each time you take 1000 or more damage by your opponent's card effect or their monster's attack: Draw 1 card for every 1000 damage you took.,https://images.ygoprodeck.com/images/cards/28486799.jpg
97677329,Backup Supervisor,"2 monsters
If this card was Link Summoned using ""Backup Secretary"" as material, and your monster this card points to battled an opponent's monster, at the end of the Damage Step: You can Special Summon 1 Cyberse monster from your hand. If this card is destroyed by battle, or if this card in its owner's possession is destroyed by an opponent's card effect: You can Special Summon 1 ""Backup Secretary"" from your hand, Deck, or GY. You can only use each effect of ""Backup Supervisor"" once per turn.",https://images.ygoprodeck.com/images/cards/97677329.jpg
89328238,Backup Team,"Draw cards equal to the number of cards your opponent controls, then place cards from your hand on the bottom of the Deck in any order, equal to the number of cards you drew. During the End Phase, if your opponent controls more cards than you do while this card is in your GY: You can Set this card, but banish it when it leaves the field. You can only use 1 ""Backup Team"" effect per turn, and only once that turn.",https://images.ygoprodeck.com/images/cards/89328238.jpg
95637655,Backup Warrior,Cannot be Normal Summoned or Set. Must first be Special Summoned (from your hand) while the only monsters you control are 2 Defense Position monsters. You cannot Synchro Summon the turn you Special Summon this card.,https://images.ygoprodeck.com/images/cards/95637655.jpg
82593786,Bacon Saver,"During either player's Battle Step, while an attack is occurring: You can banish this card from your Graveyard; negate the attack. You can only use the effect of ""Bacon Saver"" once per Duel.",https://images.ygoprodeck.com/images/cards/82593786.jpg
46253216,Bad Aim,When your opponent's card or effect is activated: Target 1 card on the field (other than that card); destroy it.,https://images.ygoprodeck.com/images/cards/46253216.jpg
76004142,Bad Luck Blast,"Target 1 face-up monster your opponent controls; take damage equal to half its ATK, then inflict damage to your opponent, equal to the damage you took. If this card you control is destroyed by an opponent's card and sent to your Graveyard: Inflict 1000 damage to your opponent. You can only activate 1 ""Bad Luck Blast"" per turn.",https://images.ygoprodeck.com/images/cards/76004142.jpg
40633297,Bad Reaction to Simochi,"As long as this card remains face-up on the field, any effect of increasing your opponent's Life Points is changed to inflict the same amount of points in damage to your opponent's Life Points.",https://images.ygoprodeck.com/images/cards/40633297.jpg
55320758,Bad-Ass Goblin Bikers,"If you control no monsters, or all monsters you control are ""Goblin"" monsters, you can Normal Summon this card without Tributing. You can only use each of the following effects of ""Bad-Ass Goblin Bikers"" once per turn. If this card is Normal or Special Summoned: You can Special Summon 1 Level 4 or lower ""Goblin"" monster from your Deck. If this card is sent to the GY: You can target 1 card on the field; attach it to your ""Goblin"" Xyz Monster as material.",https://images.ygoprodeck.com/images/cards/55320758.jpg
88890658,Baelgrill de Nouvelles,"You can Ritual Summon this card with a ""Recipe"" card. If this card is Special Summoned: You can negate the effects of all face-up cards your opponent currently controls (until the end of this turn), then, if this card was Special Summoned by the effect of a ""Nouvelles"" monster, you can Tribute as many monsters your opponent controls as possible. (Quick Effect): You can target 1 Attack Position monster your opponent controls; Tribute it, and if you do, Special Summon 1 ""Hungry Burger"" from your hand or Deck. You can only use each effect of ""Baelgrill de Nouvelles"" once per turn.",https://images.ygoprodeck.com/images/cards/88890658.jpg
53318263,"Bahalutiya, the Grand Radiance","You can Tribute Summon this card by Tributing 1 Effect Monster. During your opponent's Main Phase, if a card(s) is added from the Main Deck to their hand (except by drawing it) and this card is in your hand, you can: Immediately after this effect resolves, Tribute Summon this card. If this card is Normal or Special Summoned from the hand, you can: Make your opponent banish the top cards of their Deck face-down, equal to the number of cards in their hand, then, they shuffle their entire hand into the Deck, and if they do, they add the card(s) banished by this effect to their hand. You can only use this effect of ""Bahalutiya, the Grand Radiance"" once per turn.",https://images.ygoprodeck.com/images/cards/53318263.jpg
440556,Bahamut Shark,"2 Level 4 WATER monsters
Once per turn: You can detach 1 material from this card; Special Summon 1 Rank 3 or lower WATER Xyz Monster from your Extra Deck. This card cannot attack for the rest of this turn.",https://images.ygoprodeck.com/images/cards/440556.jpg
7165085,Bait Doll,"Target 1 Set card in the Spell & Trap Card Zone; reveal that target, force its activation if it is a Trap Card, then negate its effect if the activation timing is incorrect, and if you do, destroy it. (If it is not a Trap Card, return it face-down.) When this card resolves, shuffle it into the Deck instead of sending it to the Graveyard.",https://images.ygoprodeck.com/images/cards/7165085.jpg
94670654,Baku the Beast Ninja,"If this card is added to your hand, except by drawing it: You can Special Summon it. If this card is Special Summoned or flipped face-up: You can target 1 ""Ninja"" or ""Ninjitsu Art"" card from your GY or face-up Spell & Trap Zone, except ""Baku the Beast Ninja""; return it to the hand. You can only use each effect of ""Baku the Beast Ninja"" once per turn.",https://images.ygoprodeck.com/images/cards/94670654.jpg
52495649,Balameuniere de Nouvelles,"You can Ritual Summon this card with a ""Recipe"" card. If this card is Special Summoned: You can add 1 ""Nouvelles"" or ""Recipe"" card from your Deck to your hand. You can target 1 Attack Position monster your opponent controls; Tribute it, and if you do, Special Summon 1 Level 6 ""Nouvelles"" Ritual Monster from your hand or Deck. This is a Quick Effect if this card was Special Summoned by the effect of a ""Nouvelles"" monster. You can only use each effect of ""Balameuniere de Nouvelles"" once per turn.",https://images.ygoprodeck.com/images/cards/52495649.jpg
67443336,Balance of Judgment,"If your opponent controls more cards than the combined number of cards in your hand and that you control: Draw cards equal to their surplus. You can only activate 1 ""Balance of Judgment"" per turn.",https://images.ygoprodeck.com/images/cards/67443336.jpg
8567955,Balancer Lord,"Once per turn: You can pay 1000 LP; during your Main Phase this turn, you can Normal Summon 1 Cyberse monster, in addition to your Normal Summon/Set. (You can only gain this effect once per turn.) If this card is banished: You can Special Summon 1 Level 4 or lower monster from your hand. You can only use this effect of ""Balancer Lord"" once per turn.",https://images.ygoprodeck.com/images/cards/8567955.jpg
80584548,Ballista Squad,"Tribute 1 monster, then target 1 card your opponent controls; destroy it.",https://images.ygoprodeck.com/images/cards/80584548.jpg
242146,Ballista of Rampart Smashing,"If the equipped monster attacks a face-down Defense Position monster, it gains 1500 ATK during damage calculation only.",https://images.ygoprodeck.com/images/cards/242146.jpg
39892082,Balloon Lizard,"Put 1 counter on this card during each of your Standby Phases. When this card is destroyed, inflict damage to the controller of the card that destroyed it equal to the number of counters X 400 points.",https://images.ygoprodeck.com/images/cards/39892082.jpg
28062325,Bamboo Scrap,"Tribute 1 Plant-Type monster. Special Summon 2 ""Plant Tokens"" (Plant-Type/EARTH/Level 1/ATK 800/DEF 500) to your opponent's side of the field in Defense Position.",https://images.ygoprodeck.com/images/cards/28062325.jpg
300103003,Bandit,"If your LP are 1500 or less, activate this Skill. Take control of 1 Set card in your opponent's Spell & Trap Zone. This Skill can only be used once per Duel. ",https://images.ygoprodeck.com/images/cards/300103003.jpg
61528025,Banisher of the Light,Any card sent to the Graveyard is banished instead.,https://images.ygoprodeck.com/images/cards/61528025.jpg
94853057,Banisher of the Radiance,Any card sent to the Graveyard is banished instead.,https://images.ygoprodeck.com/images/cards/94853057.jpg
89569453,Banishing Trap Hole,"When your opponent Summons a monster(s) with 1500 or less ATK: Banish that monster(s) with 1500 or less ATK, face-down.",https://images.ygoprodeck.com/images/cards/89569453.jpg
87112784,Banishment of the Darklords,"Add 1 ""Darklord"" card from your Deck to your hand, except ""Banishment of the Darklords"". You can only activate 1 ""Banishment of the Darklords"" per turn.",https://images.ygoprodeck.com/images/cards/87112784.jpg
10012614,Banner of Courage,All monsters you control gain 200 ATK during your Battle Phase only.,https://images.ygoprodeck.com/images/cards/10012614.jpg
48814566,Banquet of Millions,"Banish any number of cards from your Extra Deck face-down, and banish the same number of random face-down cards from your opponent's Extra Deck, face-up, until the End Phase. You can only activate 1 ""Banquet of Millions"" per turn.",https://images.ygoprodeck.com/images/cards/48814566.jpg
55705473,Baobaboon,"If this card is Normal or Special Summoned: You can draw 1 card, then place 1 card from your hand on either the top or bottom of your Deck. If this card is destroyed by battle or card effect: You can Special Summon any number of ""Baobaboon"" from your Deck.",https://images.ygoprodeck.com/images/cards/55705473.jpg
81992475,"Barbar, Malebranche of the Burning Abyss","If you control a monster that is not a ""Burning Abyss"" monster, destroy this card. You can only use 1 of these effects of ""Barbar, Malebranche of the Burning Abyss"" per turn, and only once that turn.
● If you control no Spell/Trap Cards: You can Special Summon this card from your hand.
● If this card is sent to the Graveyard: You can target up to 3 ""Burning Abyss"" cards in your Graveyard, except ""Barbar, Malebranche of the Burning Abyss""; banish them, and if you do, inflict 300 damage to your opponent for each.",https://images.ygoprodeck.com/images/cards/81992475.jpg
54702678,"Barbaroid, the Ultimate Battle Machine","5 Machine-Type ""roid"" monsters
This card can make a second attack during each Battle Phase. This card cannot attack your opponent directly. After damage calculation, if this card attacked an opponent's monster: Negate the effects of that monster (including in the Graveyard). If this card destroys an opponent's monster by battle: Inflict 1000 damage to your opponent.",https://images.ygoprodeck.com/images/cards/54702678.jpg
30761649,Barian Untopia,"(This card is always treated as a ""Barian's"" card.)
""Number"" monsters you control with a number between ""101"" and ""107"" in their name, as well as ""CXyz"" monsters and ""Number C"" monsters you control, cannot be destroyed by your opponent's card effects, and your opponent cannot target them with card effects. Once per turn, if you Special Summon an Xyz Monster with a ""Rank-Up-Magic"" Spell's effect: You can target that Xyz Monster and 1 monster your opponent controls; attach that opponent's monster to that Xyz Monster as material.",https://images.ygoprodeck.com/images/cards/30761649.jpg
97769122,Barian's Chaos Draw,"To activate this card, you must draw it for your normal draw in your Draw Phase, reveal it, and keep it revealed until Main Phase 1. During that Main Phase: You can activate 1 of these effects;
● Send 1 ""Seventh"" Normal Spell from your Deck to the GY; this effect becomes that Spell's effect when that card is activated.
● Special Summon up to 2 monsters from your Deck, but negate their effects, then immediately after this effect resolves, Xyz Summon 1 ""Number"" monster using materials you control, including both those monsters.",https://images.ygoprodeck.com/images/cards/97769122.jpg
41925941,Bark of Dark Ruler,"If a Fiend-Type monster you control battles, during the Damage Step: Pay LP (in multiples of 100 points), then target the opponent's battling monster; that opponent's monster loses that much ATK and DEF, until the end of this turn.",https://images.ygoprodeck.com/images/cards/41925941.jpg
11813722,Barkion's Bark,"Activate only if you control a face-up ""Naturia"" monster. Your opponent cannot activate Trap Cards this turn.",https://images.ygoprodeck.com/images/cards/11813722.jpg
62967433,Baromet the Sacred Sheep Shrub,"2+ Level 4 monsters
You can detach 1 material from this card, then target 1 Normal Trap in your GY; place it on the bottom of the Deck, then draw 1 card. If a Normal Trap Card is activated (except during the Damage Step): You can detach 1 material from an Xyz Monster you control, and if you do, Special Summon 1 Level 4 monster from your hand. You can only use each effect of ""Baromet the Sacred Sheep Shrub"" once per turn.",https://images.ygoprodeck.com/images/cards/62967433.jpg
86325596,Baron of the Fiend Sword,An aristocrat who wields a sword possessed by a malicious spirit that preys on the weak.,https://images.ygoprodeck.com/images/cards/86325596.jpg
84815190,Baronne de Fleur,"1 Tuner + 1+ non-Tuner monsters
Once per turn: You can target 1 card on the field; destroy it. Once while face-up on the field, when a card or effect is activated (Quick Effect): You can negate the activation, and if you do, destroy that card. You can only use the previous effect of ""Baronne de Fleur"" once per turn. Once per turn, during the Standby Phase: You can target 1 Level 9 or lower monster in your GY; return this card to the Extra Deck, and if you do, Special Summon that monster.",https://images.ygoprodeck.com/images/cards/84815190.jpg
6840573,Barox,"""Frenzied Panda"" + ""Ryu-Kishin""",https://images.ygoprodeck.com/images/cards/6840573.jpg
51369889,Barrage Blast,"Once per turn, you can detach any number of materials from Machine Xyz Monsters you control, then target that many cards on the field; destroy them. If a Machine Xyz Monster(s) you control is destroyed by battle or an opponent's card effect while this card is in your GY: You can banish this card and 1 Machine Xyz Monster from your GY; inflict damage to your opponent equal to the banished monster's Rank x 200.",https://images.ygoprodeck.com/images/cards/51369889.jpg
78783370,Barrel Behind the Door,Activate only when a card's effect that would inflict damage to you is activated. Your opponent takes the damage instead.,https://images.ygoprodeck.com/images/cards/78783370.jpg
81480460,Barrel Dragon,Once per turn: You can target 1 monster your opponent controls; toss a coin 3 times and destroy it if at least 2 of the results are heads.,https://images.ygoprodeck.com/images/cards/81480460.jpg
67841515,Barrel Lily,This wicked flower attacks enemies with pollen projectiles.,https://images.ygoprodeck.com/images/cards/67841515.jpg
10476868,Barrel Rock,"Shouldering a pair of machine guns, this monster is unstoppable.",https://images.ygoprodeck.com/images/cards/10476868.jpg
13117073,Barricadeborg Blocker,"2 monsters with different names
If this card is Link Summoned: You can discard 1 card; during the End Phase of this turn, add 1 Continuous or Field Spell from your GY to your hand. You can only use this effect of ""Barricadeborg Blocker"" once per turn. Face-up Spells you control cannot be destroyed by your opponent's card effects.",https://images.ygoprodeck.com/images/cards/13117073.jpg
89127526,Barrier Resonator,"During either player's turn: You can send this card from your hand to the Graveyard, then target 1 Tuner monster you control; this turn, it cannot be destroyed by battle, also you take no battle damage from attacks involving it.",https://images.ygoprodeck.com/images/cards/89127526.jpg
84478195,Barrier Statue of the Abyss,"No monsters can be Special Summoned, except for DARK monsters.",https://images.ygoprodeck.com/images/cards/84478195.jpg
19740112,Barrier Statue of the Drought,"No monsters can be Special Summoned, except for EARTH monsters.",https://images.ygoprodeck.com/images/cards/19740112.jpg
46145256,Barrier Statue of the Heavens,"No monsters can be Special Summoned, except for LIGHT monsters.",https://images.ygoprodeck.com/images/cards/46145256.jpg
47961808,Barrier Statue of the Inferno,"Neither player can Special Summon monsters, except FIRE monsters.",https://images.ygoprodeck.com/images/cards/47961808.jpg
73356503,Barrier Statue of the Stormwinds,"No monsters can be Special Summoned, except for WIND monsters.",https://images.ygoprodeck.com/images/cards/73356503.jpg
10963799,Barrier Statue of the Torrent,"Neither player can Special Summon monsters, except WATER monsters.",https://images.ygoprodeck.com/images/cards/10963799.jpg
96700602,Barrier Wave,"Activate by Tributing 1 Synchro Monster when an opponent's monster declares an attack. Change all Attack Position monsters your opponent controls to Defense Position. Then, inflict damage to your opponent equal to the attacking monster's DEF.",https://images.ygoprodeck.com/images/cards/96700602.jpg
98477480,Barrier of the Voiceless Voice,"While you control ""Lo, the Prayers of the Voiceless Voice"" and a LIGHT Ritual Monster, your opponent's monsters can only target Ritual Monsters for attacks, also your opponent cannot target LIGHT monsters you control with card effects. During your Main Phase: You can add 1 ""Voiceless Voice"" card or 1 ""Skull Guardian"" Ritual Monster from your Deck to your hand, except ""Barrier of the Voiceless Voice"". You can only use this effect of ""Barrier of the Voiceless Voice"" once per turn.",https://images.ygoprodeck.com/images/cards/98477480.jpg
69167267,Basal Rose Shoot,"Special Summon 1 ""Rose Dragon"" monster from your hand or GY in Defense Position. If this Set card is destroyed: You can target 1 of your ""Black Rose Dragon"", or 1 monster that mentions it, that is banished or in your GY; Special Summon it. You can only use each effect of ""Basal Rose Shoot"" once per turn.",https://images.ygoprodeck.com/images/cards/69167267.jpg
88610708,Bashing Shield,Equip only to a Normal Summoned/Set monster. It gains 1000 ATK. You take no battle damage from attacks involving it.,https://images.ygoprodeck.com/images/cards/88610708.jpg
89091579,Basic Insect,"Usually found traveling in swarms, this creature's ideal environment is the forest.",https://images.ygoprodeck.com/images/cards/89091579.jpg
81344637,"Basilius, Familiar of the Evil Eye","If you control an ""Evil Eye"" monster, you can Special Summon this card (from your hand). You can only Special Summon ""Basilius, Familiar of the Evil Eye"" once per turn this way. During your Main Phase: You can send 1 ""Evil Eye"" Spell/Trap from your Deck to the GY. You can only use this effect of ""Basilius, Familiar of the Evil Eye"" once per turn.",https://images.ygoprodeck.com/images/cards/81344637.jpg
65351555,"Basiltrice, Familiar of the Evil Eye","If you control an ""Evil Eye"" monster and this card is in your hand or GY (Quick Effect): You can Special Summon this card, but banish it when it leaves the field. During your opponent's turn, you can (Quick Effect): Immediately after this effect resolves, Link Summon 1 ""Evil Eye"" Link Monster using monsters you control as material. When you do, you can also use ""Evil Eye"" Equip Spells you control as ""Evil Eye"" monsters. You can only use each effect of ""Basiltrice, Familiar of the Evil Eye"" once per turn.",https://images.ygoprodeck.com/images/cards/65351555.jpg
72076281,Bat,A mechanical bat that drops blasts from its wings.,https://images.ygoprodeck.com/images/cards/72076281.jpg
61181383,Battery Charger,"Pay 500 Life Points. Special Summon 1 ""Batteryman"" monster from your Graveyard.",https://images.ygoprodeck.com/images/cards/61181383.jpg
60549248,Batteryman 9-Volt,"When this card is Summoned: You can add 1 ""Batteryman"" monster from your Deck to your hand, and if you do, this card's ATK and DEF become double its original ATK and DEF. You can only use this effect of ""Batteryman 9-Volt"" once per turn. During your End Phase: Destroy this card.",https://images.ygoprodeck.com/images/cards/60549248.jpg
63142001,Batteryman AA,"If all ""Batteryman AA""(s) you control are in Attack Position, this card gains 1000 ATK for each. If all ""Batteryman AA""(s) you control are in Defense Position, this card gains 1000 DEF for each.",https://images.ygoprodeck.com/images/cards/63142001.jpg
47346845,Batteryman AAA,"When this card is Normal Summoned or flipped face-up, you can Special Summon 1 ""Batteryman AAA"" from your hand or Graveyard.",https://images.ygoprodeck.com/images/cards/47346845.jpg
19733961,Batteryman C,"If all ""Batteryman C""(s) you control are in Attack Position, all Machine-Type monsters you control gain 500 ATK for each ""Batteryman C"" you control. If all ""Batteryman C""(s) you control are in Defense Position, all Machine-Type monsters you control gain 500 DEF for each ""Batteryman C"" you control.",https://images.ygoprodeck.com/images/cards/19733961.jpg
83446909,Batteryman Charger,"When this card is Normal Summoned, you can Special Summon 1 ""Batteryman"" monster, except ""Batteryman Charger"", from your hand or Deck. This card gains 300 ATK and DEF for each Thunder-Type monster you control.",https://images.ygoprodeck.com/images/cards/83446909.jpg
55401221,Batteryman D,"Your opponent cannot select a Thunder-Type monster you control as an attack target (except ""Batteryman D"").",https://images.ygoprodeck.com/images/cards/55401221.jpg
74730899,Batteryman Fuel Cell,"If you control 2 or more face-up ""Batteryman"" monsters, you can Special Summon this card from your hand. Once per turn, you can Tribute 1 ""Batteryman"" monster, except this card, to select 1 card your opponent controls and return it to its owner's hand.",https://images.ygoprodeck.com/images/cards/74730899.jpg
19441018,Batteryman Industrial Strength,"This card cannot be Normal Summoned or Set. This card cannot be Special Summoned except by removing from play 2 ""Batteryman"" monsters from your Graveyard. Once per turn, you can remove from play 1 Thunder-Type monster from your Graveyard to destroy 1 monster and 1 Spell or Trap Card on the field.",https://images.ygoprodeck.com/images/cards/19441018.jpg
56839613,Batteryman Micro-Cell,"FLIP: Special Summon 1 Level 4 or lower ""Batteryman"" monster from your Deck, except ""Batteryman Micro-Cell"". After this card has been flipped face-up, when it is destroyed by battle and sent to the Graveyard, draw 1 card.",https://images.ygoprodeck.com/images/cards/56839613.jpg
44586426,Batteryman Solar,"If this card is Normal or Special Summoned: You can send 1 Thunder monster from your Deck to the GY. If a Thunder monster(s) is Normal or Special Summoned while this monster is on the field: Special Summon 1 ""Batteryman Token"" (Thunder/LIGHT/Level 1/ATK 0/DEF 0). You can target 1 ""Batteryman"" Effect Monster you control or in your GY; this card's name becomes that monster's until the End Phase. You can only use each effect of ""Batteryman Solar"" once per turn.",https://images.ygoprodeck.com/images/cards/44586426.jpg
44586427,Batteryman Token,"Special Summoned with the effect of ""Batteryman Solar"".",https://images.ygoprodeck.com/images/cards/44586427.jpg
22047978,Battle Break,"When an opponent's monster declares an attack: Your opponent can reveal 1 monster in their hand to negate this card's effect, otherwise destroy the attacking monster, then end the Battle Phase.",https://images.ygoprodeck.com/images/cards/22047978.jpg
10389143,Battle Eagle Token,"Special Summoned with the effect of ""Number 42: Galaxy Tomahawk"". Destroy this Token during the End Phase of the turn it is Special Summoned.",https://images.ygoprodeck.com/images/cards/10389143.jpg
19665973,Battle Fader,"When an opponent's monster declares a direct attack: You can Special Summon this card from your hand, then end the Battle Phase. If Summoned this way, banish it when it leaves the field.",https://images.ygoprodeck.com/images/cards/19665973.jpg
48094997,Battle Footballer,A cyborg with high defense power. Originally it was invented for a football machine.,https://images.ygoprodeck.com/images/cards/48094997.jpg
43225434,Battle Fusion,"When an attack is declared involving a Fusion Monster you control and an opponent's monster: That monster you control gains ATK equal to the ATK of the opponent's monster, until the end of the Damage Step. You can only activate 1 ""Battle Fusion"" per turn.",https://images.ygoprodeck.com/images/cards/43225434.jpg
60534585,Battle Instinct,"Activate only when your opponent declares a direct attack and you control no monsters. Special Summon 1 Level 4 or lower Beast-Type monster from your hand, in face-up Attack Position.",https://images.ygoprodeck.com/images/cards/60534585.jpg
31245780,Battle Mania,"Activate only during your opponent's Standby Phase. All face-up monsters your opponent controls are changed to Attack Position, and cannot change their battle positions this turn. All monsters your opponent currently controls must attack this turn, if able.",https://images.ygoprodeck.com/images/cards/31245780.jpg
5053103,Battle Ox,"A monster with tremendous power, it destroys enemies with a swing of its axe.",https://images.ygoprodeck.com/images/cards/5053103.jpg
65433790,Battle Royal Mode - Joining,"Activate this card by targeting 1 Effect Monster on the field. The first two times that monster would be destroyed by battle each turn, it is not destroyed. When it is destroyed by battle, the player that destroyed it gains 2000 LP. If the turn player's opponent takes battle or effect damage: Activate this effect; that opponent can apply the following effect.
● Special Summon 1 Level 4 or lower monster from your hand or Deck, but lose 2000 LP.",https://images.ygoprodeck.com/images/cards/65433790.jpg
74752631,Battle Shogun of the Six Samurai,"2 Warrior monsters, including a ""Six Samurai"" monster
If this card is Link Summoned: You can discard 1 card; add 1 card from your Deck to your hand that has an effect that places a Bushido Counter(s). You can only use this effect of ""Battle Shogun of the Six Samurai"" once per turn. Each time a ""Six Samurai"" monster(s) is Normal or Special Summoned to a zone(s) this card points to, place 1 Bushido Counter on this card. Gains 100 ATK for each Bushido Counter on your field.",https://images.ygoprodeck.com/images/cards/74752631.jpg
18246479,Battle Steer,"A bull monster often found in the woods, it charges enemy monsters with a pair of deadly horns.",https://images.ygoprodeck.com/images/cards/18246479.jpg
64178868,Battle Survivor,"At the end of the Battle Phase: You can add 1 card from your GY to your hand, except ""Battle Survivor"", that was sent there during this Battle Phase while you controlled this face-up card. You can only use this effect of ""Battle Survivor"" once per turn.",https://images.ygoprodeck.com/images/cards/64178868.jpg
71652522,Battle Teleportation,"Activate if you control only 1 face-up Psychic-Type monster, and select that monster. It can attack your opponent directly this turn. At the end of the Battle Phase, give control of that monster to your opponent.",https://images.ygoprodeck.com/images/cards/71652522.jpg
5052212,Battle Tuned,Remove from play 1 Tuner monster from your Graveyard. Target face-up monster you control gains ATK equal to the removed monster's ATK.,https://images.ygoprodeck.com/images/cards/5052212.jpg
15629801,Battle Waltz,"Target 1 Synchro Monster you control; Special Summon 1 ""Waltz Token"" with the current Type, Attribute, Level, ATK and DEF of that monster. Neither player takes any battle damage from attacks involving this Token.",https://images.ygoprodeck.com/images/cards/15629801.jpg
55550921,Battle Warrior,A warrior that fights with his bare hands!!!,https://images.ygoprodeck.com/images/cards/55550921.jpg
46570372,Battle of Sleeping Spirits,"Each player can Special Summon 1 monster from their GY that was destroyed by battle this turn, in Attack Position, and if you Special Summoned ""Elemental HERO Neos"" by this effect, if it battles your opponent's monster this turn, its ATK becomes doubled during the Damage Step only. You can only activate 1 ""Battle of Sleeping Spirits"" per turn.",https://images.ygoprodeck.com/images/cards/46570372.jpg
60530944,Battle of the Elements,Activate only while all monsters on the field are face-up. Both players send monsters they control to the Graveyard so that they each control only 1 Attribute.,https://images.ygoprodeck.com/images/cards/60530944.jpg
94463200,Battle-Scarred,"Select 1 Archfiend monster on your side of the field to activate this card. Your opponent also pays the same Life Points that you pay for the selected monster during the Standby Phase. If this card is removed from the field, destroy the selected monster. When the selected monster is removed from the field, destroy this card.",https://images.ygoprodeck.com/images/cards/94463200.jpg
40424929,Battlecruiser Dianthus,"3 Level 3 monsters
You can detach 1 Xyz Material from this card; inflict 200 damage to your opponent for each card in their hand. You can only use the effect of ""Battlecruiser Dianthus"" once per turn.",https://images.ygoprodeck.com/images/cards/40424929.jpg
42228966,Battlefield Tragedy,"During your Main Phase 2, if no monsters battled each other this turn: You can discard 1 card; Set 1 ""Battlefield Tragedy"" directly from your Deck to your Spell & Trap Zone. You can only use this effect of ""Battlefield Tragedy"" once per turn. Once per turn, during the End Phase, if any monsters battled each other this turn: The turn player sends 5 cards from the top of their Deck to the GY.",https://images.ygoprodeck.com/images/cards/42228966.jpg
5577149,Battleguard Cadet,"All ""Battleguard"" monsters you control gain 500 ATK. You can only use each of the following effects of ""Battleguard Cadet"" once per turn. If this card is Normal or Special Summoned: You can add 1 ""Feast of the Wild LV5"" from your Deck to your hand. You can Tribute this card; Special Summon 1 Level 8 Warrior monster from your hand.",https://images.ygoprodeck.com/images/cards/5577149.jpg
74213995,Battleguard Echoes,"When this card is activated: You can add 1 Level 5 EARTH Warrior monster from your Deck to your hand, then discard 1 card. Once per turn, if a monster(s) is returned from the field to the hand, even during the Damage Step: You can activate 1 of these effects;
● Add 1 ""Battleguard Rage"" or ""Battleguard Howling"" from your Deck to your hand.
● Change 1 face-up monster on the field to face-down Defense Position.
You can only activate 1 ""Battleguard Echoes"" per turn.",https://images.ygoprodeck.com/images/cards/74213995.jpg
78621186,Battleguard Howling,"When a Warrior monster you control is targeted for an attack, or by an opponent's monster effect: Target 1 face-up monster your opponent controls; inflict damage to your opponent equal to the original ATK of the face-up monster you targeted with this card, and if you do, return it to the hand.",https://images.ygoprodeck.com/images/cards/78621186.jpg
39389320,Battleguard King,"Once per turn: You can Tribute any number of Warrior-Type monsters, except this card; for each Tributed monster, this card gains 1 additional attack during each Battle Phase this turn.",https://images.ygoprodeck.com/images/cards/39389320.jpg
42233477,Battleguard Rage,"Activate this card by targeting 1 Warrior-Type monster you control; it gains 1000 ATK. Monsters destroyed by battle with it are returned to the hand instead of going to the Graveyard. When that monster leaves the field, destroy this card.",https://images.ygoprodeck.com/images/cards/42233477.jpg
69695704,Battlestorm,This card gains 100 ATK for each Winged Beast-Type monster you control. Once per turn: You can target 1 Spell/Trap Card your opponent controls; destroy that target. You must control 3 or more Winged Beast-Type monsters to activate and to resolve this effect.,https://images.ygoprodeck.com/images/cards/69695704.jpg
90161770,Battlewasp - Arbalest the Rapidfire,"When this card is Normal Summoned: You can target 1 Level 3 or lower Insect monster in your GY; Special Summon that monster in Defense Position. If this card in its owner's possession is destroyed by an opponent's card: You can Special Summon 1 ""Battlewasp"" monster from your hand or Deck. You can only use this effect of ""Battlewasp - Arbalest the Rapidfire"" once per turn.",https://images.ygoprodeck.com/images/cards/90161770.jpg
27565379,Battlewasp - Azusa the Ghost Bow,"1 Tuner + 1+ non-Tuner monsters
When your opponent takes effect damage from another ""Battlewasp"" monster: You can inflict damage to your opponent equal to the original ATK of that monster. You can only use this effect of ""Battlewasp - Azusa the Ghost Bow"" once per turn. When a monster is destroyed by battle with your ""Battlewasp"" monster, while this card is in your GY: You can Special Summon this card in Defense Position, but banish it when it leaves the field.",https://images.ygoprodeck.com/images/cards/27565379.jpg
26443791,Battlewasp - Ballista the Armageddon,"1 Tuner + 1+ non-Tuner monsters
If this card is Special Summoned: You can banish all Insect monsters from your GY; all monsters your opponent currently controls lose 500 ATK/DEF for each of your banished Insect monsters. If this card attacks a Defense Position monster, inflict piercing battle damage. If this Synchro Summoned card in its owner's control is destroyed by an opponent's card: You can Special Summon 3 of your banished Level 11 or lower Insect monsters.",https://images.ygoprodeck.com/images/cards/26443791.jpg
91283212,Battlewasp - Dart the Hunter,"When your ""Battlewasp"" monster destroys a monster by battle that is owned by your opponent: You can discard this card; inflict damage to your opponent equal to that destroyed monster's original ATK. You can target 1 other Insect monster you control; it is treated as a Tuner this turn, also you cannot Special Summon monsters from the Extra Deck for the rest of this turn, except Insect monsters. You can only use each effect of ""Battlewasp - Dart the Hunter"" once per turn.",https://images.ygoprodeck.com/images/cards/91283212.jpg
101206036,Battlewasp - Gran Partisan the Revolution,"1 Tuner + 1+ non-Tuner monsters
Cannot be destroyed by card effects. Insect Synchro Monsters you control gain 200 ATK for each of your banished Insect monsters. If this card is banished: You can Special Summon it, then you can destroy cards your opponent controls up to the number of your banished Insect monsters, then inflict 500 damage to your opponent for each card destroyed. You can only use this effect of ""Battlewasp - Gran Partisan the Revolution"" once per turn.",https://images.ygoprodeck.com/images/cards/101206036.jpg
53950487,Battlewasp - Halberd the Charge,"1 Insect Tuner + 1+ non-Tuner monsters
Once per battle, during damage calculation, if this card attacks an opponent's monster with equal or higher ATK (Quick Effect): You can halve the ATK of that opponent's monster, during that damage calculation only. When this card inflicts battle damage to your opponent: You can inflict 200 damage to your opponent for each ""Battlewasp"" monster you control. You can only use this effect of ""Battlewasp - Halberd the Charge"" once per turn.",https://images.ygoprodeck.com/images/cards/53950487.jpg
80949182,Battlewasp - Hama the Conquering Bow,"1 Tuner + 1+ non-Tuner monsters
If this card was Synchro Summoned using a Synchro Monster as material, it can make a second attack during each Battle Phase. You can only use each of the following effects of ""Battlewasp - Hama the Conquering Bow"" once per turn.
● When this card inflicts battle damage to your opponent: You can make all monsters your opponent currently controls lose 1000 ATK/DEF.
● At the end of your Battle Phase, if your opponent has not taken any battle damage this Phase: You can inflict 300 damage to your opponent for each ""Battlewasp"" monster in your GY.",https://images.ygoprodeck.com/images/cards/80949182.jpg
25221249,Battlewasp - Nest,"When your ""Battlewasp"" monster is targeted for an attack: Special Summon 1 ""Battlewasp"" monster from your hand or Deck, and if you do, place 1 counter on this card, then end the Battle Phase. You can only use this effect of ""Battlewasp - Nest"" once per turn. If this card has 2 or more counters during the End Phase, send it to the GY.",https://images.ygoprodeck.com/images/cards/25221249.jpg
65899613,Battlewasp - Pin the Bullseye,"If you control an Insect monster: You can Special Summon this card from your hand. During your Main Phase: You can inflict 200 damage to your opponent for each ""Battlewasp - Pin the Bullseye"" you control. You can only use each effect of ""Battlewasp - Pin the Bullseye"" once per turn.",https://images.ygoprodeck.com/images/cards/65899613.jpg
56146300,Battlewasp - Rapier the Furious,"If you control no face-up monsters, or the only face-up monsters you control are Insect monsters: You can discard 1 other Insect monster; place 1 ""Battlewasp - Wind"" from your Deck face-up in your Spell & Trap Zone, then Special Summon this card from your hand, also you cannot Special Summon from the Extra Deck for the rest of this turn, except Insect monsters. You can banish this card from your GY; reduce the Level of 1 Insect monster you control by 1. You can only use each effect of ""Battlewasp - Rapier the Furious"" once per turn.",https://images.ygoprodeck.com/images/cards/56146300.jpg
101206037,Battlewasp - Sachi the Ritual Bow,"1 Insect Tuner + 1+ non-Tuner monsters
If this card is Synchro Summoned: You can treat it as a Tuner. Once per turn: You can return 1 Continuous Spell you control to the hand; you can Normal Summon 1 ""Battlewasp"" monster during your Main Phase this turn, in addition to your Normal Summon/Set. (You can only gain this effect once per turn.) If this card is sent to the GY as Synchro Material: You can inflict 100 damage to your opponent for each of your banished ""Battlewasp"" monsters. You can only use this effect of ""Battlewasp - Sachi the Ritual Bow"" once per turn.",https://images.ygoprodeck.com/images/cards/101206037.jpg
28388927,Battlewasp - Sting the Poison,"If this card is Normal or Special Summoned: You can add 1 ""Battlewasp"" monster from your Deck to your hand, except ""Battlewasp - Sting the Poison"". (Quick Effect): You can Tribute 1 other Insect monster, then target 1 Effect Monster your opponent controls; negate its effects until the end of this turn. You can only use each effect of ""Battlewasp - Sting the Poison"" once per turn.",https://images.ygoprodeck.com/images/cards/28388927.jpg
54772065,Battlewasp - Twinbow the Attacker,"During your Main Phase: You can Special Summon this card from your hand, also you cannot Special Summon monsters from the Extra Deck for the rest of this turn, except Insect monsters. You can only use this effect of ""Battlewasp - Twinbow the Attacker"" once per turn. This card can make a second attack during each Battle Phase.",https://images.ygoprodeck.com/images/cards/54772065.jpg
101206052,Battlewasp - Wind,"Up to twice per turn, if a ""Battlewasp"" monster(s) is Normal or Special Summoned to your field (except during the Damage Step): You can target 1 of them; add 1 ""Battlewasp"" monster with less ATK from your Deck to your hand. Once per turn: You can target 1 Insect monster you control that has a Level; if you use it as Synchro Material this turn, you can treat it as a Tuner. You can only activate 1 ""Battlewasp - Wind"" per turn.",https://images.ygoprodeck.com/images/cards/101206052.jpg
86325573,Battlin' Boxer Big Bandage,"Once per turn, this card cannot be destroyed by battle. Once per turn: You can target 1 ""Battlin' Boxer"" monster in your Graveyard, or 1 of your banished ""Battlin' Boxer"" monsters, that has a Level; all ""Battlin' Boxer"" monsters you currently control become that monster's current Level.",https://images.ygoprodeck.com/images/cards/86325573.jpg
76589815,Battlin' Boxer Cheat Commissioner,"2 Level 3 monsters
All monsters your opponent controls must attack, if able. While you control another ""Battlin' Boxer"" monster, your opponent cannot target this card for attacks. When an attack is declared involving another ""Battlin' Boxer"" monster you control: You can detach 2 Xyz Materials from this card; look at your opponent's hand, then Set 1 Spell Card from their hand to your side of the field.",https://images.ygoprodeck.com/images/cards/76589815.jpg
47921178,Battlin' Boxer Chief Second,"During your Main Phase, you can Normal Summon 1 ""Battlin' Boxer"" monster in addition to your Normal Summon/Set. (You can only gain this effect once per turn.) When an opponent's monster declares an attack, while you control a Warrior or FIRE monster: You can Special Summon this card from your hand, and if you do, negate that attack, then banish 1 monster on the field until the End Phase. You can only use this effect of ""Battlin' Boxer Chief Second"" once per turn.",https://images.ygoprodeck.com/images/cards/47921178.jpg
4549095,Battlin' Boxer Counterpunch,"During the Damage Step of either player's turn, when a ""Battlin' Boxer"" monster you control is attacking or being attacked: You can banish this card from your hand or Graveyard; that monster gains 1000 ATK, until the end of this turn. You can only use the effect of ""Battlin' Boxer Counterpunch"" once per turn.",https://images.ygoprodeck.com/images/cards/4549095.jpg
5361647,Battlin' Boxer Glassjaw,"When this card is targeted for an attack: Destroy this card. When this card is sent to the Graveyard by a card effect: You can target 1 ""Battlin' Boxer"" monster in your Graveyard, except ""Battlin' Boxer Glassjaw""; add that target to your hand.",https://images.ygoprodeck.com/images/cards/5361647.jpg
79867938,Battlin' Boxer Headgeared,"When this card is Normal Summoned: You can send 1 ""Battlin' Boxer"" monster from your Deck to the Graveyard. Once per turn, this face-up Attack Position card cannot be destroyed by battle.",https://images.ygoprodeck.com/images/cards/79867938.jpg
46804536,Battlin' Boxer King Dempsey,"2 Level 4 monsters
If this card is Special Summoned: You can take 1 Level 4 or lower FIRE Warrior monster or 1 ""Battlin' Boxing"" Spell/Trap from your Deck, and either add it to your hand or send it to the GY. (Quick Effect): You can detach 1 material from a monster you control, and if you do, apply the following effect.
● Your opponent cannot target ""Battlin' Boxer"" monsters you control with card effects for the rest of this turn.
You can only use each effect of ""Battlin' Boxer King Dempsey"" once per turn.",https://images.ygoprodeck.com/images/cards/46804536.jpg
23232295,Battlin' Boxer Lead Yoke,"2 Level 4 ""Battlin' Boxer"" monsters
If a ""Battlin' Boxer"" monster(s) you control would be destroyed by battle or by a card effect, you can detach 1 Xyz Material from this card instead of destroying 1 of those monsters. When an Xyz Material(s) is detached from this card: This card gains 800 ATK.",https://images.ygoprodeck.com/images/cards/23232295.jpg
83315222,Battlin' Boxer Promoter,"If your opponent controls a monster: You can Special Summon this card from your hand. You can Tribute this card; Special Summon up to 2 ""Battlin' Boxer"" monsters with different names from your Deck, except ""Battlin' Boxer Promoter"". You can banish this card from your GY; increase or decrease the Levels of all ""Battlin' Boxer"" monsters you currently control by 1. You can only use each effect of ""Battlin' Boxer Promoter"" once per turn, also you cannot Special Summon monsters during the turn you activate any of this card's effects, except ""Battlin' Boxer"" monsters.",https://images.ygoprodeck.com/images/cards/83315222.jpg
61679541,Battlin' Boxer Rabbit Puncher,"At the start of the Damage Step, if this card attacks a Defense Position monster: Destroy that monster.",https://images.ygoprodeck.com/images/cards/61679541.jpg
24184846,Battlin' Boxer Rib Gardna,"During either player's turn: You can banish this card from your hand or Graveyard, then target 1 ""Battlin' Boxer"" monster you control; banish it until your next Standby Phase.",https://images.ygoprodeck.com/images/cards/24184846.jpg
35537251,Battlin' Boxer Shadow,"During your Main Phase: You can detach 1 Xyz Material from a ""Battlin' Boxer"" Xyz Monster you control, and if you do, Special Summon this card from your hand. You can only use this effect of ""Battlin' Boxer Shadow"" once per turn.",https://images.ygoprodeck.com/images/cards/35537251.jpg
32750341,Battlin' Boxer Sparrer,"If you control a ""Battlin' Boxer"" monster, you can Special Summon this card (from your hand). If you do, you cannot conduct your Battle Phase for the rest of this turn.",https://images.ygoprodeck.com/images/cards/32750341.jpg
68144350,Battlin' Boxer Switchitter,"When this card is Normal Summoned: You can target 1 ""Battlin' Boxer"" monster in your Graveyard; Special Summon that target. You cannot Special Summon any monsters during the turn you activate this effect, except ""Battlin' Boxer"" monsters.",https://images.ygoprodeck.com/images/cards/68144350.jpg
11522479,Battlin' Boxer Uppercutter,"If this card is Normal or Special Summoned: You can add 1 ""Battlin' Boxer"" monster or 1 ""Counter"" Counter Trap from your Deck to your hand, except ""Battlin' Boxer Uppercutter"". If this card is sent to the GY by card effect: You can activate 1 of these effects;
● Special Summon 1 ""Battlin' Boxer"" monster from your GY, except ""Battlin’ Boxer Uppercutter"".
● Set 1 ""Counter"" Counter Trap from your GY to your field.
You can only use 1 ""Battlin' Boxer Uppercutter"" effect per turn, and only once that turn.",https://images.ygoprodeck.com/images/cards/11522479.jpg
13313278,Battlin' Boxer Veil,"When you take battle damage: You can Special Summon this card from your hand, and if you do, gain Life Points equal to the damage you took.",https://images.ygoprodeck.com/images/cards/13313278.jpg
19688343,Battlin' Boxing Cross Counter,"When your opponent activates a monster effect: Destroy 1 ""Battlin' Boxer"" or ""Number"" Xyz Monster you control, and if you do, negate the activation, and if you do that, destroy that monster, then you can apply the following effect.
● Special Summon 1 ""Battlin' Boxer"" Xyz Monster from your Extra Deck with a different name than the first monster, and if you do, attach this card to it as material.
You can only activate 1 ""Battlin' Boxing Cross Counter"" per turn.",https://images.ygoprodeck.com/images/cards/19688343.jpg
36916401,Battlin' Boxing Spirits,"Send the top card of your Deck to the Graveyard, then target 1 ""Battlin' Boxer"" monster in your Graveyard; Special Summon that target in face-up Defense Position. You can only activate 1 ""Battlin' Boxing Spirits"" per turn.",https://images.ygoprodeck.com/images/cards/36916401.jpg
83755611,"Baxia, Brightness of the Yang Zing","1 Tuner + 1 or more non-Tuner Wyrm-Type monsters
When this card is Synchro Summoned: You can target cards on the field, up to the number of different original Attributes of the Wyrm-Type monsters used for the Synchro Summon of this card; shuffle them into the Deck. Once per turn: You can target 1 card you control and 1 Level 4 or lower monster in your Graveyard; destroy that card on the field, and if you do, Special Summon that other monster from the Graveyard.",https://images.ygoprodeck.com/images/cards/83755611.jpg
4472318,Bayerock Dragon,"If a monster(s) you control or in your hand is destroyed by battle or card effect: You can Special Summon this card from your hand. If this card in its owner's possession is destroyed by an opponent's card: You can target 1 other Dinosaur monster and/or 1 Rock monster in your GY; Special Summon them. You can only use each effect of ""Bayerock Dragon"" once per turn.",https://images.ygoprodeck.com/images/cards/4472318.jpg
47474172,"Bayonater, the Baneful Barrel",Once per turn: You can target 1 face-up monster your opponent controls; it loses 1000 ATK for each monster your opponent controls.,https://images.ygoprodeck.com/images/cards/47474172.jpg
36092504,Bayonet Punisher,"Apply these effects, in sequence, depending on the type(s) of ""Borrel"" monsters you control and in your GY. If you control a monster with 3000 or more ATK, your opponent cannot activate cards or effects in response to this card's activation.
● Fusion: Banish 1 monster your opponent controls.
● Synchro: Banish 3 random face-down cards from your opponent's Extra Deck, face-up.
● Xyz: Banish 1 Spell/Trap your opponent controls.
● Link: Banish up to 3 cards from your opponent's GY.
You can only activate 1 ""Bayonet Punisher"" per turn.",https://images.ygoprodeck.com/images/cards/36092504.jpg
40133511,Bazoo the Soul-Eater,"Once per turn: You can banish up to 3 monsters from your Graveyard; this card gains 300 ATK for each, until the end of your opponent's turn.",https://images.ygoprodeck.com/images/cards/40133511.jpg
50371210,Beacon of White,"If you do not control another ""Beacon of White"", and you have 3 or more ""Blue-Eyes"" monsters in your GY: Target 1 of them; Special Summon it, but it has its effects negated, also equip it with this card. When this card leaves the field, banish the equipped monster. Other monsters you control cannot attack, also if you have any number of ""Blue-Eyes"" monster(s) in your GY, the equipped monster can attack up to that number of times during each Battle Phase.",https://images.ygoprodeck.com/images/cards/50371210.jpg
6103114,Beaked Snake,This monster wraps itself around an opponent and pecks away with its huge beak.,https://images.ygoprodeck.com/images/cards/6103114.jpg
84990171,Bean Soldier,A plant-warrior that attacks with seeds and sword.,https://images.ygoprodeck.com/images/cards/84990171.jpg
80141055,Bearblocker,"During your opponent's turn, Set cards in your Spell & Trap Zones cannot be destroyed by card effects. If a Set card(s) in your Spell & Trap Zone is destroyed by an opponent's card effect: This card gains 800 ATK until the end of this turn.",https://images.ygoprodeck.com/images/cards/80141055.jpg
27134209,"Beargram, Shelled Emperor of the Forest Crown","Cannot be Normal Summoned/Set. Must be Special Summoned (from your hand or GY) by banishing 3 Insect and/or Plant monsters from your hand and/or GY. You can only Special Summon ""Beargram, Shelled Emperor of the Forest Crown"" once per turn. Your opponent cannot activate monster effects in response to your Spell/Trap Card or effect activation. Once per turn, during your Main Phase: You can destroy all face-up monsters on the field, except Insect and Plant monsters, also this card cannot attack directly for the rest of this turn.",https://images.ygoprodeck.com/images/cards/27134209.jpg
46009906,Beast Fangs,A Beast-Type monster equipped with this card increases its ATK and DEF by 300 points.,https://images.ygoprodeck.com/images/cards/46009906.jpg
78651105,Beast King Barbaros,"You can Normal Summon/Set this card without Tributing, but its original ATK becomes 1900. You can Tribute 3 monsters to Tribute Summon (but not Set) this card. If Summoned this way: Destroy all cards your opponent controls.",https://images.ygoprodeck.com/images/cards/78651105.jpg
50675040,Beast King Unleashed,"Once per turn, at the start of the Damage Step, if your monster battles an opponent's monster in the same column: You can return your monster and any other cards in its column to the hand. You can only activate the effect of ""Beast King Unleashed"" once per Chain.",https://images.ygoprodeck.com/images/cards/50675040.jpg
19028307,Beast Machine King Barbaros Ür,"You can Special Summon this card (from your hand) by banishing 1 Machine-Type monster and 1 Beast-Warrior-Type monster from your hand, field, and/or Graveyard. If this card attacks or is attacked, your opponent takes no battle damage.",https://images.ygoprodeck.com/images/cards/19028307.jpg
21984400,Beast Magic Attack,"Remove Spell Counters from your field to activate 1 of these effects.
● 2: Return 1 ""Mythical Beast"" Pendulum Monster you control to the hand.
● 4: Special Summon 1 face-up ""Mythical Beast"" Pendulum Monster from your Extra Deck, then you can place 2 Spell Counters on it.
● 6: Special Summon 1 face-up Pendulum Monster from your Extra Deck.
You can only activate 1 ""Beast Magic Attack"" per turn.",https://images.ygoprodeck.com/images/cards/21984400.jpg
9999961,Beast Rage,All monsters you control gain 200 ATK for each of your removed from play Beast-Type and Winged Beast-Type monsters.,https://images.ygoprodeck.com/images/cards/9999961.jpg
84962466,Beast Rising,"Once per turn, you can remove from play 1 face-up Beast-Type or Beast-Warrior-Type monster you control to select 1 other face-up Beast-Type or Beast-Warrior-Type monster you control. The selected monster gains the original ATK of the monster removed from play for this effect.",https://images.ygoprodeck.com/images/cards/84962466.jpg
35149085,Beast Soul Swap,"Target 1 Beast-Type monster you control; return it to the hand, and if you do, Special Summon 1 Beast-Type monster from your hand with the same Level as the monster that was returned to the hand.",https://images.ygoprodeck.com/images/cards/35149085.jpg
21362970,Beast Striker,"Once per turn, you can discard 1 card to Special Summon 1 ""Moja"" from your Deck.",https://images.ygoprodeck.com/images/cards/21362970.jpg
11761845,Beast of Talwar,"Only the master of the sword among Fiend-Type monsters is permitted to hold the Talwar.


(This card is always treated as an ""Archfiend"" card.)",https://images.ygoprodeck.com/images/cards/11761845.jpg
83903521,Beast of the Pharaoh,If this card is sent to the GY for a Synchro Summon: You can target 1 Level 4 or lower Zombie monster in your GY; Special Summon that target.,https://images.ygoprodeck.com/images/cards/83903521.jpg
72378329,Beast-Eyes Pendulum Dragon,"1 DARK Dragon-Type monster + 1 Beast-Type monster
Must be either Fusion Summoned, or Special Summoned by Tributing the above cards you control (in which case you do not use ""Polymerization""), and cannot be Special Summoned by other ways. If this card destroys a monster by battle: Inflict damage to your opponent equal to the original ATK of the Beast-Type Fusion Material used for this card's Summon.",https://images.ygoprodeck.com/images/cards/72378329.jpg
16796157,Beast-Warrior Puma,"You can Tribute this card; add 1 ""D.D. Esper Star Sparrow"" from your Deck or Graveyard to your hand.",https://images.ygoprodeck.com/images/cards/16796157.jpg
99426834,Beastking of the Swamps,"You can substitute this card for any 1 Fusion Material Monster. When you do this, the other Fusion Material Monster(s) must be the correct one(s).",https://images.ygoprodeck.com/images/cards/99426834.jpg
81933259,Beastly Mirror Ritual,"This card is used to Ritual Summon ""Fiend's Mirror"". You must also Tribute monsters from the field or your hand whose total Levels equal 6 or more.",https://images.ygoprodeck.com/images/cards/81933259.jpg
300302006,Beasts of Phantom,"During your Main Phase, discard 1 card, then Fusion Summon 1 ""Chimera the Flying Mythical Beast"" from your Extra Deck, using monsters from your hand or field as Fusion Material. During your End Phase, if ""Chimera the Flying Mythical Beast"" was Fusion Summoned this turn, you can add 1 ""Phantom Beast"" monster from your GY to your hand. Each of these Skills can only be used once per turn.",https://images.ygoprodeck.com/images/cards/300302006.jpg
99011763,Beat Cop from the Underworld,"2 monsters
If this card is Link Summoned using 2 DARK monsters with different names as material, it gains this effect.
● You can Tribute 1 monster, then target 1 face-up card on the field; place 1 Patrol Counter on it. You can only use this effect of ""Beat Cop from the Underworld"" once per turn. (If a card with a Patrol Counter would be destroyed by battle or card effect, remove 1 Patrol Counter from it instead.)",https://images.ygoprodeck.com/images/cards/99011763.jpg
93850652,"Beat, Bladesman Fur Hire","During your Main Phase: You can Special Summon 1 monster ""Fur Hire"" from your hand, except ""Beat, Bladesman Fur Hire"". If a monster ""Fur Hire"" is Special Summoned to your field while you control this monster (except during the Damage Step): You can add 1 monster ""Fur Hire"" from your Deck to your hand, except ""Beat, Bladesman Fur Hire"". You can only use each effect of ""Beat, Bladesman Fur Hire"" once per turn.",https://images.ygoprodeck.com/images/cards/93850652.jpg
300202002,Beatdown!,"[If you control a Level 5 or higher monster, you can activate this Skill.]

All monsters you currently control gain 300 ATK for each Level 5 or higher monster you control. At the end of your turn, flip this card over.",https://images.ygoprodeck.com/images/cards/300202002.jpg
46924949,Beatraptor,"Negate the effects of monsters in the Extra Monster Zones while this card is in the Main Monster Zone. When this card is destroyed by battle: You can Special Summon 1 ""Beatraptor"" from your Deck. You can only use this effect of ""Beatraptor"" once per turn.",https://images.ygoprodeck.com/images/cards/46924949.jpg
27552504,"Beatrice, Lady of the Eternal","2 Level 6 monsters / You can also Xyz Summon this card by sending 1 ""Burning Abyss"" monster from your hand to the Graveyard, then using 1 ""Dante"" monster you control as the Xyz Material. (Xyz Materials attached to that monster also become Xyz Materials on this card.) If Summoned this way, the following effect cannot be activated this turn. Once per turn, during either player's turn: You can detach 1 Xyz Material from this card; send 1 card from your Deck to the Graveyard. If this card in your possession is destroyed by your opponent's card (by battle or card effect) and sent to your Graveyard: You can Special Summon 1 ""Burning Abyss"" monster from your Extra Deck, ignoring its Summoning conditions.",https://images.ygoprodeck.com/images/cards/27552504.jpg
29616941,Beautiful Beast Trainer,A rare female beast-master with a very dangerous whip.,https://images.ygoprodeck.com/images/cards/29616941.jpg
16899564,Beautiful Headhuntress,A vicious creature that has decapitated numerous enemy monsters.,https://images.ygoprodeck.com/images/cards/16899564.jpg
6625096,Beautunaful Princess,"When this card is Normal or Special Summoned: You can banish this card; Special Summon 1 Level 4 or lower Fish-Type monster from your Deck, except ""Beautunaful Princess"". You can only use this effect of ""Beautunaful Princess"" once per turn.",https://images.ygoprodeck.com/images/cards/6625096.jpg
32452818,Beaver Warrior,What this creature lacks in size it makes up for in defense when battling in the prairie.,https://images.ygoprodeck.com/images/cards/32452818.jpg
58400390,Beckoned by the World Chalice,"His battle with the Mekkstrosities never seems to end. Even when their forest was invaded by Mekkstrocious Insects, he stood his ground and inspired the other defenders around him.",https://images.ygoprodeck.com/images/cards/58400390.jpg
16255442,Beckoning Light,"Discard your entire hand, then for each card you discarded to the GY by this effect, add 1 LIGHT monster from your GY to your hand.",https://images.ygoprodeck.com/images/cards/16255442.jpg
1474910,Bee List Soldier,"You can Tribute this card and 1 face-up Insect monster, except ""Bee List Soldier""; draw 2 cards.",https://images.ygoprodeck.com/images/cards/1474910.jpg
49522489,Beelze Frog,"This card gains 300 ATK for each ""T.A.D.P.O.L.E."" in your Graveyard.",https://images.ygoprodeck.com/images/cards/49522489.jpg
34408491,Beelze of the Diabolic Dragons,"1 DARK Tuner + 1+ non-Tuner monsters
Cannot be destroyed by battle or card effects. If you take damage from an attack involving this card, or from an opponent's card effect: This card gains ATK equal to the damage you took.",https://images.ygoprodeck.com/images/cards/34408491.jpg
8763963,Beelzeus of the Diabolic Dragons,"1 DARK Tuner + 2+ non-Tuner monsters
Cannot be destroyed by battle or card effects. Other monsters you control cannot attack. Once per turn: You can target 1 monster your opponent controls; any battle damage your opponent takes from attacks involving this card this turn is halved, also, change that monster's ATK to 0, and if you do, gain LP equal to its original ATK.",https://images.ygoprodeck.com/images/cards/8763963.jpg
30587695,Beetron,"You can send 1 face-up Spell/Trap you control to the GY, then target 1 Level 4 or lower Insect monster in your GY; Special Summon that Insect monster in Defense Position. You can only use this effect of ""Beetron"" once per turn.",https://images.ygoprodeck.com/images/cards/30587695.jpg
2834264,Beetrooper Armor Horn,"2 Insect monsters
You cannot Special Summon monsters, except Insect monsters. You can only use each of the following effects of ""Beetrooper Armor Horn"" once per turn. During your Main Phase, you can: Immediately after this effect resolves, Normal Summon 1 Insect monster. If this card is in your GY: You can banish 3 other Insect monsters from your GY; Special Summon this card, but banish it when it leaves the field.",https://images.ygoprodeck.com/images/cards/2834264.jpg
51578214,Beetrooper Assault Roller,"You can Special Summon this card (from your hand) by banishing 1 Insect monster from your GY. You can only Special Summon ""Beetrooper Assault Roller"" once per turn this way. Gains 200 ATK for each Insect monster you control, except this card. When this card is destroyed by battle: You can add 1 ""Beetrooper"" monster from your Deck to your hand, except ""Beetrooper Assault Roller"". You can only use this effect of ""Beetrooper Assault Roller"" once per turn.",https://images.ygoprodeck.com/images/cards/51578214.jpg
91300233,Beetrooper Cruel Saturnas,"1 ""Beetrooper"" monster + 1 Insect monster
You cannot Special Summon monsters, except Insect monsters. You can only use each of the following effects of ""Beetrooper Cruel Saturnas"" once per turn. If this card is Special Summoned: You can add 1 ""Beetrooper"" card from your Deck to your hand. If an Insect monster(s) is banished face-up (except during the Damage Step): You can target 1 of your banished ""Beetrooper"" monsters; Special Summon it.",https://images.ygoprodeck.com/images/cards/91300233.jpg
87240371,Beetrooper Descent,"Special Summon 1 ""Beetrooper Token"" (Insect/EARTH/Level 3/ATK 1000/DEF 1000), then if you control an Insect monster with 3000 or more ATK, you can destroy 1 other Spell/Trap on the field. You can only activate 1 ""Beetrooper Descent"" per turn.",https://images.ygoprodeck.com/images/cards/87240371.jpg
1712616,Beetrooper Fly & Sting,"When your opponent activates a monster effect, while you control a ""Beetrooper"" monster: Negate the activation, and if you do, destroy it. During your End Phase, if this card is in your GY and you control an Insect monster with 3000 or more ATK: You can banish 1 Insect monster from your GY; Set this card. You can only use 1 ""Beetrooper Fly & Sting"" effect per turn, and only once that turn.",https://images.ygoprodeck.com/images/cards/1712616.jpg
64213017,Beetrooper Formation,"You can target 1 ""Beetrooper"" monster in your GY; Special Summon it, but it cannot attack this turn, also you lose LP equal to its original ATK. If a face-up Insect monster(s) you control is destroyed by battle or card effect: You can Special Summon 1 ""Beetrooper Token"" (Insect/EARTH/Level 3/ATK 1000/DEF 1000). You can only use each effect of ""Beetrooper Formation"" once per turn.",https://images.ygoprodeck.com/images/cards/64213017.jpg
13234975,Beetrooper Landing,"Fusion Summon 1 Insect Fusion Monster from your Extra Deck, using monsters from your hand or field as Fusion Material. If this card is in your GY, except the turn it was sent there: You can banish 2 Insect monsters from your GY; add this card to your hand. You can only use this effect of ""Beetrooper Landing"" once per turn.",https://images.ygoprodeck.com/images/cards/13234975.jpg
88962829,Beetrooper Light Flapper,"If this card is Normal or Special Summoned: You can target 2 of your ""Beetrooper"" monsters with different names, that are banished and/or in your GY; add them to your hand, but for the rest of this turn you cannot activate their effects, or the effects of cards with their names. When an opponent's monster declares an attack: You can return this card to the hand, and if you do, negate that attack. You can only use each effect of ""Beetrooper Light Flapper"" once per turn.",https://images.ygoprodeck.com/images/cards/88962829.jpg
39041550,Beetrooper Scale Bomber,"If an Insect monster(s) is Normal or Special Summoned to your field (except during the Damage Step): You can Special Summon this card from your hand. When a monster your opponent controls activates its effect (Quick Effect): You can Tribute 1 Insect monster; destroy it. You can only use each effect of ""Beetrooper Scale Bomber"" once per turn.",https://images.ygoprodeck.com/images/cards/39041550.jpg
2656842,Beetrooper Scout Buggy,"You cannot Special Summon monsters, except Insect monsters. If this card is Normal or Special Summoned: You can Special Summon 1 ""Beetrooper Scout Buggy"" from your hand, Deck, or GY. You can only use this effect of ""Beetrooper Scout Buggy"" once per turn.",https://images.ygoprodeck.com/images/cards/2656842.jpg
40633084,Beetrooper Squad,"Tribute 1 non-Token Insect monster; Special Summon up to 1 ""Beetrooper Token"" (Insect/EARTH/Level 3/ATK 1000/DEF 1000) for every 1000 original ATK of that Tributed monster. You can only activate ""Beetrooper Squad"" once per turn.",https://images.ygoprodeck.com/images/cards/40633084.jpg
65430555,Beetrooper Sting Lancer,"During the Main Phase (Quick Effect): You can target 1 Insect monster in your GY and 1 monster in your opponent's GY; Special Summon this card from your hand, and if you do, place the targeted monsters on the bottoms of the Decks. If this card is Normal or Special Summoned: You can add 1 ""Beetrooper"" Spell/Trap from your Deck to your hand. You can only use each effect of ""Beetrooper Sting Lancer"" once per turn.",https://images.ygoprodeck.com/images/cards/65430555.jpg
6628343,Beginning Knight,"A ""Black Luster Soldier"" monster Ritual Summoned using this card gains these effects. You can only use this effect of ""Beginning Knight"" once per turn.
● Once per turn: You can target 1 monster your opponent controls; banish it.
● When this card destroys an opponent's monster by battle and sends it to the Graveyard: You can activate this effect; this card can make a second attack in a row.
If this card is banished from the Graveyard: You can add 1 Ritual Spell Card from your Deck to your hand. You can only use this effect of ""Beginning Knight"" once per turn.",https://images.ygoprodeck.com/images/cards/6628343.jpg
32360466,Beginning of Heaven and Earth,"Reveal 3 Warrior-Type monsters from your Deck, including at least 1 ""Black Luster Soldier"" monster or ""Gaia The Fierce Knight"" monster, and have your opponent randomly pick 1. If they picked a ""Black Luster Soldier"" monster or ""Gaia The Fierce Knight"" monster, add it to your hand and send the rest to the Graveyard. Otherwise, send them all to the Graveyard. You can only activate 1 ""Beginning of Heaven and Earth"" per turn.",https://images.ygoprodeck.com/images/cards/32360466.jpg
20374520,"Begone, Knave!",If a monster inflicts battle damage to a player: Return that monster to the hand.,https://images.ygoprodeck.com/images/cards/20374520.jpg
94022093,Behegon,"With an enormous maw and massive teeth, this monstrosity is one dangerous and strange serpent from the deep.",https://images.ygoprodeck.com/images/cards/94022093.jpg
22996376,Behemoth the King of All Animals,"This card can be Normal Summoned or Set with 1 Tribute. In that case, the original ATK of this card becomes 2000. When this card is Tribute Summoned, you can return from your Graveyard to the owner's hand a number of Beast-Type monsters equal to the number of Tributed monsters.",https://images.ygoprodeck.com/images/cards/22996376.jpg
13836592,Behemoth the King of a Hundred Battles,"You can Tribute Summon this card by Tributing 1 monster. This card is unaffected by the activated effects of Special Summoned monsters if it was Normal Summoned/Set. If this card is Normal or Special Summoned: You can target 1 Beast, Beast-Warrior, or Winged Beast monster in your GY; add it to your hand, and if you do, this card loses 700 ATK. Once per turn, during your End Phase: You can make this card gain 700 ATK.",https://images.ygoprodeck.com/images/cards/13836592.jpg
300302043,"Behold, Gate Guardian!","Activate this Skill during your Main Phase. Shuffle your entire hand into the Deck, then add 1 Level 11 monster from your Deck to your hand, and if you do, you can Special Summon up to 2 Level 7 monsters with different Attributes from your Deck and/or GY, but their ATK/DEF become 0, also their effects are negated. While you control ""Gate Guardian"", it gains the following effect.
● Once while face-up on the field, when this card is targeted for an attack: You can change the attacking monster's ATK to 0, until the end of the Damage Step.",https://images.ygoprodeck.com/images/cards/300302043.jpg
33731070,"Beiige, Vanguard of Dark World",If this card is discarded to the Graveyard by a card effect: Special Summon it from the Graveyard.,https://images.ygoprodeck.com/images/cards/33731070.jpg
33655493,Belial - Marquis of Darkness,"Your opponent cannot target any face-up monster you control, except ""Belial - Marquis of Darkness"", for an attack, or with Spell/Trap effects.",https://images.ygoprodeck.com/images/cards/33655493.jpg
300302044,Believe in your Bro,"Once per turn, you can activate 1 of these Skills based on the face-up monster(s) you control:
● ""Elemental HERO"": Discard 1 Trap, then add 1 Level 6 or lower Machine ""roid"" monster from your GY to your hand, then you can destroy 1 monster your opponent controls whose ATK is less than or equal to the added card's.
● Machine ""roid"": Discard 1 Spell, then Special Summon 1 Level 6 or lower Machine ""roid"" or ""Elemental HERO"" monster from your Deck in Defense Position, but negate its effects.
 ● Both: Discard 1 card, then Fusion Summon 1 Fusion Monster using only ""roid"" and ""Elemental HERO"" monsters you control.
Each of these Skills can only be used once per Duel.",https://images.ygoprodeck.com/images/cards/300302044.jpg
22953211,Bellcat Fighter,"3 monsters, including a Token
When this card destroys an opponent's monster by battle: You can Special Summon 1 ""Bellcat Token"" (Machine/WIND/Level 4/ATK 2000/DEF 2000) in Defense Position.",https://images.ygoprodeck.com/images/cards/22953211.jpg
94662235,Bending Destiny,"Activate only if all face-up monsters you control are ""Fortune Lady"" monsters. Negate the activation of a Spell or Trap Card, or the Normal Summon of a monster, and remove that card from play. The card removed from play by this effect is returned to its owner's hand during the End Phase.",https://images.ygoprodeck.com/images/cards/94662235.jpg
73345237,Benghalancer the Resurgent,"2+ Plant monsters
During the Main Phase (Quick Effect): You can target 1 Effect Monster your opponent controls; take damage equal to its ATK, and if you did take damage, return it to the hand. If this card is in your GY: You can banish 2 or more Link Monsters from your GY whose combined Link Ratings equal exactly 4; Special Summon this card, but banish it when it leaves the field. You can only use 1 ""Benghalancer the Resurgent"" effect per turn, and only once that turn.",https://images.ygoprodeck.com/images/cards/73345237.jpg
77207191,Berfomet,"When this card is Normal or Flip Summoned: You can add 1 ""Gazelle the King of Mythical Beasts"" from your Deck to your hand.",https://images.ygoprodeck.com/images/cards/77207191.jpg
69601012,Berfomet the Mythical King of Phantom Beasts,"2 monsters with different Types (Beast, Fiend, or Illusion)
This card's name becomes ""Chimera the Flying Mythical Beast"" while on the field or in the GY. You can only use each of the following effects of ""Berfomet the Mythical King of Phantom Beasts"" once per turn. If this card is Fusion Summoned: You can send 1 Beast, Fiend, or Illusion monster from your Deck to the GY. During your opponent's turn (Quick Effect): You can banish this card from your GY, then target 1 of your banished Beast, Fiend, or Illusion monsters, except ""Berfomet the Mythical King of Phantom Beasts""; Special Summon it.",https://images.ygoprodeck.com/images/cards/69601012.jpg
59808784,Berlineth the Firestorm Vassal,"You can discard 1 card; Special Summon this card from your hand, also you cannot Special Summon monsters from the Extra Deck for the rest of this turn. If this card is Tributed for a Tribute Summon: You can look at your opponent's hand and banish 1 card from their hand until the End Phase. You can only use each effect of ""Berlineth the Firestorm Vassal"" once per turn.",https://images.ygoprodeck.com/images/cards/59808784.jpg
20747792,Berry Magician Girl,"If this card is Normal Summoned: You can add 1 ""Magician Girl"" monster from your Deck to your hand. Once per turn, during either player's turn, when your opponent activates a card or effect that targets this card, or targets this card for an attack: You can change this card's battle position, and if you do, Special Summon 1 ""Magician Girl"" monster from your Deck, except ""Berry Magician Girl"".",https://images.ygoprodeck.com/images/cards/20747792.jpg
13744068,Berserk Archfiend,"You can target up to 2 face-up monsters you control, including a Fiend monster; Special Summon this card from your hand, and if you do, destroy those monsters. You can only use this effect of ""Berserk Archfiend"" once per turn. When a monster(s) is destroyed by this card's effect: You can target face-up monsters your opponent controls equal to the number destroyed; this card gains ATK equal to their combined original ATK, until the end of your next turn.",https://images.ygoprodeck.com/images/cards/13744068.jpg
85605684,Berserk Dragon,"Cannot be Normal Summoned/Set. Must be Special Summoned with ""A Deal with Dark Ruler"" and cannot be Special Summoned by other ways. This card can attack all monsters your opponent controls once each. During each of your End Phases, this card loses 500 ATK.",https://images.ygoprodeck.com/images/cards/85605684.jpg
39168895,Berserk Gorilla,"If this card is in face-up Defense Position, destroy this card. This card must attack if able.",https://images.ygoprodeck.com/images/cards/39168895.jpg
52497105,Berserk Scales,"Target 1 face-up monster you control (except a monster that is attacking directly); it gains 1000 ATK, also it cannot attack your opponent directly for the rest of this turn. During the End Phase of this turn, it loses 2000 ATK.",https://images.ygoprodeck.com/images/cards/52497105.jpg
15471265,Berserker Crush,"Banish 1 monster from your GY, then target 1 ""Winged Kuriboh"" you control; that target's ATK/DEF become equal to the ATK/DEF of the monster that was banished, until the end of this turn.",https://images.ygoprodeck.com/images/cards/15471265.jpg
15381252,Berserker Soul,"When a monster you control inflicts 1500 or less damage to your opponent by a direct attack: Discard your entire hand (min. 1); excavate the top card of your Deck, and if it is a Monster Card, send it to the Graveyard, and if you do that, inflict 500 damage to your opponent, then repeat this effect up to 7 more times or until you excavate a non-Monster Card. If a non-Monster Card is excavated, place it on the top of your Deck. You can only activate 1 ""Berserker Soul"" per turn.",https://images.ygoprodeck.com/images/cards/15381252.jpg
5402805,Berserker of the Tenyi,"2+ monsters, including a Link Monster",https://images.ygoprodeck.com/images/cards/5402805.jpg
56535497,Berserking,"Once per turn, during your Main Phase or your opponent's Battle Phase, you can select 2 face-up Beast-Type monsters on the field. Until the end of turn, 1 of the selected monsters loses half its ATK, and the other monster gains an equal amount of ATK.",https://images.ygoprodeck.com/images/cards/56535497.jpg
42901635,Berserkion the Electromagna Warrior,"Cannot be Normal Summoned/Set. Must first be Special Summoned (from your hand) by banishing 1 ""Alpha The Electromagnet Warrior"", ""Beta The Electromagnet Warrior"", and ""Gamma The Electromagnet Warrior"" from your hand, Graveyard, and/or face-up from your Monster Zone. You can banish 1 Level 4 or lower ""Magnet Warrior"" monster from your Graveyard, then target 1 card your opponent controls; destroy it. If this card is destroyed by battle, or if this card in its owner's possession is destroyed by an opponent's card effect: You can target 1 each of your banished ""Alpha The Electromagnet Warrior"", ""Beta The Electromagnet Warrior"", and ""Gamma The Electromagnet Warrior""; Special Summon them.",https://images.ygoprodeck.com/images/cards/42901635.jpg
23969415,Beta Evolution Pill - Ultranscendance,"Tribute 2 monsters from your hand and/or field, including a Dinosaur monster; Special Summon 1 Level 5 or higher Dinosaur monster from your Deck or Extra Deck, with an equal or higher ATK than the total ATK of those Tributed monsters, also for the rest of this turn after this card resolves, you cannot Special Summon monsters from the Extra Deck, except Dragon, Dinosaur, Sea Serpent, or Wyrm monsters. You can only activate 1 ""Beta Evolution Pill - Ultranscendance"" per turn.",https://images.ygoprodeck.com/images/cards/23969415.jpg
79418928,Beta The Electromagnet Warrior,"If this card is Normal or Special Summoned: You can add 1 Level 4 or lower ""Magnet Warrior"" monster from your Deck to your hand, except ""Beta The Electromagnet Warrior"". You can only use this effect of ""Beta The Electromagnet Warrior"" once per turn. During your opponent's turn: You can Tribute this card; Special Summon 1 Level 4 ""Magnet Warrior"" monster from your Deck (this is a Quick Effect).",https://images.ygoprodeck.com/images/cards/79418928.jpg
39256679,Beta The Magnet Warrior,"''Alpha, Beta, and Gamma meld as one to form a powerful monster.''",https://images.ygoprodeck.com/images/cards/39256679.jpg
84079032,Bettan Bat,"Up to thrice per turn, if your opponent Normal or Special Summons a monster(s) (except during the Damage Step): You can target 1 of them; toss a coin and if the result is heads, change it to face-up Attack Position, or if the result is tails, change it to face-down Defense Position. Once per turn, if another monster(s) on the field is flipped face-up, or a face-up monster(s) is changed to face-down Defense Position, even during the Damage Step: You can target 1 of them; change it to face-up Attack Position or face-down Defense Position.",https://images.ygoprodeck.com/images/cards/84079032.jpg
300302045,Beware the Brothers Paradox!,"Apply the following Skills:
● You can Normal Summon Level 7 monsters for 1 less Tribute.
● You can Tribute Summon 1 Level 7 monster face-up, in addition to your Normal Summon/Set.
● Your opponent takes no effect damage.
● You can only attack with 1 monster each turn, but that monster can make a second attack on monsters during each Battle Phase.",https://images.ygoprodeck.com/images/cards/300302045.jpg
35778533,Beware the White Forest,"If you control a Level 6 or higher Illusion or Spellcaster monster: Target 1 card your opponent controls; destroy it. If this card is sent to the GY to activate a monster effect: You can Set this card. You can only use each effect of ""Beware the White Forest"" once per turn.",https://images.ygoprodeck.com/images/cards/35778533.jpg
22125101,Beyond the Pendulum,"2 Effect Monsters, including a Pendulum Monster
If this card is Link Summoned in the Extra Monster Zone: You can pay 1200 LP; add 1 Pendulum Monster from your Deck to your hand, but for the rest of this turn, unless you Pendulum Summon after this effect resolves, you cannot activate monster effects, and the effects of any cards in your Pendulum Zones are negated. If 2 monsters with different original Levels are Pendulum Summoned at the same time to the zones this card points to: You can target 2 cards on the field; destroy them. You can only use this effect of ""Beyond the Pendulum"" once per turn.",https://images.ygoprodeck.com/images/cards/22125101.jpg
66500065,"Bi'an, Earth of the Yang Zing","When this card you control is destroyed by battle or card effect and sent to your Graveyard: You can Special Summon 1 ""Yang Zing"" monster from your Deck in Defense Position, except ""Bi'an, Earth of the Yang Zing"". You can only use this effect of ""Bi'an, Earth of the Yang Zing"" once per turn. Once per turn, during your opponent's Main Phase or Battle Phase, you can: Immediately after this effect resolves, Synchro Summon 1 Synchro Monster, using only ""Yang Zing"" monsters you control (this is a Quick Effect). A Synchro Monster that used this card as a Synchro Material cannot be destroyed by battle.",https://images.ygoprodeck.com/images/cards/66500065.jpg
25655502,Bickuribox,"""Crass Clown"" + ""Dream Clown""",https://images.ygoprodeck.com/images/cards/25655502.jpg
58685438,Bicorn Re'em,"If this card is sent to the Graveyard as a Synchro Material Monster for a Synchro Summon, send the top 2 cards from your opponent's Deck to the Graveyard.",https://images.ygoprodeck.com/images/cards/58685438.jpg
83392426,Bicular,"When this card is destroyed by battle and sent to the Graveyard, you can Special Summon 1 ""Unicycular"" from your hand or Deck.",https://images.ygoprodeck.com/images/cards/83392426.jpg
61127349,Big Bang Shot,"The equipped monster gains 400 ATK. If the equipped monster attacks a Defense Position monster, inflict piercing battle damage to your opponent. When this card leaves the field, banish the equipped monster.",https://images.ygoprodeck.com/images/cards/61127349.jpg
32696942,Big Belly Knight,If this card is detached from an Xyz Monster and sent to the Graveyard to activate that monster's effect: You can Special Summon 1 Level 3 or lower monster from your hand.,https://images.ygoprodeck.com/images/cards/32696942.jpg
95472621,Big Burn,You can only activate this card when your opponent activates a card that targets a monster in the Graveyard. Remove from play all monsters in both players' Graveyards.,https://images.ygoprodeck.com/images/cards/95472621.jpg
84808313,Big Evolution Pill,"After this card's activation, it remains on the field, but destroy it during your opponent's 3rd End Phase. Tribute 1 Dinosaur-Type monster to activate this card; while this card is face-up on the field, you can Normal Summon Level 5 or higher Dinosaur-Type monsters without Tributing.",https://images.ygoprodeck.com/images/cards/84808313.jpg
16768387,Big Eye,"FLIP: Look at up to 5 cards from the top of your Deck, then place them on the top of the Deck in any order.",https://images.ygoprodeck.com/images/cards/16768387.jpg
91337277,Big Inflate Dragon,"If this card is Normal Summoned: You can banish the top 50 cards of your Deck, face-down; this card's ATK becomes 10,000 until the end of this turn.",https://images.ygoprodeck.com/images/cards/91337277.jpg
53606874,Big Insect,"A giant ant that dwells in the jungle, it is powerful whether attacking or defending.",https://images.ygoprodeck.com/images/cards/53606874.jpg
51254277,Big Jaws,"At the end of the Battle Phase, if this card attacked: Banish it.",https://images.ygoprodeck.com/images/cards/51254277.jpg
42129512,Big Koala,"A species of huge Des Koala. He's meek, but people are afraid of him because he's very powerful.",https://images.ygoprodeck.com/images/cards/42129512.jpg
89235196,Big One Warrior,"During your Main Phase, you can send 1 Level 1 monster, except this card, from your hand to the Graveyard to Special Summon this card from your hand.",https://images.ygoprodeck.com/images/cards/89235196.jpg
25247218,Big Piece Golem,"If your opponent controls a monster and you control no monsters, you can Normal Summon this card without Tributes.",https://images.ygoprodeck.com/images/cards/25247218.jpg
65240384,Big Shield Gardna,"When a Spell Card is activated that targets this face-down card (and no other cards) (Quick Effect): Change this card to face-up Defense Position, and if you do, negate the activation. If this card is attacked, change it to Attack Position at the end of the Damage Step.",https://images.ygoprodeck.com/images/cards/65240384.jpg
51562916,Big Wave Small Wave,"Destroy all face-up WATER monsters you control, then you can Special Summon WATER monsters from your hand, up to the number of monsters destroyed by this effect.",https://images.ygoprodeck.com/images/cards/51562916.jpg
92714517,Big Welcome Labrynth,"Special Summon 1 ""Labrynth"" monster from your hand, Deck, or GY, then return 1 monster you control to the hand. You can banish this card from your GY, then target 1 Fiend monster you control, or, if you control a Level 8 or higher Fiend monster, you can target 1 card your opponent controls instead; return that card to the hand. You can only use 1 ""Big Welcome Labrynth"" effect per turn, and only once that turn.",https://images.ygoprodeck.com/images/cards/92714517.jpg
18322364,Big Whale,When this card is Tribute Summoned: You can Tribute this card; Special Summon 3 Level 3 WATER monsters from your Deck. Their effects are negated.,https://images.ygoprodeck.com/images/cards/18322364.jpg
59380081,Big-Tusked Mammoth,Monsters your opponent controls cannot attack the turn they are Summoned.,https://images.ygoprodeck.com/images/cards/59380081.jpg
55461744,Big-Winged Berfomet,"If this card is Normal or Special Summoned: You can add 1 Level 4 Beast monster and/or 1 ""Chimera Fusion"" from your Deck to your hand, also you cannot Special Summon monsters from the Extra Deck for the rest of this turn, except Fusion Monsters. If this card is sent to the GY as material for a Fusion Summon: You can target 1 Illusion monster in your GY; Special Summon it. You can only use each effect of ""Big-Winged Berfomet"" once per turn.",https://images.ygoprodeck.com/images/cards/55461744.jpg
80088625,Binary Blader,"2 Normal Monsters
This card gains these effects based on the number of monsters co-linked to this card.
● 1+: When this card declares an attack on an opponent's monster: You can activate this effect; this card can make a second attack during each Battle Phase this turn, also if this card battles an opponent's monster this turn, that opponent's monster cannot be destroyed by that battle.
● 2: After damage calculation, if this card battled an opponent's monster: You can banish that opponent's monster.",https://images.ygoprodeck.com/images/cards/80088625.jpg
79016563,Binary Sorceress,"2 monsters, except Tokens
This card gains these effects based on the number of monsters co-linked to this card.
● 1+: When a monster co-linked to this card battles your opponent's monster and inflicts battle damage to them: You can gain that much LP.
● 2: Once per turn (Quick Effect): You can target 2 face-up monsters you control; until the end of this turn, halve the ATK of 1 monster, and if you do, add that lost ATK to the other monster.",https://images.ygoprodeck.com/images/cards/79016563.jpg
8058240,Binding Chain,The mystic links of this chain can rob enemies of their power.,https://images.ygoprodeck.com/images/cards/8058240.jpg
93437091,"Bingo Machine, Go!!!","Reveal 3 cards from your Deck that each meets at least 1 of the criteria listed below, your opponent randomly picks 1 for you to add to your hand, and you shuffle the rest into your Deck. You can only activate 1 ""Bingo Machine, Go!!!"" per turn.
● ""Blue-Eyes"" monster
● Spell/Trap that specifically lists the card ""Blue-Eyes White Dragon"" or ""Blue-Eyes Ultimate Dragon"", except ""Bingo Machine, Go!!!""",https://images.ygoprodeck.com/images/cards/93437091.jpg
7670542,Bio Plant,A monster created from a major accident in an underground lab.,https://images.ygoprodeck.com/images/cards/7670542.jpg
3084730,Bio-Insect Armor,"If this card is in your hand or GY and you do not control ""Bio-Insect Armor"": You can target 1 Insect monster you control; equip this card to it, but banish it when it leaves the field, also banish this Equip Card when it leaves the field. You can only use this effect of ""Bio-Insect Armor"" once per turn. The equipped monster gains 1500 ATK/2000 DEF during the Battle Phase and Main Phase 2, only.",https://images.ygoprodeck.com/images/cards/3084730.jpg
58696829,Bio-Mage,A mysterious priest created as a result of the latest advances in biotechnology.,https://images.ygoprodeck.com/images/cards/58696829.jpg
74130411,Biofalcon,"When a Machine-Type monster you control is destroyed by battle and sent to the Graveyard while this card is face-up on the field, you can add 1 Machine-Type monster with 1000 or less ATK from your Deck to your hand.",https://images.ygoprodeck.com/images/cards/74130411.jpg
84845628,Bird of Paradise Lost,"This card gains 100 ATK and DEF for each Tuner monster in your Graveyard. Once per turn: You can send 1 Tuner monster from your hand to the Graveyard, then target 1 monster your opponent controls; take control of it until the End Phase.",https://images.ygoprodeck.com/images/cards/84845628.jpg
75252099,Bird of Roses,"When this face-up Attack Position card is destroyed by battle with an opponent's attacking monster and sent to the Graveyard, you can Special Summon 2 Plant-Type Tuner monsters from your Deck in face-up Defense Position.",https://images.ygoprodeck.com/images/cards/75252099.jpg
45547649,Birdface,"When this card is destroyed by battle and sent to the GY: You can add 1 ""Harpie Lady"" from your Deck to your hand.",https://images.ygoprodeck.com/images/cards/45547649.jpg
5439384,Birth of the Prominence Flame,"Target 2 FIRE monsters (1 Tuner and 1 non-Tuner) with 200 DEF in your GY; banish both monsters, and if you do, Special Summon 1 FIRE Synchro Monster from your Extra Deck whose Level equals the total Levels of those monsters. You can only activate 1 ""Birth of the Prominence Flame"" per turn.",https://images.ygoprodeck.com/images/cards/5439384.jpg
35539880,Birthright,"Activate this card by targeting 1 Normal Monster in your Graveyard; Special Summon that target in face-up Attack Position. When this card leaves the field, destroy that monster. When that monster leaves the field, destroy this card.",https://images.ygoprodeck.com/images/cards/35539880.jpg
92142169,Bite Bug,"If your opponent controls a face-up Xyz Monster, you can Special Summon this card (from your hand). When you do: Target 1 monster your opponent controls; that monster loses 300 ATK.",https://images.ygoprodeck.com/images/cards/92142169.jpg
50122883,Bite Shoes,FLIP: Change the battle position of 1 face-up monster on the field.,https://images.ygoprodeck.com/images/cards/50122883.jpg
44702857,Bitelon,"During battle between this attacking card and a Defense Position monster whose DEF is lower than the ATK of this card, inflict the difference as Battle Damage to your opponent.",https://images.ygoprodeck.com/images/cards/44702857.jpg
36211150,Bitron,A new species found in electronic space. There's not much information on it.,https://images.ygoprodeck.com/images/cards/36211150.jpg
36694815,Bitrooper,"You can send 1 Level 2 or lower monster from your hand to the GY; Special Summon this card from your hand. You can only use this effect of ""Bitrooper"" once per turn.",https://images.ygoprodeck.com/images/cards/36694815.jpg
2095764,"Bixi, Water of the Yang Zing","When this card you control is destroyed by battle or card effect and sent to your Graveyard: You can Special Summon 1 ""Yang Zing"" monster from your Deck in Attack Position, except ""Bixi, Water of the Yang Zing"". You can only use this effect of ""Bixi, Water of the Yang Zing"" once per turn. Once per turn, during your opponent's Main Phase or Battle Phase, you can: Immediately after this effect resolves, Synchro Summon 1 Synchro Monster, using only ""Yang Zing"" monsters you control (this is a Quick Effect). A Synchro Monster that used this card as a Synchro Material is unaffected by Trap effects.",https://images.ygoprodeck.com/images/cards/2095764.jpg
50896944,Black Brachios,When this card is Normal Summoned: You can target 1 monster on the field; change that target to face-up Defense Position.,https://images.ygoprodeck.com/images/cards/50896944.jpg
96029574,Black Brutdrago,"1 Tuner + 1 or more non-Tuner Gemini monsters
Once per turn, you can send 1 Gemini monster from your hand to the Graveyard to select and destroy 1 Spell or Trap Card your opponent controls. When this card is destroyed and sent to the Graveyard, you can select 1 Gemini monster in your Graveyard and Special Summon it. The Special Summoned Gemini monster is treated as an Effect Monster, and gains its effect.",https://images.ygoprodeck.com/images/cards/96029574.jpg
67381587,Black Cat-astrophe,"During your opponent's Battle Phase, if you control 2 or more face-down Defense Position monsters: End the Battle Phase. You can banish this card from your Graveyard, then target 2 face-up monsters on the field, including at least 1 ""Prediction Princess"" monster; change them to face-down Defense Position.",https://images.ygoprodeck.com/images/cards/67381587.jpg
61901281,Black Dragon Collapserpent,"Cannot be Normal Summoned/Set. Must be Special Summoned (from your hand) by banishing 1 LIGHT monster from your GY. You can only Special Summon ""Black Dragon Collapserpent"" once per turn this way. If this card is sent from the field to the GY: You can add 1 ""White Dragon Wyverburster"" from your Deck to your hand.",https://images.ygoprodeck.com/images/cards/61901281.jpg
56562619,Black Dragon Ninja,"Cannot be Special Summoned, except with the effect of a ""Ninja"" monster or ""Ninjitsu Art"" card. Once per turn, during either player's turn: You can send 1 ""Ninja"" monster and 1 ""Ninjitsu Art"" card from your hand and/or face-up from your field to the Graveyard, then target 1 monster on the field; banish it. If this face-up card leaves the field: Special Summon as many monsters banished by this card's effect as possible to their owner's field(s).",https://images.ygoprodeck.com/images/cards/56562619.jpg
36262024,Black Dragon's Chick,"You can send this face-up card you control to the Graveyard; Special Summon 1 ""Red-Eyes B. Dragon"" from your hand.",https://images.ygoprodeck.com/images/cards/36262024.jpg
75672051,Black Fang Magician,"[ Pendulum Effect ] 
Once per turn: You can target 1 face-up monster your opponent controls; its ATK becomes half its current ATK (until the end of this turn), then destroy this card.
[ Monster Effect ] 
(This card is always treated as an ""Xyz Dragon"" card.)
If this card is destroyed by battle or card effect: You can target 1 DARK Spellcaster-Type monster in your Graveyard; Special Summon it.",https://images.ygoprodeck.com/images/cards/75672051.jpg
40279770,Black Feather Beacon,"Activate only when you take damage from a card effect. Special Summon 1 Level 4 or lower ""Blackwing"" monster from your hand.",https://images.ygoprodeck.com/images/cards/40279770.jpg
7602800,Black Feather Whirlwind,"Once per turn, if you Special Summon a DARK Synchro Monster from the Extra Deck (except during the Damage Step): You can target 1 of your ""Blackwing"" monsters, or ""Black-Winged Dragon"", that is banished or in your GY, with less ATK than that Special Summoned monster; Special Summon it. Once per turn, if a DARK monster you control would be destroyed by battle or card effect, you can remove 1 Black Feather Counter from your field instead.",https://images.ygoprodeck.com/images/cards/7602800.jpg
71645242,Black Garden,"If a monster(s) is Normal or Special Summoned face-up, except by the effect of ""Black Garden"": Halve its ATK, then, the controller of that monster Special Summons 1 ""Rose Token"" (Plant/DARK/Level 2/ATK 800/DEF 800) to their opponent's field in Attack Position. (This ATK loss remains even if this card leaves the field.) You can target 1 monster in your GY with ATK equal to the total ATK of all Plant monsters on the field; destroy this card and as many Plant monsters on the field as possible, then, if you destroyed all of them, Special Summon that targeted monster.",https://images.ygoprodeck.com/images/cards/71645242.jpg
50323155,Black Horn of Heaven,"When your opponent would Special Summon exactly 1 monster: Negate the Special Summon, and if you do, destroy it.",https://images.ygoprodeck.com/images/cards/50323155.jpg
32754886,Black Illusion,"Until the end of this turn, all DARK Spellcaster-Type monsters with 2000 or more ATK you currently control cannot be destroyed by battle, their effects are negated, also they are unaffected by your opponent's card effects.",https://images.ygoprodeck.com/images/cards/32754886.jpg
41426869,Black Illusion Ritual,"This card is used to Ritual Summon ""Relinquished"". You must also Tribute a monster from your hand or field whose Level is 1 or more.",https://images.ygoprodeck.com/images/cards/41426869.jpg
55761792,Black Luster Ritual,"This card is used to Ritual Summon ""Black Luster Soldier"". You must also Tribute monsters from your hand or field whose total Levels equal 8 or more.",https://images.ygoprodeck.com/images/cards/55761792.jpg
5405694,Black Luster Soldier,"You can Ritual Summon this card with ""Black Luster Ritual"".",https://images.ygoprodeck.com/images/cards/5405694.jpg
72989439,Black Luster Soldier - Envoy of the Beginning,"Cannot be Normal Summoned/Set. Must first be Special Summoned (from your hand) by banishing 1 LIGHT and 1 DARK monster from your GY. Once per turn, you can activate 1 of these effects.
● Target 1 monster on the field; banish it. This card cannot attack the turn this effect is activated.
● If this attacking card destroys an opponent's monster by battle: It can make a second attack in a row.",https://images.ygoprodeck.com/images/cards/72989439.jpg
77498348,Black Luster Soldier - Envoy of the Evening Twilight,"Cannot be Normal Summoned/Set. Must be Special Summoned (from your hand) by banishing all LIGHT monsters or all DARK monsters from your GY, while you have an equal number of each in your GY. While face-up on the field, this card is also LIGHT-Attribute. When this card is Special Summoned: You can activate the appropriate effect, based on the Attribute of the monsters banished for the Special Summon. You cannot conduct your Battle Phase the turn you activate this effect.
● LIGHT: Target 1 monster on the field; banish it.
● DARK: Banish 1 random card from your opponent's hand face-down, until your opponent's End Phase.",https://images.ygoprodeck.com/images/cards/77498348.jpg
70551291,Black Luster Soldier - Legendary Swordsman,"You can Ritual Summon this card with ""Chaos Form"" or ""Super Soldier Ritual"". Must be Ritual Summoned. During your Draw Phase, before you draw: You can reveal this card in your hand; give up your normal draw this turn, and if you do, add 1 Ritual Spell from your Deck to your hand. Your opponent cannot activate cards or effects during your Battle Phase. When this attacking card, that was Ritual Summoned using a Normal Monster, destroys an opponent's monster by battle: You can shuffle all cards your opponent controls into the Deck.",https://images.ygoprodeck.com/images/cards/70551291.jpg
92510265,Black Luster Soldier - Sacred Soldier,"When this card is Normal or Special Summoned: You can target 1 of your banished LIGHT or DARK monsters and 1 card your opponent controls; return that banished card to the GY, and if you do, banish that card your opponent controls. You can only use this effect of ""Black Luster Soldier - Sacred Soldier"" once per turn. When this card destroys an opponent's monster by battle: You can target 1 Level 7 or lower Warrior monster in your GY; add it to your hand.",https://images.ygoprodeck.com/images/cards/92510265.jpg
49202162,Black Luster Soldier - Soldier of Chaos,"3 monsters with different names
If this card was Link Summoned using a Level 7 or higher monster(s) as material, your opponent cannot target it with card effects, also it cannot be destroyed by your opponent's card effects. When this card destroys an opponent's monster by battle: You can activate 1 of these effects;
● This card gains 1500 ATK.
● This card can make a second attack during the Battle Phase of your next turn.
● Banish 1 card on the field.",https://images.ygoprodeck.com/images/cards/49202162.jpg
54484652,Black Luster Soldier - Super Soldier,"You can Ritual Summon this card with ""Super Soldier Ritual"". If this card destroys an opponent's monster by battle and sends it to the Graveyard: Inflict damage to your opponent equal to its ATK in the Graveyard. If this card is destroyed by battle and sent to the Graveyard, or if this card in your possession is destroyed by an opponent's card effect and sent to your Graveyard: You can Special Summon 1 ""Gaia The Fierce Knight"" monster from your hand, Deck, or Graveyard. You can only Special Summon ""Black Luster Soldier - Super Soldier(s)"" once per turn.",https://images.ygoprodeck.com/images/cards/54484652.jpg
76792184,Black Magic Ritual,"This card is used to Ritual Summon ""Magician of Black Chaos"". You must also Tribute monsters from your hand or field whose total Levels equal 8 or more.",https://images.ygoprodeck.com/images/cards/76792184.jpg
86469231,Black Mamba,"If you control a Reptile monster, you can Special Summon this card (from your hand). You can only Special Summon ""Black Mamba"" once per turn this way. If this card is Normal or Special Summoned: You can target 1 monster your opponent controls; send 1 Reptile monster from your Deck to the GY, and if you do, change the targeted monster's battle position. You can only use this effect of ""Black Mamba"" once per turn.",https://images.ygoprodeck.com/images/cards/86469231.jpg
93969023,Black Metal Dragon,"You can target 1 ""Red-Eyes"" monster you control; equip this monster from your hand or field to that target. It gains 600 ATK. If this card is sent from the field to the GY: You can add 1 ""Red-Eyes"" card from your Deck to your hand.",https://images.ygoprodeck.com/images/cards/93969023.jpg
65169794,Black Pendant,The equipped monster gains 500 ATK. When this card is sent from the field to the Graveyard: Inflict 500 damage to your opponent.,https://images.ygoprodeck.com/images/cards/65169794.jpg
76218643,Black Potan,"If you control a face-up Tuner monster, this card cannot be destroyed by battle. When a face-up Tuner monster(s) you control is removed from the field, gain 800 Life Points.",https://images.ygoprodeck.com/images/cards/76218643.jpg
90654356,Black Ptera,"If this card is sent from the field to the GY, except by being destroyed by battle: Return it to the hand.",https://images.ygoprodeck.com/images/cards/90654356.jpg
74416224,Black Ray Lancer,"2 Level 3 WATER monsters
Once per turn: You can detach 1 Xyz Material from this card to target 1 face-up monster on the field; negate that target's effects until the End Phase.",https://images.ygoprodeck.com/images/cards/74416224.jpg
72278479,Black Return,"When exactly 1 ""Blackwing"" monster (and no other monster) is Special Summoned: Target 1 face-up monster your opponent controls; gain LP equal to the ATK of that target, and if you do, return it to the hand.",https://images.ygoprodeck.com/images/cards/72278479.jpg
73580471,Black Rose Dragon,"1 Tuner + 1+ non-Tuner monsters
When this card is Synchro Summoned: You can destroy all cards on the field. Once per turn: You can banish 1 Plant monster from your GY, then target 1 Defense Position monster your opponent controls; change that target to face-up Attack Position, and if you do, its ATK becomes 0 until the end of this turn.",https://images.ygoprodeck.com/images/cards/73580471.jpg
33698022,Black Rose Moonlight Dragon,"1 Tuner + 1 or more non-Tuner monsters
If this card is Special Summoned, or a Level 5 or higher monster(s) is Special Summoned to your opponent's side of the field: Target 1 Special Summoned monster your opponent controls; return that target to the hand. You can only use this effect of ""Black Rose Moonlight Dragon"" once per turn.",https://images.ygoprodeck.com/images/cards/33698022.jpg
88671720,Black Salvo,"When this card is Normal Summoned: You can target 1 Level 4 DARK Machine-Type monster in your Graveyard; Special Summon that target in Defense Position, but its effects are negated.",https://images.ygoprodeck.com/images/cards/88671720.jpg
96367119,Black Shadow Squall,"When a Spell/Trap Card is activated: Remove 1 Black Feather Counter from your field; negate the activation, and if you do, destroy that card. If you control ""Black-Winged Dragon"": You can Set this card from your GY, but banish it when it leaves the field. You can only use 1 ""Black Shadow Squall"" effect per turn, and only once that turn.",https://images.ygoprodeck.com/images/cards/96367119.jpg
67284108,Black Sheep Token,"This card can be used as a ""Black Sheep Token"".


*If used for another Token, apply that Token's Type/Attribute/Level/ATK/DEF.",https://images.ygoprodeck.com/images/cards/67284108.jpg
11901678,Black Skull Dragon,"""Summoned Skull"" + ""Red-Eyes Black Dragon""



(This card is always treated as an ""Archfiend"" card.)",https://images.ygoprodeck.com/images/cards/11901678.jpg
72930878,Black Sonic,"When an opponent's monster declares an attack on a ""Blackwing"" monster you control: Banish all face-up Attack Position monsters your opponent controls. If you control exactly 3 ""Blackwing"" monsters (and no other monsters), you can activate this card from your hand.",https://images.ygoprodeck.com/images/cards/72930878.jpg
79409334,Black Stego,If this Attack Position card is targeted for an attack: Change this card to Defense Position.,https://images.ygoprodeck.com/images/cards/79409334.jpg
52833089,Black Thunder,"Activate only when a ""Blackwing"" monster you control is destroyed by battle and sent to the Graveyard. Inflict 400 damage to your opponent for each card your opponent controls.",https://images.ygoprodeck.com/images/cards/52833089.jpg
38670435,Black Tyranno,"If the only cards your opponent controls are Defense Position monsters, this card can attack directly.",https://images.ygoprodeck.com/images/cards/38670435.jpg
52319752,Black Veloci,"If this card attacks an opponent's monster, this card gains 400 ATK during the Damage Step only. If this card is attacked by an opponent's monster, this card loses 400 ATK during the Damage Step only.",https://images.ygoprodeck.com/images/cards/52319752.jpg
91351370,Black Whirlwind,"When a ""Blackwing"" monster is Normal Summoned to your field: You can add 1 ""Blackwing"" monster from your Deck to your hand with less ATK than that monster.",https://images.ygoprodeck.com/images/cards/91351370.jpg
9925982,Black Wing Revenge,"When a Winged Beast-Type monster you control is destroyed by battle and sent to the Graveyard: Special Summon 2 ""Blackwing - Black Crest Tokens"" (Winged Beast-Type/DARK/Level 2/ATK 0/DEF 800).",https://images.ygoprodeck.com/images/cards/9925982.jpg
31677606,Black and White Wave,"If there is a face-up Xyz Monster on the field with a Synchro Monster as Xyz Material: Target 1 card on the field; banish that target, and if you do, draw 1 card.",https://images.ygoprodeck.com/images/cards/31677606.jpg
73218989,Black-Winged Assault Dragon,"1 Tuner Synchro Monster + 1+ non-Tuner monsters
Must be either Synchro Summoned, or Special Summoned from your Extra Deck by banishing 1 Tuner Synchro Monster and 1 ""Black-Winged Dragon"" from your face-up field and/or GY. Each time your opponent activates a monster effect, place 1 Black Feather Counter on this card when that effect resolves, and if you do, inflict 700 damage to your opponent. During your opponent's turn (Quick Effect): You can Tribute this card with 4 or more Black Feather Counters on it; destroy all cards on the field.",https://images.ygoprodeck.com/images/cards/73218989.jpg
9012916,Black-Winged Dragon,"1 Tuner + 1+ non-Tuner monsters
If you would take damage from a card effect, place 1 Black Feather Counter on this card instead. This card loses 700 ATK for each Black Feather Counter on it. Once per turn: You can remove all Black Feather Counters on this card, then target 1 face-up monster your opponent controls; that target loses 700 ATK for each Black Feather Counter you removed, and if it does, inflict damage to your opponent equal to the ATK lost by this effect.",https://images.ygoprodeck.com/images/cards/9012916.jpg
67779172,Black-Winged Strafe,"Send 1 ""Blackwing"" monster from your hand to the Graveyard to select 1 Defense Position monster your opponent controls. Send that monster to the Graveyard.",https://images.ygoprodeck.com/images/cards/67779172.jpg
44028461,Blackback,"During your turn: Target 1 ""Blackwing"" monster with 2000 or less ATK in your Graveyard; Special Summon that target. You cannot Normal Summon/Set during the turn you activate this card.",https://images.ygoprodeck.com/images/cards/44028461.jpg
67647362,"Blackbeard, the Plunder Patroll Captain","2 monsters including a ""Plunder Patroll"" monster
(Quick Effect): You can target 1 Effect Monster you control; Special Summon 1 ""Plunder Patroll"" monster from your Extra Deck with the same Attribute as a monster your opponent controls or is in their GY, and if you do, equip that target to it, then draw 1 card. You can only use this effect of ""Blackbeard, the Plunder Patroll Captain"" once per turn.",https://images.ygoprodeck.com/images/cards/67647362.jpg
80254726,Blackbird Close,"When a monster your opponent controls activates its effect: You can send 1 face-up ""Blackwing"" monster you control to the GY; negate the activation, and if you do, destroy it, then, you can Special Summon 1 ""Black-Winged Dragon"" from your Extra Deck. If you control a ""Blackwing"" Synchro Monster or ""Black-Winged Dragon"", you can activate this card from your hand.",https://images.ygoprodeck.com/images/cards/80254726.jpg
53519297,Blackboost,"Banish 2 face-up ""Blackwing"" Tuner monsters you control; draw 2 cards.",https://images.ygoprodeck.com/images/cards/53519297.jpg
91642007,"Blackeyes, the Plunder Patroll Seaguide","You can target 1 ""Plunder Patroll"" monster in your GY, except ""Blackeyes, the Plunder Patroll Seaguide""; Special Summon this card from your hand, and if you do, add that monster to your hand, also you cannot Special Summon for the rest of this turn, except ""Plunder Patroll"" monsters. If this card is sent from the hand or Monster Zone to the GY: You can target 1 ""Plunder Patroll"" Monster Card in your Spell & Trap Zone; Special Summon it in Defense Position. You can only use each effect of ""Blackeyes, the Plunder Patroll Seaguide"" once per turn.",https://images.ygoprodeck.com/images/cards/91642007.jpg
60992105,Blackfeather Darkrage Dragon,"1 Tuner + 1 or more non-Tuner monsters
Once per turn, when you take damage: You can send up to 5 cards from the top of your Deck to the Graveyard, then if any monsters were sent to the Graveyard by this effect, this card gains 400 ATK.",https://images.ygoprodeck.com/images/cards/60992105.jpg
87564352,Blackland Fire Dragon,"A dragon that dwells in the depths of darkness, its vulnerability lies in its poor eyesight.",https://images.ygoprodeck.com/images/cards/87564352.jpg
31053337,Blackwing - Abrolhos the Megaquake,"Cannot be Special Summoned. This card cannot destroy monsters by battle. If this card battles a monster, after damage calculation: Return that monster to the hand. Once per turn, during your Main Phase 1: You can have this card lose exactly 1000 ATK, and if you do, return all cards in your opponent's Spell & Trap Zone to the hand.",https://images.ygoprodeck.com/images/cards/31053337.jpg
4068622,Blackwing - Aurora the Northern Lights,"Cannot be Normal Summoned/Set. Must be Special Summoned (from your hand) by banishing 2 face-up monsters you control (1 ""Blackwing"" Tuner and 1 non-Tuner), and cannot be Special Summoned by other ways. Once per turn: You can banish 1 ""Blackwing"" Synchro Monster from your Extra Deck; until the End Phase, this card's name and original ATK become that monster's, and replace this effect with that monster's original effects.",https://images.ygoprodeck.com/images/cards/4068622.jpg
17465972,Blackwing - Auster the South Wind,"Cannot be Special Summoned. When this card is Normal Summoned: You can target 1 of your banished Level 4 or lower ""Blackwing"" monsters; Special Summon it in Defense Position. You can banish this card from the GY to activate 1 of the following effects;
● Place Black Feather Counter(s) on 1 ""Black-Winged Dragon"" you control, equal to the number of card(s) your opponent controls.
● Place 1 Wedge Counter on each face-up monster your opponent controls that does not have one.",https://images.ygoprodeck.com/images/cards/17465972.jpg
89040386,Blackwing - Backlash,"When an opponent's monster declares a direct attack while you have 5 or more ""Blackwing"" monsters in your Graveyard: Destroy all monsters your opponent controls.",https://images.ygoprodeck.com/images/cards/89040386.jpg
9925983,Blackwing - Black Crest Token,"Special Summoned with the effect of ""Black Wing Revenge"".",https://images.ygoprodeck.com/images/cards/9925983.jpg
22835145,Blackwing - Blizzard the Far North,"Cannot be Special Summoned. When this card is Normal Summoned: You can target 1 Level 4 or lower ""Blackwing"" monster in your Graveyard; Special Summon that target in Defense Position.",https://images.ygoprodeck.com/images/cards/22835145.jpg
25435080,Blackwing - Bombardment,"Tribute 1 ""Blackwing"" monster to select 1 face-up Synchro Monster you control. That Synchro Monster gains ATK equal to the Tributed monster's ATK, until the End Phase.",https://images.ygoprodeck.com/images/cards/25435080.jpg
43906884,Blackwing - Boobytrap,"When this Set card is destroyed by your opponent's card effect while you control a face-up ""Blackwing"" monster, inflict 1000 damage to your opponent and draw 1 card.",https://images.ygoprodeck.com/images/cards/43906884.jpg
49003716,Blackwing - Bora the Spear,"If you control a ""Blackwing"" monster other than ""Blackwing - Bora the Spear"", you can Special Summon this card (from your hand). If this card attacks a Defense Position monster, inflict piercing battle damage.",https://images.ygoprodeck.com/images/cards/49003716.jpg
16516630,Blackwing - Boreas the Sharp,"During your Main Phase 1: You can banish this card from the Graveyard, then target 1 ""Blackwing"" monster you control; if that monster attacks this turn, you take no battle damage from that attack, it is not destroyed by that battle, also destroy the opponent's monster that it battled, after damage calculation.",https://images.ygoprodeck.com/images/cards/16516630.jpg
10602628,Blackwing - Boreastorm the Wicked Wind,"1 DARK Tuner + 1+ non-Tuner monsters
If this card is Synchro Summoned: You can send 1 ""Blackwing"" monster from your Deck to the GY, and if you do, this card's Level becomes the same as that monster's. When this card destroys a monster by battle and sends it to the GY: You can banish 1 ""Blackwing"" monster from your GY or face-up field, except the destroyed monster; Special Summon the destroyed monster to your field in Defense Position. You can only use each effect of ""Blackwing - Boreastorm the Wicked Wind"" once per turn.",https://images.ygoprodeck.com/images/cards/10602628.jpg
89258906,Blackwing - Breeze the Zephyr,"If this card is added from your Deck to your hand by a card effect: You can Special Summon this card from your hand. Cannot be used as a Synchro Material, except for the Synchro Summon of a ""Blackwing"" monster.",https://images.ygoprodeck.com/images/cards/89258906.jpg
52900379,Blackwing - Brisote the Tailwind,"If 2 or more face-up ""Blackwing"" monsters you control were destroyed this turn, you can Special Summon this card (from your hand). If this card is sent to the Graveyard as a Synchro Material: Gain 600 LP.",https://images.ygoprodeck.com/images/cards/52900379.jpg
88305978,Blackwing - Calima the Haze,"During your opponent's Battle Phase, if you control no monsters: You can banish this card from the Graveyard, then target 1 Synchro Monster in your Graveyard; Special Summon that target, but banish it at the end of the Battle Phase (this is a Quick Effect).",https://images.ygoprodeck.com/images/cards/88305978.jpg
34976176,Blackwing - Chinook the Snow Blast,"You can send this card from your hand or field to the GY, then target 1 face-up monster your opponent controls; send 1 ""Blackwing"" Synchro Monster or 1 ""Black-Winged Dragon"" from your Extra Deck to the GY, and if you do, until the end of this turn, the targeted monster loses 700 ATK, also negate its effects. This is a Quick Effect if you control a DARK Synchro Monster. You can only use this effect of ""Blackwing - Chinook the Snow Blast"" once per turn.",https://images.ygoprodeck.com/images/cards/34976176.jpg
58131925,Blackwing - Damascus the Polar Night,"During either player's turn: You can discard this card to target 1 ""Blackwing"" monster you control; it gains 500 ATK until the End Phase.",https://images.ygoprodeck.com/images/cards/58131925.jpg
19462747,Blackwing - Decay the Ill Wind,"Once per turn, during the End Phase, if this card is in the Graveyard because it was sent there this turn: Take 1000 damage. When this card is Normal or Special Summoned: You can target 1 ""Blackwing"" monster you control, then activate 1 of these effects;
● Increase its Level by 1.
● Reduce its Level by 1.
You can only use this effect of ""Blackwing - Decay the Ill Wind"" once per turn.",https://images.ygoprodeck.com/images/cards/19462747.jpg
11613567,Blackwing - Elphin the Raven,"If you control a ""Blackwing"" monster, you can Normal Summon this card without Tributing. When this card is Normal Summoned: You can target 1 monster your opponent controls; change that target's battle position.",https://images.ygoprodeck.com/images/cards/11613567.jpg
78564023,Blackwing - Etesian of Two Swords,"If a ""Blackwing"" monster you control battles an opponent's monster, and your opponent still controls that monster at the end of the Damage Step: You can send this card from your hand to the Graveyard; inflict 1000 damage to your opponent.",https://images.ygoprodeck.com/images/cards/78564023.jpg
9109991,Blackwing - Fane the Steel Chain,This card can attack your opponent directly. If this card inflicts battle damage to your opponent by a direct attack: Target 1 Attack Position monster your opponent controls; change that target to Defense Position.,https://images.ygoprodeck.com/images/cards/9109991.jpg
2009101,Blackwing - Gale the Whirlwind,"If you control a ""Blackwing"" monster other than ""Blackwing - Gale the Whirlwind"", you can Special Summon this card (from your hand). Once per turn: You can target 1 face-up monster your opponent controls; that target's ATK and DEF become half its current ATK and DEF.",https://images.ygoprodeck.com/images/cards/2009101.jpg
26775203,Blackwing - Ghibli the Searing Wind,"When your opponent declares a direct attack: You can Special Summon this card from your hand. Once per turn: You can switch the original ATK and DEF of this card, until the end of this turn.",https://images.ygoprodeck.com/images/cards/26775203.jpg
28190303,Blackwing - Gladius the Midnight Sun,"If the only face-up monster you control is 1 ""Blackwing"" monster other than ""Blackwing - Gladius the Midnight Sun"", you can Special Summon this card (from your hand). Once per turn, this card cannot be destroyed by battle.",https://images.ygoprodeck.com/images/cards/28190303.jpg
9929398,Blackwing - Gofu the Vague Shadow,"Cannot be Normal Summoned/Set. Must first be Special Summoned (from your hand) while you control no monsters. When this card is Special Summoned from the hand: You can Special Summon 2 ""Vague Shadow Tokens"" (Winged Beast-Type/DARK/Level 1/ATK 0/DEF 0), but they cannot be Tributed or be used as Synchro Material. You can banish this card and 1 or more face-up non-Tuners you control, then target 1 ""Blackwing"" Synchro Monster in your Graveyard whose Level equals the total Levels the banished monsters had on the field; Special Summon it, and if you do, it is treated as a Tuner.",https://images.ygoprodeck.com/images/cards/9929398.jpg
17377751,Blackwing - Gram the Shining Star,"1 Tuner + 1 or more non-Tuner monsters
Must first be Synchro Summoned. When this card is Synchro Summoned: You can Special Summon 1 Level 4 or lower non-Tuner ""Blackwing"" monster from your hand, but its effects are negated.",https://images.ygoprodeck.com/images/cards/17377751.jpg
52869807,Blackwing - Gust the Backblast,"If you control no cards, you can Special Summon this card (from your hand). If your opponent's monster attacks a ""Blackwing"" monster you control, the attacking monster loses 300 ATK during the Damage Step only.",https://images.ygoprodeck.com/images/cards/52869807.jpg
77152542,Blackwing - Harmattan the Dust,"If you control a ""Blackwing"" monster other than ""Blackwing - Harmattan the Dust"", you can Special Summon this card (from your hand). You can only Special Summon ""Blackwing - Harmattan the Dust"" once per turn this way. When this card is Normal or Special Summoned: You can target 1 other ""Blackwing"" monster you control; increase this card's Level by that monster's.",https://images.ygoprodeck.com/images/cards/77152542.jpg
3072808,Blackwing - Hillen the Tengu-wind,"When you take 2000 or more Battle Damage from your opponent's monster's direct attack while this card is in the Graveyard, you can select 1 Level 3 or lower ""Blackwing"" monster in your Graveyard. Special Summon that monster and this card from the Graveyard. Their effects are negated. Each player can only use the effect of ""Blackwing - Hillen the Tengu-wind"" once per Duel.",https://images.ygoprodeck.com/images/cards/3072808.jpg
36442179,Blackwing - Hurricane the Tornado,"Once per turn: You can target 1 Synchro Monster on the field; this card's ATK becomes that monster's current ATK, until the end of this turn.",https://images.ygoprodeck.com/images/cards/36442179.jpg
87390067,Blackwing - Jetstream the Blue Sky,"During damage calculation, you can send this card from your hand to the Graveyard to prevent a ""Blackwing"" monster you control from being destroyed by this battle.",https://images.ygoprodeck.com/images/cards/87390067.jpg
38562933,Blackwing - Jin the Rain Shadow,"If this card battles a face-up monster with DEF equal to or less than this card's ATK, destroy that monster at the start of the Damage Step (without damage calculation).",https://images.ygoprodeck.com/images/cards/38562933.jpg
85215458,Blackwing - Kalut the Moon Shadow,"During either player's Damage Step, when a ""Blackwing"" monster you control is attacking or being attacked: You can send this card from your hand to the Graveyard; that monster gains 1400 ATK until the end of this turn.",https://images.ygoprodeck.com/images/cards/85215458.jpg
41902352,Blackwing - Kochi the Daybreak,"If this card was Special Summoned, it cannot be used as a Synchro Material.",https://images.ygoprodeck.com/images/cards/41902352.jpg
49460512,Blackwing - Kogarashi the Wanderer,"When a face-up ""Blackwing"" monster you control is destroyed by a card effect and sent to the Graveyard (except during the Damage Step): You can Special Summon this card from your hand. When a monster is Synchro Summoned using this card as a Synchro Material, the opponent of this card's owner cannot activate cards or effects.",https://images.ygoprodeck.com/images/cards/49460512.jpg
81105204,Blackwing - Kris the Crack of Dawn,"If you control a ""Blackwing"" monster other than ""Blackwing - Kris the Crack of Dawn"", you can Special Summon this card (from your hand). You can only Special Summon ""Blackwing - Kris the Crack of Dawn"" once per turn this way. Once per turn, this card cannot be destroyed by Spell/Trap effects.",https://images.ygoprodeck.com/images/cards/81105204.jpg
46710683,Blackwing - Mistral the Silver Shield,If this card on the field is destroyed and sent to the Graveyard: Reduce the next battle damage you would take this turn to 0.,https://images.ygoprodeck.com/images/cards/46710683.jpg
95040215,Blackwing - Nothung the Starlight,"1 Tuner + 1 or more non-Tuner monsters
If this card is Special Summoned: Inflict 800 damage to your opponent, then 1 face-up monster your opponent controls loses 800 ATK and DEF. You can only use this effect of ""Blackwing - Nothung the Starlight"" once per turn. During your Main Phase, you can Normal Summon 1 ""Blackwing"" monster in addition to your Normal Summon/Set. (You can only gain this effect once per turn.)",https://images.ygoprodeck.com/images/cards/95040215.jpg
73652465,Blackwing - Oroshi the Squall,"If you control a ""Blackwing"" monster other than ""Blackwing - Oroshi the Squall"", you can Special Summon this card (from your hand). You can only Special Summon ""Blackwing - Oroshi the Squall"" once per turn this way. If this card is sent to the GY as a Synchro Material: You can target 1 monster on the field; change that target's battle position.",https://images.ygoprodeck.com/images/cards/73652465.jpg
55610595,Blackwing - Pinaki the Waxing Moon,"Cannot be used as a Synchro Material, except for the Synchro Summon of a ""Blackwing"" Synchro Monster. During the End Phase, if this card is in the Graveyard because it was sent there from the field this turn: You can add 1 ""Blackwing"" monster from your Deck to your hand, except ""Blackwing - Pinaki the Waxing Moon"". You can only use this effect of ""Blackwing - Pinaki the Waxing Moon"" once per turn.",https://images.ygoprodeck.com/images/cards/55610595.jpg
8571567,Blackwing - Shamal the Sandstorm,"You can send this card from your hand or field to the GY; place 1 ""Black Feather Whirlwind"" from your Deck face-up in your Spell & Trap Zone. If a ""Blackwing"" Synchro Monster(s) or ""Black-Winged Dragon"" is Special Summoned to your field, while this card is in your GY (except during the Damage Step): You can banish this card, then target 1 ""Blackwing"" monster in your GY; add it to your hand, then take 700 damage. You can only use each effect of ""Blackwing - Shamal the Sandstorm"" once per turn.",https://images.ygoprodeck.com/images/cards/8571567.jpg
54594017,Blackwing - Sharnga the Waning Moon,"If a monster with 2000 or more ATK is on the field, you can Special Summon this card (from your hand). You can only Special Summon ""Blackwing - Sharnga the Waning Moon"" once per turn this way. If you control a ""Blackwing"" Synchro Monster (Quick Effect): You can banish this card from your GY, then target 1 face-up card your opponent controls; destroy it. You can only use this effect of ""Blackwing - Sharnga the Waning Moon"" once per Duel.",https://images.ygoprodeck.com/images/cards/54594017.jpg
58820853,Blackwing - Shura the Blue Flame,"When this card destroys an opponent's monster by battle and sends it to the Graveyard: You can Special Summon 1 ""Blackwing"" monster with 1500 or less ATK from your Deck, but its effects are negated.",https://images.ygoprodeck.com/images/cards/58820853.jpg
33236860,Blackwing - Silverwind the Ascendant,"1 ""Blackwing"" Tuner + 2 or more non-Tuner monsters
When this card is Synchro Summoned: You can target up to 2 face-up monsters on the field with DEF lower than this card's ATK; destroy those targets. You cannot conduct your Battle Phase the turn you activate this effect. During each of your opponent's turns, the first ""Blackwing"" monster you control that would be destroyed by battle, is not destroyed.",https://images.ygoprodeck.com/images/cards/33236860.jpg
81470373,Blackwing - Simoon the Poison Wind,"If you control no monsters and have this card in your hand: You can banish 1 other ""Blackwing"" monster from your hand; place 1 ""Black Whirlwind"" from your Deck face-up in your Spell & Trap Zone, then, either send this card to the GY, or immediately after this effect resolves, Normal Summon it without Tributing. You cannot Special Summon monsters from the Extra Deck for the rest of this turn, except DARK monsters. You can only use this effect of ""Blackwing - Simoon the Poison Wind"" once per turn. During the End Phase, send the ""Black Whirlwind"" placed by this effect to the GY, and if you do, take 1000 damage.",https://images.ygoprodeck.com/images/cards/81470373.jpg
75498415,Blackwing - Sirocco the Dawn,"If your opponent controls a monster and you control no monsters, you can Normal Summon/Set this card without Tributing. Once per turn, during your Main Phase 1: You can target 1 ""Blackwing"" monster you control; until the end of this turn, it gains ATK equal to the total ATK of all ""Blackwing"" monsters currently on the field, except itself. Monsters other than the targeted monster cannot attack during the turn you activate this effect.",https://images.ygoprodeck.com/images/cards/75498415.jpg
9047460,Blackwing - Steam the Cloak,"If this face-up card leaves the field: Special Summon 1 ""Steam Token"" (Aqua-Type/WIND/Level 1/ATK 100/DEF 100). If this card is in your Graveyard: You can Tribute 1 monster; Special Summon this card from the Graveyard. You can only use this effect of ""Blackwing - Steam the Cloak"" once per Duel. If this card Summoned this way is used as a Synchro Material Monster, all other Synchro Material Monsters must be ""Blackwing"" monsters.",https://images.ygoprodeck.com/images/cards/9047460.jpg
70465810,Blackwing - Sudri the Phantom Glimmer,"When this card is Normal Summoned: You can add 1 card that mentions ""Black-Winged Dragon"" from your Deck to your hand, except ""Blackwing - Sudri the Phantom Glimmer"". You can Tribute 1 monster; Special Summon 1 ""Phantom Glimmer Token"" (Winged Beast/Tuner/DARK/Level 2/ATK 700/DEF 700), then you take 700 damage. You cannot Special Summon monsters from the Extra Deck the turn you activate this effect, except Synchro Monsters. You can only use this effect of ""Blackwing - Sudri the Phantom Glimmer"" once per turn.",https://images.ygoprodeck.com/images/cards/70465810.jpg
73534250,Blackwing - Tornado the Reverse Wind,"When this card is Normal Summoned while your opponent controls a Special Summoned monster: You can target 1 ""Blackwing"" Tuner in your Graveyard; you cannot Special Summon monsters from the Extra Deck for the rest of this turn, except ""Blackwing"" monsters, also Special Summon that monster, but its effects are negated.",https://images.ygoprodeck.com/images/cards/73534250.jpg
69973414,Blackwing - Twin Shadow,"Shuffle 2 of your ""Blackwing"" monsters (1 Tuner and 1 non-Tuner) that are banished and/or in your GY into the Deck/Extra Deck; Special Summon 1 ""Blackwing"" Synchro Monster or ""Black-Winged Dragon"" from your Extra Deck whose Level equals the total Levels of those 2 monsters. (This is treated as a Synchro Summon.) If you control 2 or more ""Blackwing"" monsters, you can activate this card from your hand. You can only activate 1 ""Blackwing - Twin Shadow"" per turn.",https://images.ygoprodeck.com/images/cards/69973414.jpg
71187462,Blackwing - Vata the Emblem of Wandering,"If you control a ""Blackwing"" monster other than ""Blackwing - Vata the Emblem of Wandering"", you can Special Summon this card (from your hand). You can only Special Summon ""Blackwing - Vata the Emblem of Wandering"" once per turn this way. During your Main Phase: You can send this card on the field to the GY along with 1 or more non-Tuner ""Blackwing"" monsters from your Deck, so that the total Levels sent equal exactly 8, and if you do, Special Summon 1 ""Black-Winged Dragon"" from your Extra Deck, also you cannot Special Summon monsters from the Extra Deck for the rest of this turn, except DARK monsters. You can only use this effect of ""Blackwing - Vata the Emblem of Wandering"" once per turn.",https://images.ygoprodeck.com/images/cards/71187462.jpg
72714392,Blackwing - Vayu the Emblem of Honor,"This face-up card on the field cannot be used as a Synchro Material. If this card is in the Graveyard: You can target 1 non-Tuner ""Blackwing"" monster in your Graveyard; banish both this card and that target, and if you do, Special Summon 1 ""Blackwing"" Synchro Monster from your Extra Deck whose Level equals the total Levels of the banished monsters, but its effects are negated.",https://images.ygoprodeck.com/images/cards/72714392.jpg
14785765,Blackwing - Zephyros the Elite,"If this card is in your GY: You can return 1 face-up card you control to the hand; Special Summon this card, and if you do, take 400 damage. You can only use this effect of ""Blackwing - Zephyros the Elite"" once per Duel.",https://images.ygoprodeck.com/images/cards/14785765.jpg
7459919,Blackwing - Zonda the Dusk,"You cannot Special Summon monsters from the Extra Deck, except Synchro Monsters. You can only use 1 of the following effects of ""Blackwing - Zonda the Dusk"" per turn, and only once that turn. If this card is Normal or Special Summoned: You can target 1 monster on the field; return it to the hand. You can banish this card from your GY; Special Summon 1 Level 5 or higher ""Blackwing"" monster from your hand or Deck, then take damage equal to its ATK.",https://images.ygoprodeck.com/images/cards/7459919.jpg
76913983,Blackwing Armed Wing,"1 ""Blackwing"" Tuner + 1 or more non-Tuner monsters
If this card attacks a Defense Position monster, it gains 500 ATK during the Damage Step only, also inflict piercing battle damage to your opponent.",https://images.ygoprodeck.com/images/cards/76913983.jpg
69031175,Blackwing Armor Master,"1 ""Blackwing"" Tuner + 1 or more non-Tuner monsters
Cannot be destroyed by battle, and you take no battle damage from attacks involving this card. At the end of the Damage Step, if this card attacked a monster: You can place 1 Wedge Counter on that monster (max. 1). You can remove all Wedge Counters from your opponent's monsters; the ATK and DEF of those monsters that had Wedge Counters become 0 until the end of this turn.",https://images.ygoprodeck.com/images/cards/69031175.jpg
54082269,Blackwing Full Armor Master,"1 ""Blackwing"" Tuner + 1+ non-Tuner monsters
Unaffected by other cards' effects. Each time a monster your opponent controls activates its effect, place 1 Wedge Counter on that opponent's monster (max. 1) after that effect resolves. Once per turn: You can target 1 monster your opponent controls with a Wedge Counter; take control of it. Once per turn, during your End Phase: You can destroy all monsters on the field that have a Wedge Counter.",https://images.ygoprodeck.com/images/cards/54082269.jpg
81983656,Blackwing Tamer - Obsidian Hawk Joe,"1 ""Blackwing"" Tuner + 1 or more non-Tuner ""Blackwing"" monsters
You can target 1 Level 5 or higher Winged Beast-Type monster in your Graveyard; Special Summon it. During either player's turn, when your opponent activates a card or effect that targets only this card, or when your opponent targets this card for an attack: You can target 1 other ""Blackwing"" monster you control that would be an appropriate target; that card/effect/attack now targets the new target. You can only use each effect of ""Blackwing Tamer - Obsidian Hawk Joe"" once per turn.",https://images.ygoprodeck.com/images/cards/81983656.jpg
82944432,Blade Armor Ninja,"2 Level 4 Warrior-Type monsters
Once per turn: You can detach 1 Xyz Material from this card to target 1 ""Ninja"" monster you control; it can make a second attack during each Battle Phase this turn.",https://images.ygoprodeck.com/images/cards/82944432.jpg
70194827,Blade Bounzer,"Once per turn, if this card attacks and your opponent controls a monster at the end of the Damage Step: You can discard 1 card; this card can attack an opponent's monster once again during this Battle Phase.",https://images.ygoprodeck.com/images/cards/70194827.jpg
78509901,Blade Garoodia the Cubic Beast,"Cannot be Normal Summoned/Set. Must first be Special Summoned (from your hand) by sending 2 ""Cubic"" monsters you control to the Graveyard. If Summoned this way, this card gains 2000 ATK. This card can make a second attack during each Battle Phase. When this card destroys a monster by battle: You can target up to 3 ""Vijam the Cubic Seed"" in your Graveyard; send this card to the Graveyard, and if you do, Special Summon them, then you can add 1 ""Buster Gundil the Cubic Behemoth"" from your Deck to your hand.",https://images.ygoprodeck.com/images/cards/78509901.jpg
39507162,Blade Knight,"Gains 400 ATK while you have 1 or less cards in your hand. If you control no other monsters, the effects of Flip monsters destroyed by battle with this card are negated.",https://images.ygoprodeck.com/images/cards/39507162.jpg
58268433,Blade Rabbit,"When this card is changed from Attack Position to face-up Defense Position, destroy 1 monster on your opponent's side of the field.",https://images.ygoprodeck.com/images/cards/58268433.jpg
97023549,Blade Skater,"An image of beauty on the ice, this gorgeous warrior rips her opponents into pieces with her stylish Accel Slicer attack.",https://images.ygoprodeck.com/images/cards/97023549.jpg
28470714,Bladefly,"As long as this card remains face-up on the field, increase the ATK of all WIND monsters by 500 points and decrease the ATK of all EARTH monsters by 400 points.",https://images.ygoprodeck.com/images/cards/28470714.jpg
11685347,Blast Asmodian,"If any Spell or Trap Card(s) are Chained, inflict 500 damage to your opponent.",https://images.ygoprodeck.com/images/cards/11685347.jpg
51208877,Blast Held by Destiny,"When an opponent's monster declares an attack: Destroy the 1 monster your opponent controls with the highest ATK (your choice, if tied), and if you do, inflict damage to your opponent equal to its original ATK, then if ""Exchange of the Spirit"" is not in your GY, you take damage equal to the damage they took. If this card is sent from the hand or Deck to the GY: You can target 1 Level 4 EARTH Fairy monster in your GY; add it to your hand. You can only use each effect of ""Blast Held by Destiny"" once per turn.",https://images.ygoprodeck.com/images/cards/51208877.jpg
89041555,Blast Held by a Tribute,"When an opponent's monster that was Tribute Summoned declares an attack: Destroy as many face-up Attack Position monsters they control as possible, and if you do, inflict 1000 damage to your opponent.",https://images.ygoprodeck.com/images/cards/89041555.jpg
70138455,Blast Juggler,You can only activate this effect during your Standby Phase. Tribute this face-up card to select and destroy 2 face-up monsters with an ATK 1000 or less.,https://images.ygoprodeck.com/images/cards/70138455.jpg
21051146,Blast Magician,"Each time a Spell Card is activated, place 1 Spell Counter on this card when that Spell Card resolves. You can remove any number of Spell Counters from this card, then target 1 face-up monster on the field with ATK less than or equal to the number of counters you removed x 700; destroy that target.",https://images.ygoprodeck.com/images/cards/21051146.jpg
26302522,Blast Sphere,"If this face-down Defense Position card was attacked by an opponent's monster, before damage calculation: Equip this card to the attacking monster. Then, during your opponent's next Standby Phase: Destroy the monster this card is equipped to, and if you do, inflict damage to your opponent equal to the ATK the destroyed monster had on the field.",https://images.ygoprodeck.com/images/cards/26302522.jpg
98239899,Blast with Chain,Target 1 face-up monster you control; equip this card to that target. It gains 500 ATK. If this card is destroyed by a card effect while equipped: Target 1 card on the field; destroy that target.,https://images.ygoprodeck.com/images/cards/98239899.jpg
53804307,"Blaster, Dragon Ruler of Infernos","If this card is in your hand or Graveyard: You can banish a total of 2 FIRE and/or Dragon-Type monsters from your hand and/or Graveyard, except this card; Special Summon this card. During your opponent's End Phase, if this card was Special Summoned: Return it to the hand. You can discard this card and 1 FIRE monster to the Graveyard, then target 1 card on the field; destroy that target. If this card is banished: You can add 1 FIRE Dragon-Type monster from your Deck to your hand. You can only use 1 ""Blaster, Dragon Ruler of Infernos"" effect per turn, and only once that turn.",https://images.ygoprodeck.com/images/cards/53804307.jpg
99788587,Blasting Fuse,Activate only when all zones of this card's column are occupied. Destroy all cards in this column.,https://images.ygoprodeck.com/images/cards/99788587.jpg
21466326,Blasting the Ruins,You can only activate this card if there are 30 or more cards in your Graveyard. Inflict 3000 points of damage to your opponent's Life Points.,https://images.ygoprodeck.com/images/cards/21466326.jpg
69537999,Blaze Accelerator,"You can target 1 monster your opponent controls; send 1 Pyro-Type monster with 500 or less ATK from your hand to the Graveyard, and if you do, destroy that target. You cannot declare an attack during the turn you activate this effect.",https://images.ygoprodeck.com/images/cards/69537999.jpg
300302024,Blaze Accelerator Deployment (Skill Card),"Once per turn, you can change the name of 1 ""Blaze Accelerator"" you control to ""Tri-Blaze Accelerator"". This Skill can be used twice per Duel.",https://images.ygoprodeck.com/images/cards/300302024.jpg
52198054,Blaze Accelerator Reload,"This card's name becomes ""Tri-Blaze Accelerator"" while in the Spell & Trap Zone. During either player's Main Phase: You can send 1 ""Volcanic"" card from your hand to the Graveyard, and if you do, draw 1 card. You can only use this effect of ""Blaze Accelerator Reload"" once per turn. During either player's Main Phase: You can banish this card from your Graveyard; send 1 ""Volcanic"" card from your Deck to the Graveyard.",https://images.ygoprodeck.com/images/cards/52198054.jpg
4059313,Blaze Cannon,"(This card is also always treated as a ""Blaze Accelerator"" card.)
One ""The Winged Dragon of Ra"" you control gains the following effects until the end of this turn. This card's activation and effect cannot be negated.
● This card is unaffected by your opponent's card effects.
● When an attack is declared involving this card: You can Tribute any number of other monsters that did not declare an attack this turn; this card gains ATK equal to the Tributed monsters' combined original ATK, until the end of this turn.
● After damage calculation, if this card attacked: You can send all monsters your opponent controls to the GY.",https://images.ygoprodeck.com/images/cards/4059313.jpg
6602300,"Blaze Fenix, the Burning Bombardment Bird","1 Machine-Type monster + 1 Pyro-Type monster
Once per turn, during your Main Phase: You can inflict 300 damage to your opponent for each card on the field. This card cannot attack during the turn you activate this effect.",https://images.ygoprodeck.com/images/cards/6602300.jpg
47132793,"Blaze, Supreme Ruler of all Dragons","2 Level 7 monsters
Once per turn: You can detach 1 material from this card; destroy 2 cards (1 from your hand or field, and 1 your opponent controls). You can banish a total of 2 FIRE and/or Dragon monsters from your hand and/or GY; Special Summon this card from your GY, but return it to the Extra Deck when it leaves the field. You can only use this effect of ""Blaze, Supreme Ruler of all Dragons"" once per turn.",https://images.ygoprodeck.com/images/cards/47132793.jpg
16984449,Blazewing Butterfly,"This card is treated as a Normal Monster while face-up on the field or in the Graveyard. While this card is a Normal Monster on the field, you can Normal Summon it to have it become an Effect Monster with this effect.
● You can Tribute this card, then target 1 Gemini monster in your Graveyard, except ""Blazewing Butterfly""; Special Summon that target, and if you do, it becomes an Effect Monster, and gains its effect.",https://images.ygoprodeck.com/images/cards/16984449.jpg
70117791,Blazing Bombardment Beast,"1 Machine monster + 1 Pyro monster
If this card is Special Summoned: You can destroy all monsters your opponent controls with 1900 or less ATK. If this card is sent to the GY: You can target 1 monster your opponent controls with 1900 or less ATK; destroy that monster, and if you do, inflict damage to your opponent equal to its original ATK. You can only use each effect of ""Blazing Bombardment Beast"" once per turn.",https://images.ygoprodeck.com/images/cards/70117791.jpg
95515789,"Blazing Cartesia, the Virtuous","If you control ""Fallen of Albaz"" or it is in your GY: You can Special Summon this card from your hand. During the Main Phase (Quick Effect): You can Fusion Summon 1 Level 8 or higher Fusion Monster from your Extra Deck, using monsters from your hand or field as material. During the End Phase, if a Fusion Monster(s) was sent to your GY this turn: You can add this card from the GY to your hand. You can only use each effect of ""Blazing Cartesia, the Virtuous"" once per turn.",https://images.ygoprodeck.com/images/cards/95515789.jpg
92518817,Blazing Hiita,"Once per turn, you can Tribute 1 FIRE monster (except this card) to Special Summon 1 FIRE monster from your hand. The monster Special Summoned by this effect is destroyed if ""Blazing Hiita"" is removed from your side of the field.",https://images.ygoprodeck.com/images/cards/92518817.jpg
5464695,Blazing Inpachi,"A wicked wooden spirit now burning in flames. Its fire attack is powerful, but it will soon be nothing but ashes.",https://images.ygoprodeck.com/images/cards/5464695.jpg
75249652,Blazing Mirror Force,"When an opponent's monster declares an attack: Destroy as many Attack Position monsters your opponent controls as possible, and if you do, take damage equal to half the combined original ATK of those destroyed monsters, then inflict damage to your opponent equal to the damage you took.",https://images.ygoprodeck.com/images/cards/75249652.jpg
15177750,Blessed Winds,"You can activate 1 of the following effects.
● Send 1 Plant monster from your hand or face-up field to the GY; gain 500 LP.
● Target 1 Plant monster in your GY; shuffle it into the Deck, then gain 500 LP.
● Pay 1000 LP; Special Summon 1 ""Aroma"" monster from your GY.
You can only use this effect of ""Blessed Winds"" once per turn.",https://images.ygoprodeck.com/images/cards/15177750.jpg
39114494,Blessing of the Voiceless Voice,"You can target 1 of your ""Voiceless Voice"" cards that is banished or in your GY, except ""Blessing of the Voiceless Voice""; add it to your hand. If a non-Ritual Monster(s) is Normal or Special Summoned face-up (except during the Damage Step): You can Ritual Summon 1 LIGHT Ritual Monster (Warrior or Dragon) from your hand, by Tributing monsters from your hand or field whose total Levels equal or exceed the Level of that Ritual Monster, and if you do, it cannot be destroyed by battle. You can only use each effect of ""Blessing of the Voiceless Voice"" once per turn.",https://images.ygoprodeck.com/images/cards/39114494.jpg
82422049,Blessings for Gusto,"Target 2 ""Gusto"" monsters in your Graveyard, plus a third ""Gusto"" monster in your Graveyard; shuffle both of the first 2 targets into your Deck, then Special Summon the third target.",https://images.ygoprodeck.com/images/cards/82422049.jpg
30653113,Blessings of the Nile,"Each time card(s) are discarded from your hand to the Graveyard by the effect of a card controlled by your opponent, increase your Life Points by 1000 points.",https://images.ygoprodeck.com/images/cards/30653113.jpg
32015116,Blind Destruction,"Once per turn, during your Standby Phase: Roll a six-sided die. If the result is 1-5, destroy all monsters on the field with the same Level as the number rolled. If it is 6, destroy all Level 6 and higher monsters on the field.",https://images.ygoprodeck.com/images/cards/32015116.jpg
22802010,Blind Obliteration,Roll a six-sided die twice and destroy all face-up monsters with Levels/Ranks lower than the total roll.,https://images.ygoprodeck.com/images/cards/22802010.jpg
49267971,Blind Spot Strike,"Select 1 face-up Defense Position monster your opponent controls and 1 face-up Attack Position monster you control. The monster you control gains ATK equal to the opponent's monster's DEF, until the End Phase.",https://images.ygoprodeck.com/images/cards/49267971.jpg
35215622,Blindly Loyal Goblin,"As long as this card remains face-up on the field, control of this card cannot switch.",https://images.ygoprodeck.com/images/cards/35215622.jpg
28279365,Blink Out,"Target 1 Link Monster on the field; return it to the Extra Deck, then you can Special Summon 1 of the monsters from your GY that was sent there as its Link Material.",https://images.ygoprodeck.com/images/cards/28279365.jpg
51706604,Blizzard,"Target 1 face-up Spell your opponent controls; this turn, negate the activated effects of that Spell and all Spells on the field with that same original name. If the targeted card would be sent to the opponent's GY this turn, it is added to their hand instead. You can only activate 1 ""Blizzard"" per turn.",https://images.ygoprodeck.com/images/cards/51706604.jpg
61802346,Blizzard Dragon,Once per turn: You can target 1 monster your opponent controls; it cannot change its battle position or declare an attack until the end of your opponent's next turn.,https://images.ygoprodeck.com/images/cards/61802346.jpg
43694481,Blizzard Falcon,"If this card's current ATK is higher than its original ATK: You can inflict 1500 damage to your opponent. This effect can only be used once while this card is face-up on the field. You can only use the effect of ""Blizzard Falcon"" once per turn.",https://images.ygoprodeck.com/images/cards/43694481.jpg
28348537,Blizzard Princess,"You can Tribute Summon this card in face-up Attack Position by Tributing 1 Spellcaster-Type monster. After this card was Normal Summoned, your opponent cannot activate Spell/Trap Cards for the rest of that turn.",https://images.ygoprodeck.com/images/cards/28348537.jpg
50920465,Blizzard Thunderbird,"You can discard 1 card; Special Summon 2 WATER Winged Beast-Type monsters, 1 from your hand and 1 from your Graveyard, except ""Blizzard Thunderbird"", then return this card from the field to the hand. You can only use this effect of ""Blizzard Thunderbird"" once per turn.",https://images.ygoprodeck.com/images/cards/50920465.jpg
96565487,Blizzard Warrior,"If this card destroys an opponent's monster by battle, look at the top card of their Deck, then return that card to either the top or the bottom of their Deck.",https://images.ygoprodeck.com/images/cards/96565487.jpg
60161788,"Blizzed, Defender of the Ice Barrier","When this card is destroyed by battle and sent to the Graveyard, draw 1 card.",https://images.ygoprodeck.com/images/cards/60161788.jpg
25880422,Block Attack,Target 1 face-up Attack Position monster your opponent controls; change that target to face-up Defense Position.,https://images.ygoprodeck.com/images/cards/25880422.jpg
94689206,Block Dragon,"Cannot be Normal Summoned/Set. Must be Special Summoned (from your hand or GY) by banishing 3 EARTH monsters from your hand and/or GY. Rock monsters you control cannot be destroyed, except by battle. If this card is sent from the field to the GY: You can add up to 3 Rock monsters from your Deck to your hand, whose total Levels equal 8. You can only use this effect of ""Block Dragon"" once per turn.",https://images.ygoprodeck.com/images/cards/94689206.jpg
72580321,Block Golem,"If all the monsters in your Graveyard are EARTH: You can Tribute this card to target 2 Level 4 or lower Rock-Type monsters in your Graveyard, except ""Block Golem""; Special Summon those targets, but their effects that activate on the field cannot be activated this turn.",https://images.ygoprodeck.com/images/cards/72580321.jpg
79636594,Block Spider,"Your opponent cannot target Insect-Type monsters for attacks, except this one. If this card is Special Summoned: You can Special Summon 1 ""Block Spider"" from your Deck. You can only use this effect of ""Block Spider"" once per turn.",https://images.ygoprodeck.com/images/cards/79636594.jpg
48115278,Block Token,"Special Summoned with the effect of ""Blockman"". This Token cannot declare an attack.",https://images.ygoprodeck.com/images/cards/48115278.jpg
34743446,Blocker,"Constructed from several components, this monster can launch them in a pincer attack.",https://images.ygoprodeck.com/images/cards/34743446.jpg
48115277,Blockman,"You can Tribute this card; Special Summon in Defense Position, a number of ""Block Tokens"" (Rock-Type/EARTH/Level 4/ATK 1000/DEF 1500) equal to the number of your turns this card has been face-up on your field. These Tokens cannot declare an attack.",https://images.ygoprodeck.com/images/cards/48115277.jpg
53167658,Blockout Curtain,"If a card(s) you control would be destroyed by battle or an opponent's card effect, you can destroy this card instead of 1 of those cards. If a card(s) your opponent controls would be destroyed by battle or card effect, you can banish this card from your GY instead of 1 of those cards. You can only use each effect of ""Blockout Curtain"" once per turn.",https://images.ygoprodeck.com/images/cards/53167658.jpg
30757396,Blood Mefist,"1 Tuner + 1 or more non-Tuner monsters
Once per turn, during your opponent's Standby Phase: You can inflict 300 damage to your opponent for each card your opponent controls. Each time your opponent Sets a Spell or Trap Card(s): Inflict 300 damage to your opponent.",https://images.ygoprodeck.com/images/cards/30757396.jpg
97783659,Blood Sucker,If this card inflicts battle damage to your opponent: Send the top card of their Deck to the GY.,https://images.ygoprodeck.com/images/cards/97783659.jpg
84988419,Bloom Diva the Melodious Choir,"1 ""Melodious Maestra"" monster + 1 ""Melodious"" monster
Cannot be destroyed by battle or card effects, also you take no battle damage from attacks involving this card. If this card battles a Special Summoned monster, after damage calculation: You can inflict damage to your opponent equal to the difference between the original ATK of that opponent's monster and this card, and if you do, destroy that opponent's monster.",https://images.ygoprodeck.com/images/cards/84988419.jpg
34974462,Bloom Harmonist the Melodious Composer,"2 Fairy monsters
If this card is Link Summoned: You can discard 1 card; Special Summon 2 ""Melodious"" monsters with different Levels from your Deck to your zones this card points to, in Defense Position. You cannot Special Summon monsters the turn you activate this effect, except ""Melodious"" monsters. You can only use this effect of ""Bloom Harmonist the Melodious Composer"" once per turn. If a ""Melodious"" monster this card points to attacks, your opponent cannot activate cards or effects until the end of the Damage Step.",https://images.ygoprodeck.com/images/cards/34974462.jpg
24672164,Bloom Prima the Melodious Choir,"1 ""Melodious Maestra"" monster + 1 or more ""Melodious"" monsters
This card gains 300 ATK for each Fusion Material used for its Fusion Summon. This card can make a second attack during each Battle Phase. If this Fusion Summoned card is sent to the Graveyard: You can target 1 ""Melodious"" monster in your Graveyard; add it to your hand.",https://images.ygoprodeck.com/images/cards/24672164.jpg
99092624,Blooming of the Darkest Rose,"Special Summon ""Rose Tokens"" (Plant/DARK/Level 2/ATK 800/DEF 800) in Defense Position to either field, up to the combined number of cards in the Field Zones and Field Spells in the GYs. If this card is in your GY: You can target 1 ""Black Rose Dragon"", or 1 Plant monster, in your Monster Zone; banish it, and if you do, place this card on the bottom of the Deck. During the next Standby Phase, return that banished monster to the field. You can only use this effect of ""Blooming of the Darkest Rose"" once per turn.",https://images.ygoprodeck.com/images/cards/99092624.jpg
13438207,Blossom Bombardment,When a Plant-Type monster you control destroys an opponent's monster by battle and sends it to the Graveyard: Inflict damage to your opponent equal to the destroyed monster's ATK in the Graveyard.,https://images.ygoprodeck.com/images/cards/13438207.jpg
25551951,Blowback Dragon,Once per turn: You can target 1 card your opponent controls; toss a coin 3 times and destroy that target if at least 2 of the results are heads.,https://images.ygoprodeck.com/images/cards/25551951.jpg
14568951,Blue Dragon Ninja,"Once per turn, during either player's turn: You can discard 1 ""Ninja"" monster and 1 ""Ninjitsu Art"" card to target 1 face-up monster your opponent controls; this turn, that monster's effects are negated, also that monster cannot attack.",https://images.ygoprodeck.com/images/cards/14568951.jpg
55969226,Blue Dragon Summoner,"If this card is sent from the field to the GY: You can add 1 Dragon, Warrior, or Spellcaster Normal Monster from your Deck to your hand.",https://images.ygoprodeck.com/images/cards/55969226.jpg
40217358,Blue Duston,"Cannot be used as a Fusion, Synchro, or Xyz Material for a Summon. While this card is face-up on the field, it cannot be Tributed. When this card on the field is destroyed: Banish 1 random card from its controller's hand, face-down, until the Standby Phase of the next turn. You can only control 1 face-up ""Blue Duston"".",https://images.ygoprodeck.com/images/cards/40217358.jpg
50903514,Blue Flame Swordsman,"Once per turn, during either player's Battle Phase: You can target 1 other Warrior-Type monster you control; this card loses exactly 600 ATK, and if it does, that monster gains 600 ATK. When this card you control is destroyed by your opponent's card (by battle or card effect) and sent to your Graveyard: You can banish this card from your Graveyard, then target 1 FIRE Warrior-Type monster in your Graveyard; Special Summon that target.",https://images.ygoprodeck.com/images/cards/50903514.jpg
20871001,Blue Medicine,Increase your Life Points by 400 points.,https://images.ygoprodeck.com/images/cards/20871001.jpg
54582424,Blue Mountain Butterspy,Cannot be Normal Summoned/Set. When you Normal Summon a Warrior monster: You can Special Summon this card from your hand. Cannot be used as Synchro Material.,https://images.ygoprodeck.com/images/cards/54582424.jpg
98884569,Blue Rose Dragon,"When this card on the field is destroyed and sent to the GY: You can target 1 ""Black Rose Dragon"" or 1 Plant monster in your GY; Special Summon that monster.",https://images.ygoprodeck.com/images/cards/98884569.jpg
14089428,Blue Thunder T-45,"If this card destroys an opponent's monster by battle: Special Summon 1 ""Thunder Option Token"" (Machine-Type/LIGHT/Level 4/ATK 1500/DEF 1500). This Token cannot be Tributed for a Tribute Summon.",https://images.ygoprodeck.com/images/cards/14089428.jpg
7953868,Blue-Blooded Oni,When this card is Normal or Flip Summoned: It is changed to Defense Position. Once per turn: You can detach 1 Xyz Material you control to target 1 Level 4 Zombie-Type monster in your Graveyard; Special Summon that target.,https://images.ygoprodeck.com/images/cards/7953868.jpg
35282433,Blue-Eyed Silver Zombie,The beams from the eyes of this creature are said to turn enemies into zombies.,https://images.ygoprodeck.com/images/cards/35282433.jpg
64202399,Blue-Eyes Abyss Dragon,"If this card is Special Summoned: You can add 1 Ritual Spell or 1 ""Polymerization"" from your Deck to your hand. During your End Phase: You can add 1 Level 8 or higher Dragon monster from your Deck to your hand. You can banish this card from your GY; all Level 8 or higher Dragon monsters you control gain 1000 ATK. You can only use each effect of ""Blue-Eyes Abyss Dragon"" once per turn, and can only activate them while ""Blue-Eyes White Dragon"" is on your field or in your GY.",https://images.ygoprodeck.com/images/cards/64202399.jpg
43228023,Blue-Eyes Alternative Ultimate Dragon,"""Blue-Eyes White Dragon"" + ""Blue-Eyes White Dragon"" + ""Blue-Eyes White Dragon""
Your opponent cannot target or destroy this card with card effects. Once per turn: You can target 1 card your opponent controls; destroy it. If this card was Fusion Summoned using a monster whose original name is ""Blue-Eyes Alternative White Dragon"" as material, you can target up to 3 cards your opponent controls instead. This card cannot attack the turn this effect is activated.",https://images.ygoprodeck.com/images/cards/43228023.jpg
38517737,Blue-Eyes Alternative White Dragon,"Cannot be Normal Summoned/Set. Must first be Special Summoned (from your hand) by revealing ""Blue-Eyes White Dragon"" in your hand. You can only Special Summon ""Blue-Eyes Alternative White Dragon"" once per turn this way. This card's name becomes ""Blue-Eyes White Dragon"" while it is on the field or in the Graveyard. Once per turn: You can target 1 monster your opponent controls; destroy it. This card cannot attack the turn this effect is activated.",https://images.ygoprodeck.com/images/cards/38517737.jpg
20654247,Blue-Eyes Chaos Dragon,"You can Ritual Summon this card with ""Chaos Form"". Must be Ritual Summoned. Your opponent cannot target this card with card effects, also it cannot be destroyed by your opponent's card effects. If this card was Ritual Summoned using ""Blue-Eyes White Dragon"", when it declares an attack: You can change the battle positions of as many monsters your opponent controls as possible, and if you do, the ATK/DEF of those changed monsters become 0, also, this turn, if this card attacks a Defense Position monster, inflict piercing battle damage.",https://images.ygoprodeck.com/images/cards/20654247.jpg
55410871,Blue-Eyes Chaos MAX Dragon,"You can Ritual Summon this card with ""Chaos Form"". Must be Ritual Summoned. Your opponent cannot target this card with card effects, also it cannot be destroyed by your opponent's card effects. If this card attacks a Defense Position monster, inflict double piercing battle damage.",https://images.ygoprodeck.com/images/cards/55410871.jpg
30576089,Blue-Eyes Jet Dragon,"Other cards you control cannot be destroyed by your opponent's card effects. You can only use each of the following effects of ""Blue-Eyes Jet Dragon"" once per turn, and can only activate them while ""Blue-Eyes White Dragon"" is on your field or in your GY. If a card(s) on the field is destroyed by battle or card effect: You can Special Summon this card from the GY (if it was there when the card was destroyed) or hand (even if not). At the start of the Damage Step, if this card battles: You can target 1 card your opponent controls; return it to the hand.",https://images.ygoprodeck.com/images/cards/30576089.jpg
53347303,Blue-Eyes Shining Dragon,"Cannot be Normal Summoned/Set. Must be Special Summoned (from your hand) by Tributing 1 ""Blue-Eyes Ultimate Dragon"". Gains 300 ATK for each Dragon monster in your GY. When a card or effect is activated that targets this card (Quick Effect): You can negate that effect.",https://images.ygoprodeck.com/images/cards/53347303.jpg
57043986,Blue-Eyes Solid Dragon,"If this card is Normal or Special Summoned: You can target 1 face-up monster your opponent controls; negate its effects. When your opponent activates a card or effect (Quick Effect): You can shuffle this card from the field into the Deck, and if you do, Special Summon 1 ""Blue-Eyes White Dragon"" from your Deck. You can only use each effect of ""Blue-Eyes Solid Dragon"" once per turn.",https://images.ygoprodeck.com/images/cards/57043986.jpg
59822133,Blue-Eyes Spirit Dragon,"1 Tuner + 1 or more non-Tuner ""Blue-Eyes"" monsters
Neither player can Special Summon 2 or more monsters at the same time. Once per turn, during either player's turn, when an effect of a card in the Graveyard is activated: You can negate the activation. During either player's turn: You can Tribute this Synchro Summoned card; Special Summon 1 LIGHT Dragon-Type Synchro Monster from your Extra Deck in Defense Position, except ""Blue-Eyes Spirit Dragon"", but destroy it during the End Phase of this turn.",https://images.ygoprodeck.com/images/cards/59822133.jpg
100347032,Blue-Eyes Spirit Ultimate Dragon,"2+ Tuners + 1 non-Tuner ""Blue-Eyes"" monster
Your opponent cannot banish cards from your GY. You can only use each of the following effects of ""Blue-Eyes Spirit Ultimate Dragon"" once per turn. When a card or effect is activated on the field (Quick Effect): You can negate the activation, and if you do, this card gains 1000 ATK until the end of this turn. If this card is destroyed by battle or card effect: You can Special Summon 1 LIGHT Dragon monster from your GY, except ""Blue-Eyes Spirit Ultimate Dragon"".",https://images.ygoprodeck.com/images/cards/100347032.jpg
53183600,Blue-Eyes Toon Dragon,"Cannot be Normal Summoned/Set. Must first be Special Summoned (from your hand) by Tributing 2 monsters, while you control ""Toon World"". Cannot attack the turn it is Special Summoned. You must pay 500 LP to declare an attack with this monster. If ""Toon World"" on the field is destroyed, destroy this card. Can attack your opponent directly, unless they control a Toon monster, in which case this card must target a Toon monster for its attacks.",https://images.ygoprodeck.com/images/cards/53183600.jpg
2129638,Blue-Eyes Twin Burst Dragon,"""Blue-Eyes White Dragon"" + ""Blue-Eyes White Dragon""
Must be either Fusion Summoned, or Special Summoned by sending the above monsters you control to the GY (in which case you do not use ""Polymerization""). Cannot be destroyed by battle. This card can make up to 2 attacks on monsters during each Battle Phase. At the end of the Damage Step, when this card attacks an opponent's monster, but the opponent's monster was not destroyed by the battle: You can banish that opponent's monster.",https://images.ygoprodeck.com/images/cards/2129638.jpg
11443677,Blue-Eyes Tyrant Dragon,"""Blue-Eyes White Dragon"" + 1 Dragon monster
Must first be either Fusion Summoned, or Special Summoned from your Extra Deck by Tributing 1 ""Blue-Eyes White Dragon"" equipped with a Fusion Monster. Unaffected by Trap Cards or effects. This card can attack all monsters your opponent controls, once each. Once per turn, at the end of the Damage Step, if this card battled: You can target 1 Trap in your GY; Set it to your Spell & Trap Zone.",https://images.ygoprodeck.com/images/cards/11443677.jpg
23995346,Blue-Eyes Ultimate Dragon,"""Blue-Eyes White Dragon"" + ""Blue-Eyes White Dragon"" + ""Blue-Eyes White Dragon""",https://images.ygoprodeck.com/images/cards/23995346.jpg
89631139,Blue-Eyes White Dragon,"This legendary dragon is a powerful engine of destruction. Virtually invincible, very few have faced this awesome creature and lived to tell the tale.",https://images.ygoprodeck.com/images/cards/89631139.jpg
54475145,Blue-Eyes of the Heart,"(This card is always treated as a ""Millennium"" card.)
You can discard this card; add 1 ""Millennium Ankh"" from your Deck to your hand. You can only use this effect of ""Blue-Eyes of the Heart"" once per turn. Possession of this card cannot switch. If your opponent Normal or Special Summons a Level 8 or higher monster(s), and/or a monster(s) with 3000 or more ATK, while this card is in your GY (except during the Damage Step): You can send that monster(s) to the GY, and if you do, Special Summon this card. You can only use this effect of ""Blue-Eyes of the Heart"" once per Duel, and only during a Duel you activated ""Millennium Ankh"".",https://images.ygoprodeck.com/images/cards/54475145.jpg
41396436,Blue-Winged Crown,"With hair shaped like a crown and a body encased in bluish white flames, this bird is a formidable sight.",https://images.ygoprodeck.com/images/cards/41396436.jpg
55349375,"Bluebeard, the Plunder Patroll Shipwright","If you control a ""Plunder Patroll"" monster, except ""Bluebeard, the Plunder Patroll Shipwright"": You can Special Summon this card from your hand. If this card is sent from the hand or Monster Zone to the GY: You can discard 1 card; draw 1 card. You can only use each effect of ""Bluebeard, the Plunder Patroll Shipwright"" once per turn.",https://images.ygoprodeck.com/images/cards/55349375.jpg
22346472,Blustering Winds,Target 1 face-up monster you control; it gains 1000 ATK and DEF until your next Standby Phase.,https://images.ygoprodeck.com/images/cards/22346472.jpg
21340051,Boar Soldier,"If this card is Normal Summoned, destroy this card. If your opponent controls 1 or more monsters, decrease the ATK of this card by 1000 points.",https://images.ygoprodeck.com/images/cards/21340051.jpg
8715625,Bokoichi the Freightening Car,"A freight car that is exclusively for Dekoichi. It can transport anything, but most cargo arrives broken.",https://images.ygoprodeck.com/images/cards/8715625.jpg
12146024,Bolt Escargot,"After rendering an opponent immobile by spitting a sticky goo, this monster closes in for the attack.",https://images.ygoprodeck.com/images/cards/12146024.jpg
48531733,Bolt Penguin,"With each arm forming an electric whip, this monster paralyzes its enemies with electric shocks.",https://images.ygoprodeck.com/images/cards/48531733.jpg
57409948,Bombardment Beetle,"FLIP: Pick up and see 1 face-down Defense Position Monster Card on your opponent's side of the field. If it is an Effect Monster, destroy it (its Flip Effect is not activated), and if the card is not, return it to its original position.",https://images.ygoprodeck.com/images/cards/57409948.jpg
60709218,Bond Between Teacher and Student,"If you control ""Dark Magician"": Special Summon 1 ""Dark Magician Girl"" from your hand, Deck, or GY, then, you can Set 1 ""Dark Magic Attack"", ""Dark Burning Attack"", ""Dark Burning Magic"", or ""Dark Magic Twin Burst"" directly from your Deck. You can only activate 1 ""Bond Between Teacher and Student"" per turn.",https://images.ygoprodeck.com/images/cards/60709218.jpg
79402185,Bonding - D2O,"Tribute 2 ""Duoterion"" and 1 ""Oxygeddon"" in your hand and/or field; Special Summon 1 ""Water Dragon"" or ""Water Dragon Cluster"" from your hand, Deck, or GY. (This is treated as a Special Summon with the effect of ""Bonding - H2O"".) If ""Water Dragon"" or ""Water Dragon Cluster"" is sent from the field to your GY while this card is in your GY: Add this card to your hand. You can only use this effect of ""Bonding - D2O"" once per turn.",https://images.ygoprodeck.com/images/cards/79402185.jpg
6890729,Bonding - DHO,"Shuffle 1 ""Duoterion"", 1 ""Hydrogeddon"", and 1 ""Oxygeddon"" from your hand and/or GY into the Deck; Special Summon 1 ""Water Dragon Cluster"" from your hand or GY. You can banish this card from your GY; add 1 ""Water Dragon"" or ""Water Dragon Cluster"" from your Deck or GY to your hand.",https://images.ygoprodeck.com/images/cards/6890729.jpg
45898858,Bonding - H2O,"Tribute 2 ""Hydrogeddon"" and 1 ""Oxygeddon""; Special Summon 1 ""Water Dragon"" from your hand, Deck, or GY.",https://images.ygoprodeck.com/images/cards/45898858.jpg
25784595,Bone Archfiend,"If this card is in your hand or GY: You can send 1 other card from your hand or field to the GY; Special Summon this card, also you cannot Special Summon monsters from the Extra Deck for the rest of this turn, except DARK Dragon Synchro Monsters. You can target 1 face-up monster you control that has a Level; send 1 Fiend Tuner from your hand or Deck to the GY, and if you do, increase or decrease that monster's Level by 1. You can only use each effect of ""Bone Archfiend"" once per turn.",https://images.ygoprodeck.com/images/cards/25784595.jpg
37675138,Bone Crusher,When this card is Special Summoned from your Graveyard by the effect of a Zombie-Type monster: You can target 1 Spell/Trap Card your opponent controls; destroy that target. During the End Phase of the turn this card was Special Summoned: Destroy it.,https://images.ygoprodeck.com/images/cards/37675138.jpg
21239280,Bone Mouse,A mouse that has returned as a zombie to seek revenge on cats.,https://images.ygoprodeck.com/images/cards/21239280.jpg
47778083,Bone Temple Block,"Discard 1 card. Special Summon 1 Level 4 or lower monster from your opponent's Graveyard to your side of the field, and your opponent Special Summons 1 Level 4 or lower monster from your Graveyard to your opponent's side of the field. Those monsters are destroyed during the End Phase of the next turn.",https://images.ygoprodeck.com/images/cards/47778083.jpg
98456117,Boneheimer,"This monster wanders the seas, sucking dry any creatures it may encounter.",https://images.ygoprodeck.com/images/cards/98456117.jpg
85106525,Bonfire,"Add 1 Level 4 or lower Pyro monster from your Deck to your hand. You can only activate 1 ""Bonfire"" per turn.",https://images.ygoprodeck.com/images/cards/85106525.jpg
59834564,Bonfire Colossus,"If you control a FIRE monster, you can Special Summon this card (from your hand). When this card is Special Summoned: Target 2 FIRE monsters you control; destroy those targets.",https://images.ygoprodeck.com/images/cards/59834564.jpg
263926,Bonze Alone,Cannot be Normal or Special Summoned if you control a monster. You can Special Summon this card (from your hand) in Attack Position. If another monster(s) is Summoned to your field while you control this monster: Destroy this card.,https://images.ygoprodeck.com/images/cards/263926.jpg
68963107,Boo Koo,A book-like wizard with a wealth of magic written inside.,https://images.ygoprodeck.com/images/cards/68963107.jpg
27923575,Boo-Boo Game,"During damage calculation, if a monster battles: You take no battle damage from that battle. If this Set card in its owner's control is destroyed by your opponent's card effect and sent to the GY: You can target up to 2 Normal Traps in your GY, except ""Boo-Boo Game""; Set them to your field. They can be activated this turn. You can only use this effect of ""Boo-Boo Game"" once per turn.",https://images.ygoprodeck.com/images/cards/27923575.jpg
24425055,Booby Trap E,Discard 1 card; Set 1 Continuous Trap Card from your hand or Graveyard to your field. That Set card can be activated during this turn.,https://images.ygoprodeck.com/images/cards/24425055.jpg
96704974,Boogie Trap,"Discard 2 cards, then target 1 Trap in your GY; Set that target. It can be activated this turn. You can only activate 1 ""Boogie Trap"" per turn.",https://images.ygoprodeck.com/images/cards/96704974.jpg
35480699,Book of Eclipse,"Change all face-up monsters on the field to face-down Defense Position. During the End Phase of this turn, change as many face-down Defense Position monsters your opponent controls as possible to face-up Defense Position, then your opponent draws cards equal to the number of monsters changed face-up by this effect.",https://images.ygoprodeck.com/images/cards/35480699.jpg
2204140,Book of Life,"Target 1 Zombie monster in your GY and 1 monster in your opponent's GY; Special Summon the first target, also banish the second target.",https://images.ygoprodeck.com/images/cards/2204140.jpg
31834488,Book of Lunar Eclipse,"Discard 1 card, then target 2 face-up monsters on the field; change them to face-down Defense Position.",https://images.ygoprodeck.com/images/cards/31834488.jpg
14087893,Book of Moon,Target 1 face-up monster on the field; change that target to face-down Defense Position.,https://images.ygoprodeck.com/images/cards/14087893.jpg
91595718,Book of Secret Arts,A Spellcaster-Type monster equipped with this card increases its ATK and DEF by 300 points.,https://images.ygoprodeck.com/images/cards/91595718.jpg
38699854,Book of Taiyou,Flip 1 face-down monster on the field into face-up Attack Position.,https://images.ygoprodeck.com/images/cards/38699854.jpg
14839621,Boompoline!!,Activate this card by choosing 1 unused Monster Zone. If an Effect Monster is Special Summoned to that zone: Return both the monster in that zone and this card to the hand.,https://images.ygoprodeck.com/images/cards/14839621.jpg
12986778,Boon of the Meklord Emperor,"If the only face-up monsters on the field are 2 ""Meklord"" monsters: Draw 2 cards. You cannot conduct your Battle Phase the turn you activate this card.",https://images.ygoprodeck.com/images/cards/12986778.jpg
80457744,Boost Warrior,"If you control a face-up Tuner monster, you can Special Summon this card from your hand in face-up Defense Position. All Warrior-Type monsters you control gain 300 ATK.",https://images.ygoprodeck.com/images/cards/80457744.jpg
12023931,Booster Dragon,"2 ""Rokket"" monsters
Once per turn: You can target 1 other face-up monster on the field; it gains 500 ATK/DEF. Your opponent cannot activate cards or effects in response to this effect's activation. If this Link Summoned card is destroyed by battle or card effect and sent to the GY: You can target 1 other Dragon monster in your GY; Special Summon it. You can only use this effect of ""Booster Dragon"" once per turn.",https://images.ygoprodeck.com/images/cards/12023931.jpg
36668118,Boot Sector Launch,"All ""Rokket"" monsters on the field gain 300 ATK/DEF.
You can activate 1 of these effects;
● Special Summon up to 2 ""Rokket"" monsters with different names from your hand in Defense Position.
● If your opponent controls more monsters than you do: Special Summon ""Rokket"" monsters with different names from your GY in Defense Position, up to the difference.
You can only use this effect of ""Boot Sector Launch"" once per turn.",https://images.ygoprodeck.com/images/cards/36668118.jpg
70950698,Boot Staggered,"When a Cyberse monster is Normal Summoned to your field: You can Special Summon this card from your hand. You can only use this effect of ""Boot Staggered"" once per turn. When this card inflicts battle damage to your opponent: You can Special Summon 1 ""Stag Token"" (Cyberse/EARTH/Level 1/ATK 0/DEF 0).",https://images.ygoprodeck.com/images/cards/70950698.jpg
36322312,Boot-Up Admiral - Destroyer Dynamo,"Cannot be Normal Summoned/Set. Must be Special Summoned (from your hand) by sending 2 ""Gadget"" Monster Cards from your hand and/or face-up field to the GY. Cannot be destroyed by battle or card effects while you control a ""Gadget"" monster or a ""Gadget"" Monster Card equipped to a monster. Once per turn: You can target 1 other card on the field; destroy it.",https://images.ygoprodeck.com/images/cards/36322312.jpg
938717,Boot-Up Corporal - Command Dynamo,"You can target up to 2 Machine ""Gadget"" monsters you control or in your GY with different names; Special Summon this card from your hand, then equip those targets to this card (regardless of their Type). You can only use this effect of ""Boot-Up Corporal - Command Dynamo"" once per turn. Gains 1000 ATK for each monster equipped to this card by this effect.",https://images.ygoprodeck.com/images/cards/938717.jpg
63717421,Boot-Up Order - Gear Charge,"When this card is activated: You can target any number of ""Gadget"" Monster Cards you control that are equipped to a monster; Special Summon them. You can discard 1 card; add 1 ""Boot-Up Admiral - Destroyer Dynamo"" from your Deck to your hand. You can only use this effect of ""Boot-Up Order - Gear Charge"" once per turn. You can only activate 1 ""Boot-Up Order - Gear Charge"" per turn.",https://images.ygoprodeck.com/images/cards/63717421.jpg
9715126,Boot-Up Order - Gear Force,"When either player's monster declares an attack and all monsters you control are face-up Machine monsters (min. 1): Destroy Attack Position monsters your opponent controls, up to the number of Machine monsters you control.",https://images.ygoprodeck.com/images/cards/9715126.jpg
13316346,Boot-Up Soldier - Dread Dynamo,"While you control a ""Gadget"" monster, this card gains 2000 ATK.",https://images.ygoprodeck.com/images/cards/13316346.jpg
96699830,Born from Draconis,"Banish all LIGHT Machine monsters from your GY and face-up from your field; Special Summon 1 Level 6 or higher LIGHT Machine monster from your hand, ignoring its Summoning conditions, and if you do, its ATK/DEF become equal to the number of monsters banished to activate this card x 500, also it is unaffected by card effects, except its own and this card's. You cannot Special Summon other monsters the turn you activate this card.",https://images.ygoprodeck.com/images/cards/96699830.jpg
62753201,Borrel Cooling,"Tribute 1 ""Rokket"" monster, then target 1 ""Borrel"" Link Monster you control; equip it with this card. If this card is equipped to a monster by this effect, the equipped monster gains this effect.
● Once per turn (Quick Effect): You can target 1 monster you control; it cannot be destroyed by battle or card effect this turn.",https://images.ygoprodeck.com/images/cards/62753201.jpg
6556178,Borrel Regenerator,"Activate this card by targeting 1 ""Rokket"" monster in your GY; Special Summon it and equip it with this card, but banish it when this card leaves the field. If this card is sent to the GY because the equipped monster is destroyed: You can draw 1 card. You can only use each effect of ""Borrel Regenerator"" once per turn.",https://images.ygoprodeck.com/images/cards/6556178.jpg
30131474,Borrel Supplier,"During each Standby Phase, if you control a ""Borrel"" Link Monster: You can target 1 ""Rokket"" monster in your GY; Special Summon it, but destroy it during the End Phase. You can only use this effect of ""Borrel Supplier"" once per turn.",https://images.ygoprodeck.com/images/cards/30131474.jpg
67288539,Borrelcode Dragon,"2+ Effect Monsters
This card cannot be destroyed by card effects while a Link Monster points to it. You can only use each of the following effects of ""Borrelcode Dragon"" once per turn. At the start of the Damage Step, if this card that was Link Summoned using 3 monsters as material battles an opponent's monster: You can destroy all monsters on the field. You can banish this card from your GY; banish 1 DARK monster with 3000 or more ATK from the field, and if you do, Special Summon 1 ""Topologic"" monster from your Extra Deck or GY.",https://images.ygoprodeck.com/images/cards/67288539.jpg
98630720,Borrelend Dragon,"3+ Effect Monsters
Cannot be destroyed by battle or card effects, also neither player can target this card with monster effects. This card can attack all monsters your opponent controls, once each. (Quick Effect): You can target 1 Effect Monster on the field and 1 ""Rokket"" monster in your GY; negate the effects of that monster on the field, and if you do, Special Summon that monster from your GY. Your opponent cannot activate cards or effects in response to this effect's activation. You can only use this effect of ""Borrelend Dragon"" once per turn.",https://images.ygoprodeck.com/images/cards/98630720.jpg
68987122,Borrelguard Dragon,"3+ Effect Monsters
Cannot be destroyed by card effects. Once per turn: You can send 1 card from your Spell & Trap Zone to the GY; Special Summon from either GY to your field, 1 monster that was destroyed and sent there this turn, but negate its effects. Once per turn (Quick Effect): You can target 1 monster on the field; change it to face-up Defense Position. Your opponent cannot activate cards or effects in response to this effect's activation.",https://images.ygoprodeck.com/images/cards/68987122.jpg
31833039,Borreload Dragon,"3+ Effect Monsters
Neither player can target this card with monster effects. Once per turn (Quick Effect): You can target 1 face-up monster on the field; it loses 500 ATK/DEF. Your opponent cannot activate cards or effects in response to this effect's activation. At the start of the Damage Step, if this card attacks an opponent's monster: You can place that opponent's monster in a zone this card points to and take control of it, but send it to the GY during the End Phase of the next turn.",https://images.ygoprodeck.com/images/cards/31833039.jpg
92892239,Borreload Furious Dragon,"2 DARK Dragon monsters
(Quick Effect): You can target 1 monster you control and 1 card your opponent controls; destroy them. You can banish this card from your GY, then target 1 DARK Link Monster in your GY; Special Summon it, but it cannot activate its effects this turn. You can only use each effect of ""Borreload Furious Dragon"" once per turn.",https://images.ygoprodeck.com/images/cards/92892239.jpg
7987191,Borreload Riot Dragon,"You can Ritual Summon this card with ""Heavy Interlock"". When your opponent Special Summons a monster(s) (Quick Effect): You can negate the Special Summon, and if you do, destroy that monster(s), then destroy this card or 1 ""Rokket"" monster you control. If this card is in your GY: You can target 1 ""Borrel"" or ""Rokket"" monster in your GY; destroy 1 card you control or in your hand, and if you do, add that target to your hand. You can only use each effect of ""Borreload Riot Dragon"" once per turn.",https://images.ygoprodeck.com/images/cards/7987191.jpg
27548199,Borreload Savage Dragon,"1 Tuner + 1+ non-Tuner monsters
If this card is Synchro Summoned: You can equip 1 Link Monster from your GY to this card, and if you do, place Borrel Counters on this card equal to that Link Monster's Link Rating. This card gains ATK equal to half the ATK of the monster equipped to it by its effect. When your opponent activates a card or effect (Quick Effect): You can remove 1 Borrel Counter from this card; negate the activation. You can only use this effect of ""Borreload Savage Dragon"" once per turn.",https://images.ygoprodeck.com/images/cards/27548199.jpg
6247535,Borreload eXcharge Dragon,"2 Level 4 DARK Dragon monsters
Neither player can target this Xyz Summoned card with monster effects, except its own. Once per turn: You can detach 1 material from this card, then target 1 face-up monster on the field; it loses 600 ATK/DEF, then, you can Special Summon 1 ""Borrel"" monster from your GY, but banish it during the End Phase, also you cannot Special Summon other monsters or attack directly for the rest of this turn.",https://images.ygoprodeck.com/images/cards/6247535.jpg
85289966,Borrelsword Dragon,"3+ Effect Monsters
Cannot be destroyed by battle. Once per turn (Quick Effect): You can target 1 Attack Position monster; change it to Defense Position, also, this card can make a second attack during each Battle Phase this turn. Your opponent cannot activate cards or effects in response to this effect's activation. Once per turn, when this card declares an attack on a face-up monster: You can activate this effect; until the end of this turn, this card gains ATK equal to half that monster's current ATK, and if it does, that monster's current ATK is halved.",https://images.ygoprodeck.com/images/cards/85289966.jpg
66947414,Boss Rush,"You cannot Normal Summon or Set. During the End Phase of the turn that a ""B.E.S."" monster or a ""Big Core"" is destroyed and sent to the Graveyard, you can Special Summon 1 ""B.E.S."" monster or 1 ""Big Core"" from your Deck.",https://images.ygoprodeck.com/images/cards/66947414.jpg
84824601,Botanical Girl,"When this card is sent from the field to the Graveyard, you can add 1 Plant-Type monster with 1000 or less DEF from your Deck to your hand.",https://images.ygoprodeck.com/images/cards/84824601.jpg
20546916,Botanical Lion,This card gains 300 ATK for each Plant-Type monster you control. Control of this face-up card on the field cannot switch.,https://images.ygoprodeck.com/images/cards/20546916.jpg
81386177,Bottom Dweller,This is one sea creature whose wrath is something monsters fear to face.,https://images.ygoprodeck.com/images/cards/81386177.jpg
76532077,Bottomless Shifting Sand,"At the end of your opponent's turn, destroy the face-up monster(s) with the highest ATK on the field. During your own Standby Phase, if you have 4 or less cards in your hand, this card is destroyed.",https://images.ygoprodeck.com/images/cards/76532077.jpg
29401950,Bottomless Trap Hole,"When your opponent Summons a monster(s) with 1500 or more ATK: Destroy that monster(s) with 1500 or more ATK, and if you do, banish it.",https://images.ygoprodeck.com/images/cards/29401950.jpg
9540040,Boulder Tortoise,A stone turtle that is nearly indestructible.,https://images.ygoprodeck.com/images/cards/9540040.jpg
53610653,Bound Wand,"Equip only to a Spellcaster monster that has a Level. It gains ATK equal to its Level x 100. If the equipped monster is destroyed by your opponent's card and sent to the GY, and this card is sent to your GY as a result: You can Special Summon that monster.",https://images.ygoprodeck.com/images/cards/53610653.jpg
32296881,Bountiful Artemis,"Each time a Counter Trap Card is activated, immediately after it resolves, draw 1 card.",https://images.ygoprodeck.com/images/cards/32296881.jpg
48582558,Bounzer Guard,"Target 1 face-up ""Bounzer"" monster you control; this turn, it cannot be targeted by other card effects, or be destroyed by battle. This turn, if an opponent's monster attacks, it must target that monster for an attack if it is still on the field.",https://images.ygoprodeck.com/images/cards/48582558.jpg
52090844,Bowganian,"Once per turn, during your Standby Phase: Inflict 600 damage to your opponent.",https://images.ygoprodeck.com/images/cards/52090844.jpg
55351724,Bownty,"If your attacking monster destroys an opponent's monster by battle: Target 1 card in your GY; add it to your hand, but for the rest of this turn you cannot activate cards, or the effects of cards, with the same name as the added card had once it was in your hand. You can only activate 1 ""Bownty"" per turn.",https://images.ygoprodeck.com/images/cards/55351724.jpg
81587028,Box of Friends,"If this card is destroyed and sent to the GY: You can Special Summon from your Deck, 2 Normal Monsters with different names whose ATK or DEF is 0, in face-up Defense Position, but they cannot be used as Synchro Material, also they are destroyed during your next End Phase. You can only use this effect of ""Box of Friends"" once per turn.",https://images.ygoprodeck.com/images/cards/81587028.jpg
45025640,Boycotton,"You take any battle damage your opponent would have taken from battles involving this card, instead. If this card battles, is not destroyed, and you took damage from that battle: Return this card to the hand.",https://images.ygoprodeck.com/images/cards/45025640.jpg
16507828,Bracchio-raidus,"""Two-Headed King Rex"" + ""Crawling Dragon #2""",https://images.ygoprodeck.com/images/cards/16507828.jpg
87910978,Brain Control,"Pay 800 LP, then target 1 face-up monster your opponent controls that can be Normal Summoned/Set; take control of that target until the End Phase.",https://images.ygoprodeck.com/images/cards/87910978.jpg
81919143,Brain Crusher,"Once per turn, during the End Phase, if this card destroyed an opponent's monster by battle and sent it to the Graveyard this turn while you controlled it: You can target 1 of those destroyed monsters in the Graveyard; Special Summon that target.",https://images.ygoprodeck.com/images/cards/81919143.jpg
17313545,Brain Golem,"Effects of face-up LIGHT monsters are negated. If this card destroys a LIGHT monster by battle, it can attack once again in a row.",https://images.ygoprodeck.com/images/cards/17313545.jpg
39531794,Brain Hazard,"Select 1 of your removed from play Psychic-Type monsters, and Special Summon it. When this card is removed from the field, destroy that monster. When that monster is destroyed, destroy this card.",https://images.ygoprodeck.com/images/cards/39531794.jpg
40267580,Brain Jacker,FLIP: Equip this card to a monster on your opponent's side of the field and treat it as an Equip Card. Take control of the equipped monster. Your opponent gains 500 Life Points during each of their Standby Phases.,https://images.ygoprodeck.com/images/cards/40267580.jpg
85668449,Brain Research Lab,"Once per turn, you can Normal Summon 1 Psychic-Type monster in addition to your Normal Summon or Set. If successful, place 1 Psychic Counter on this card. You can also place 1 Psychic Counter on this card instead of paying Life Points to activate any Psychic-Type monster's effect that you control. When this card is removed from the field, the controller of this card takes 1000 damage for each Psychic Counter on it.",https://images.ygoprodeck.com/images/cards/85668449.jpg
59258334,Brainwashing Beam,"Select 1 monster with at least 1 A-Counter on your opponent's side of the field and take control of that monster. During each of your End Phases, remove 1 A-Counter from that controlled monster. If all A-Counters are removed from that monster, or that monster is destroyed, destroy this card.",https://images.ygoprodeck.com/images/cards/59258334.jpg
30548775,Branch!,When a Fusion Monster(s) on the field is destroyed by battle or card effect and sent to the Graveyard: You can target 1 of the Fusion Materials in your Graveyard that was used for its Fusion Summon; Special Summon it.,https://images.ygoprodeck.com/images/cards/30548775.jpg
6763530,Branded Banishment,"Target 1 ""Despia"" monster or 1 Level 8 or higher Fusion Monster in your GY; Special Summon it, then you can apply this effect.
● Fusion Summon 1 Level 8 or higher Fusion Monster from your Extra Deck, by banishing Fusion Materials listed on it from either field.
You can only activate 1 ""Branded Banishment"" per turn.",https://images.ygoprodeck.com/images/cards/6763530.jpg
32756828,Branded Beast,"Once per turn, during the Main Phase, if you control a ""Bystial"" monster: You can Tribute 1 Dragon monster, then target 1 card your opponent controls; destroy it. During the End Phase: You can target 1 ""Branded"" Continuous Spell/Trap in your GY; place it face-up on your field. You can only use this effect of ""Branded Beast"" once per turn.",https://images.ygoprodeck.com/images/cards/32756828.jpg
60442460,Branded Befallen,"Once per turn, when your opponent activates a card or effect that targets 1 ""Bystial"" monster you control (and no other cards), or when your opponent activates a card or effect in response to the activation of your ""Bystial"" monster effect: You can target 1 LIGHT or DARK monster in either GY; banish it, and if you do, negate that activated effect.",https://images.ygoprodeck.com/images/cards/60442460.jpg
62022479,Branded Bond,"Special Summon 1 of your ""Fallen of Albaz"" that is banished, in your hand, or in your GY. During the End Phase, if this card is in the GY because it was sent there to activate the effect of ""Fallen of Albaz"" this turn: You can Set this card. You can only use each effect of ""Branded Bond"" once per turn.",https://images.ygoprodeck.com/images/cards/62022479.jpg
34536828,Branded Disciple,"When a monster effect activated by your opponent resolves, if that opponent's monster has 0 ATK or DEF, and you control a Level 8 or higher Fiend Fusion Monster, you can negate that activated effect. At the end of the Damage Step, if monsters with 0 ATK battled each other: You can destroy your opponent's battling monster. You can only use each effect of ""Branded Disciple"" once per turn.",https://images.ygoprodeck.com/images/cards/34536828.jpg
1041278,Branded Expulsion,"Tribute 1 Fusion Monster, then target 2 non-Fusion Monsters that are banished and/or in either GY; Special Summon both monsters, 1 on each field. If you Tributed a Fusion Monster that mentions ""Fallen of Albaz"" as material to activate this card, you can Special Summon both monsters to your field instead, in Defense Position. You can only activate 1 ""Branded Expulsion"" per turn.",https://images.ygoprodeck.com/images/cards/1041278.jpg
44362883,Branded Fusion,"Fusion Summon 1 Fusion Monster that mentions ""Fallen of Albaz"" as material from your Extra Deck, using 2 monsters from your hand, Deck, or field as Fusion Material. You cannot Special Summon monsters from the Extra Deck, except Fusion Monsters, the turn you activate this card. You can only activate 1 ""Branded Fusion"" per turn.",https://images.ygoprodeck.com/images/cards/44362883.jpg
10065487,Branded Loss,"Target 1 monster your opponent controls that was Special Summoned from the Extra Deck and 1 Fusion Monster you control; shuffle them into the Deck(s), also, during the End Phase of this turn, each player can Special Summon 1 Fusion Monster that mentions ""Fallen of Albaz"" as material from their own Extra Deck. You can only activate 1 ""Branded Loss"" per turn.",https://images.ygoprodeck.com/images/cards/10065487.jpg
18973184,Branded Lost,"The activation of your cards and effects that include an effect that Fusion Summons a Fusion Monster cannot be negated, also your opponent cannot activate cards or effects when a monster is Fusion Summoned this way. If you Fusion Summon a Fusion Monster: You can add 1 ""Fallen of Albaz"", or 1 monster that mentions it, from your Deck to your hand. You can only use this effect of ""Branded Lost"" once per turn.",https://images.ygoprodeck.com/images/cards/18973184.jpg
36637374,Branded Opening,"Discard 1 card, then take 1 ""Despia"" monster from your Deck, and either add it to your hand or Special Summon it in Defense Position, also for the rest of this turn after this card resolves, you cannot Special Summon monsters from the Extra Deck, except Fusion Monsters. If a Fusion Monster(s) you control would be destroyed by card effect, you can banish this card from your GY instead. You can only use each effect of ""Branded Opening"" once per turn.",https://images.ygoprodeck.com/images/cards/36637374.jpg
34090915,Branded Regained,"If a LIGHT or DARK monster(s) is banished (except during the Damage Step): You can target 1 of those monsters; place that monster on the bottom of the Deck, and if you do, draw 1 card. You can only use this effect of ""Branded Regained"" once per turn. Once per turn, if your opponent Normal or Special Summons a monster (except during the Damage Step): You can target 1 ""Bystial"" monster in your GY; Special Summon it. You can only activate this effect of ""Branded Regained"" once per Chain.",https://images.ygoprodeck.com/images/cards/34090915.jpg
17751597,Branded Retribution,"When a Spell/Trap Card, or monster effect, is activated that includes an effect that Special Summons a monster(s): Return to the Extra Deck, 1 face-up Fusion Monster you control, or 2 Fusion Monsters in your GY, that mention ""Fallen of Albaz"" as material, and if you do, negate the activation, and if you do that, destroy that card. You can banish this card from your GY, then target 1 ""Branded"" Spell/Trap in your GY, except ""Branded Retribution""; add it to your hand. You can only use 1 ""Branded Retribution"" effect per turn, and only once that turn.",https://images.ygoprodeck.com/images/cards/17751597.jpg
81767888,Branded Sword,"Banish any number of ""Branded"" Spells/Traps from your GY; Special Summon that many ""Iceblade Tokens"" (Dragon/DARK/Level 8/ATK 2500/DEF 2000). You can banish this card from your GY, then target 1 of your banished monsters that is ""Fallen of Albaz"" or mentions it; add that monster to your hand. You can only use 1 ""Branded Sword"" effect per turn, and only once that turn.",https://images.ygoprodeck.com/images/cards/81767888.jpg
14220547,Branded in Central Dogmatika,"If you Special Summon 1 Ritual Monster (and no other cards) by a Spell Card or effect (except during the Damage Step): You can look at either player's Extra Deck, and send 1 monster from it to the GY. If you Special Summon 1 Fusion Monster (and no other cards) by a Spell Card or effect (except during the Damage Step): You can target that monster; for the rest of this turn, it gains ATK equal to its original ATK, also it can only attack Attack Position monsters your opponent controls. You can only use each effect of ""Branded in Central Dogmatika"" once per turn.",https://images.ygoprodeck.com/images/cards/14220547.jpg
29948294,Branded in High Spirits,"Reveal 1 monster in your hand and send 1 Level 8 Fusion Monster from your Extra Deck to the GY with the same Type that has 2500 ATK or DEF, then you can apply this effect.
● Discard the revealed monster, and if you do, add 1 ""Fallen of Albaz"", or 1 monster that mentions it, from your Deck to your hand.
During the End Phase, if a Fusion Monster was sent to your GY this turn: You can add this card from the GY to your hand. You can only use 1 ""Branded in High Spirits"" effect per turn, and only once that turn.",https://images.ygoprodeck.com/images/cards/29948294.jpg
82738008,Branded in Red,"Target 1 ""Despia"" monster or ""Fallen of Albaz"" in your GY; add it to your hand, then you can apply the following effect.
● Fusion Summon 1 Level 8 or higher Fusion Monster from your Extra Deck, by banishing Fusion Materials mentioned on it from your hand or field, but it cannot attack directly this turn.
You can only activate 1 ""Branded in Red"" per turn.",https://images.ygoprodeck.com/images/cards/82738008.jpg
34995106,Branded in White,"Fusion Summon 1 Fusion Monster from your Extra Deck, using monsters from your hand or field as material, including a Dragon monster. You can also banish monsters from your GY as material, if you use ""Fallen of Albaz"" as Fusion Material from your hand, field, or by banishing itself from your GY. During the End Phase, if this card is in the GY because it was sent there to activate the effect of ""Fallen of Albaz"" this turn: You can Set this card. You can only use each effect of ""Branded in White"" once per turn.",https://images.ygoprodeck.com/images/cards/34995106.jpg
74277583,Brave Scizzar,"Armed with a mass of scissors, this monster can clip an enemy into any desired shape and size.",https://images.ygoprodeck.com/images/cards/74277583.jpg
88305705,Brave-Eyes Pendulum Dragon,"1 ""Pendulum Dragon"" monster + 1 Warrior-Type monster
When this card is Fusion Summoned: You can change the ATK of all face-up monsters your opponent currently controls to 0, also, for the rest of this turn, other monsters you control cannot attack. Negate the activated effects of monsters with 0 ATK. At the end of the Damage Step, when this card attacks an opponent's monster, but the opponent's monster was not destroyed by the battle: You can banish that opponent's monster.",https://images.ygoprodeck.com/images/cards/88305705.jpg
78161361,Bravedrive,"Once per turn, when your Cyberse monster declares an attack: You can discard 1 monster; that attacking monster gains 600 ATK, until the end of this turn.",https://images.ygoprodeck.com/images/cards/78161361.jpg
66740005,"Bravo, Fighter Fur Hire","During your Main Phase: You can Special Summon 1 monster ""Fur Hire"" from your hand, except ""Bravo, Fighter Fur Hire"". If a monster ""Fur Hire"" is Special Summoned to your field while you control this monster (except during the Damage Step): You can have all monsters ""Fur Hire"" currently on the field gain 500 ATK/DEF until the end of this turn. You can only use each effect of ""Bravo, Fighter Fur Hire"" once per turn.",https://images.ygoprodeck.com/images/cards/66740005.jpg
9852718,Break Away,"During your opponent's Battle Phase: Send 1 Spell from your hand to the GY; end the Battle Phase, then face-up monsters currently on the field have their effects negated until the end of this turn.",https://images.ygoprodeck.com/images/cards/9852718.jpg
56526564,Break Off Trap Hole,When a Link Monster is Link Summoned: Destroy all monsters on the field that are not linked.,https://images.ygoprodeck.com/images/cards/56526564.jpg
4008212,Break the Destiny,"Target 1 Level 8 or higher ""Destiny HERO"" monster, or 1 ""Destiny End Dragoon"", you control; destroy it, and if you do, your opponent skips their next Main Phase 1. You can banish this card from your GY; add 1 Spell/Trap from your Deck to your hand that specifically lists a ""Destiny HERO"" monster's card name or ""Destiny End Dragoon"" in its text, except ""Break the Destiny"". You can only use 1 ""Break the Destiny"" effect per turn, and only once that turn.",https://images.ygoprodeck.com/images/cards/4008212.jpg
69873498,Break the Seal,"You can activate 1 of these effects;
● Place 1 ""Break the Seal"" from your Deck or GY face-up on your field.
● Send 2 face-up ""Break the Seal"" you control to the GY, including this card; add 1 ""Forbidden One"" monster from your Deck to your hand.
If this card on the field is destroyed: You can reveal up to 5 ""Forbidden One"" monsters in your hand; return that many cards your opponent controls to the hand. You can only use each effect of ""Break the Seal"" once per turn.",https://images.ygoprodeck.com/images/cards/69873498.jpg
63851864,Break! Draw!,Equip only to a Machine monster. If the equipped monster destroys an opponent's monster by battle and sends it to the GY: Draw 1 card. Destroy this card during your 3rd End Phase after activation.,https://images.ygoprodeck.com/images/cards/63851864.jpg
22923081,Breaker the Dark Magical Warrior,"If this card is Normal Summoned: Place 2 Spell Counters on it. If this card is Pendulum Summoned: Place 3 Spell Counters on it. Gains 400 ATK for each Spell Counter on it. You can remove 1 Spell Counter from this card, then target 1 Spell/Trap on the field; destroy it. You can only use this effect of ""Breaker the Dark Magical Warrior"" once per turn.",https://images.ygoprodeck.com/images/cards/22923081.jpg
71413901,Breaker the Magical Warrior,"If this card is Normal Summoned: Place 1 Spell Counter on it (max. 1). Gains 300 ATK for each Spell Counter on it. You can remove 1 Spell Counter from this card, then target 1 Spell/Trap on the field; destroy that target.",https://images.ygoprodeck.com/images/cards/71413901.jpg
69217334,Breaking of the World,"Once per turn: You can target 1 Ritual Monster you control; show 1 Ritual Monster in your hand, until the end of this turn. The Level of the shown Ritual Monster becomes the targeted monster's Level, until the end of this turn (even if this card leaves the field). Once per turn, if ""Ruin, Queen of Oblivion"" or ""Demise, King of Armageddon"" is Ritual Summoned to your field (except during the Damage Step): You can activate 1 of these effects;
● Draw 1 card.
● Destroy 1 card on the field.",https://images.ygoprodeck.com/images/cards/69217334.jpg
78474168,Breakthrough Skill,"Target 1 face-up Effect Monster your opponent controls; that face-up monster your opponent controls has its effects negated until the end of this turn. During your turn, except the turn this card was sent to the Graveyard: You can banish this card from your Graveyard, then target 1 face-up Effect Monster your opponent controls; that target has its effects negated until the end of this turn.",https://images.ygoprodeck.com/images/cards/78474168.jpg
96218085,Breakthrough!,"Select 1 ""Six Samurai"" monster you control. If the selected monster destroys an opponent's monster by battle, ""Great Shogun Shien"" and all ""Six Samurai"" monsters you control can attack your opponent directly during the Battle Phase of this turn.",https://images.ygoprodeck.com/images/cards/96218085.jpg
44221928,Breath of Acclamation,This card can be used to Ritual Summon any WIND Ritual Monster. You must also Tribute monsters from your hand or field whose total Levels exactly equal the Level of the Ritual Monster you Ritual Summon.,https://images.ygoprodeck.com/images/cards/44221928.jpg
20101223,Breath of Light,Destroy all face-up Rock-Type monsters on the field.,https://images.ygoprodeck.com/images/cards/20101223.jpg
64018647,Breath of Resurrection,"If you control an ""Adventurer Token"": Special Summon up to 2 monsters from your hand and/or GY with different names (but banish them when they leave the field), then you can equip 1 Equip Spell that mentions ""Adventurer Token"" from your hand or GY to 1 monster you control. You can only activate 1 ""Breath of Resurrection"" per turn.",https://images.ygoprodeck.com/images/cards/64018647.jpg
58882608,Breath of the Tistina,"During your Main Phase, you can Normal Summon 1 ""Tistina"" monster, in addition to your Normal Summon/Set. (You can only gain this effect once per turn.) You can target 1 face-up monster you control, or if you control a LIGHT ""Tistina"" monster, you can target 1 face-up monster on the field instead; change that monster to face-down Defense Position, then add 1 ""Tistina"" card from your Deck to your hand, except ""Breath of the Tistina"". You can only use this effect of ""Breath of the Tistina"" once per turn.",https://images.ygoprodeck.com/images/cards/58882608.jpg
52840598,Bri Synchron,"If this card is sent to the Graveyard as a Synchro Material, until the end of this turn, the Synchro Monster that used this card as a Synchro Material gains 600 ATK, but its effects are negated.",https://images.ygoprodeck.com/images/cards/52840598.jpg
24707869,Bright Future,Target 2 of your banished Psychic-Type monsters; return both those targets to the Graveyard and draw 1 card.,https://images.ygoprodeck.com/images/cards/24707869.jpg
16719802,Bright Star Dragon,When this card is Normal Summoned: You can target 1 other face-up monster on the field; increase that target's Level by 2 until the end of this turn.,https://images.ygoprodeck.com/images/cards/16719802.jpg
19271881,"Brightest, Blazing, Branded King","Choose 1 Fusion Monster you control that mentions ""Fallen of Albaz"" as material, and negate the effects of all other face-up cards currently on the field until the end of this turn. During the End Phase, if a Fusion Monster(s) was sent to your GY this turn: You can add this card from the GY to your hand. You can only use 1 ""Brightest, Blazing, Branded King"" effect per turn, and only once that turn.",https://images.ygoprodeck.com/images/cards/19271881.jpg
34848821,Brigrand the Glory Dragon,"""Fallen of Albaz"" + 1 Level 8 or higher monster
Cannot be destroyed by battle. While you control this Fusion Summoned card, your opponent cannot target other monsters you control with monster effects. During the End Phase, if this card is in the GY because it was sent there this turn: You can add to your hand, or Special Summon, 1 ""Tri-Brigade"" monster or 1 ""Fallen of Albaz"" from your Deck. You can only use this effect of ""Brigrand the Glory Dragon"" once per turn.",https://images.ygoprodeck.com/images/cards/34848821.jpg
7394770,Brilliant Fusion,"When this card is activated: Fusion Summon 1 ""Gem-Knight"" Fusion Monster from your Extra Deck, using monsters from your Deck as Fusion Material, but change its ATK/DEF to 0. If this card leaves the field, destroy that monster. Once per turn: You can discard 1 Spell; the monster Special Summoned by this card's effect gains ATK/DEF equal to its original ATK/DEF, until the end of your opponent's turn. You can only activate 1 ""Brilliant Fusion"" per turn.",https://images.ygoprodeck.com/images/cards/7394770.jpg
61011438,Brilliant Rose,"(This card is always treated as a ""Gem-Knight"" card.)
You can discard 1 ""Gem-Knight"" or ""Melodious"" card; Special Summon this card from your hand. You can only use this effect of ""Brilliant Rose"" once per turn. Once per turn: You can send 1 ""Gem-Knight"" or ""Melodious"" monster from your Extra Deck to the GY; until the End Phase, this card's name/Type/Attribute become the same as the original name/Type/Attribute of the monster sent to the GY to activate this effect.",https://images.ygoprodeck.com/images/cards/61011438.jpg
3105404,Brilliant Spark,"If a face-up ""Gem-Knight"" monster(s) you control is destroyed by your opponent's attack or card effect: Target 1 of those destroyed monsters; inflict damage to your opponent equal to its original ATK. If this card is in your Graveyard: You can send 1 ""Gem-Knight"" card from your hand to the Graveyard; add this card to your hand. You can only activate 1 ""Brilliant Spark"" per turn.",https://images.ygoprodeck.com/images/cards/3105404.jpg
2102065,Brinegir,"If this card is Normal or Special Summoned: You can target 1 WATER monster in your GY; this card gains ATK equal to that monster's ATK until the end of this turn. If this card is sent to the GY: You can target 1 WATER monster you control; it gains 1000 ATK until the end of this turn. You can only use each effect of ""Brinegir"" once per turn.",https://images.ygoprodeck.com/images/cards/2102065.jpg
50321796,"Brionac, Dragon of the Ice Barrier","1 Tuner + 1+ non-Tuner monsters
You can discard any number of cards to the GY, then target the same number of cards your opponent controls; return those cards to the hand. You can only use this effect of ""Brionac, Dragon of the Ice Barrier"" once per turn.",https://images.ygoprodeck.com/images/cards/50321796.jpg
65892310,"Brionac, the Dragon of Icy Malevolence","1 Tuner + 1+ non-Tuner monsters
If this card is Synchro Summoned: You can discard 1 card, then target 1 card on the field; return it to the hand. If this card is Special Summoned from the GY: You can discard 1 card, then target 1 card on the field; return it to the hand. You can only use each effect of ""Brionac, the Dragon of Icy Malevolence"" once per turn.",https://images.ygoprodeck.com/images/cards/65892310.jpg
27217742,Brohunder,"When this card is Normal Summoned: You can add 1 Level 4 LIGHT Thunder-Type monster from your Deck to your hand, except ""Brohunder"".",https://images.ygoprodeck.com/images/cards/27217742.jpg
41587307,Broken Bamboo Sword,The equipped monster gains 0 ATK.,https://images.ygoprodeck.com/images/cards/41587307.jpg
60930169,Broken Blocker,"Activate only when a Defense Position monster you control, whose DEF is higher than its ATK, is destroyed by battle. Special Summon up to 2 monsters with the same name as that monster from your Deck in face-up Defense Position.",https://images.ygoprodeck.com/images/cards/60930169.jpg
88086137,Broken Line,"When a Spell/Trap Card, or monster effect, is activated in this card's column, while this card is Set: Negate the activation, and if you do, destroy that card.",https://images.ygoprodeck.com/images/cards/88086137.jpg
57985393,Broomy,"Cannot be used as Synchro Material, except for the Synchro Summon of a Level 8 or lower monster. You can reveal this card and 1 monster in your hand; Special Summon 1 of the 2, and if you do, banish the other, also for the rest of this turn, you cannot Special Summon from the Extra Deck, except Synchro Monsters, and can only declare an attack with Synchro Monsters. You can only use this effect of ""Broomy"" once per turn.",https://images.ygoprodeck.com/images/cards/57985393.jpg
6353603,Brotherhood of the Fire Fist - Bear,"Once per turn, when this card inflicts battle damage to your opponent: You can Set 1 ""Fire Formation"" Spell directly from your Deck. Once per turn: You can send 1 face-up ""Fire Formation"" Spell/Trap you control to the GY, then target 1 monster on the field; destroy that target.",https://images.ygoprodeck.com/images/cards/6353603.jpg
66762372,Brotherhood of the Fire Fist - Boar,"Cannot be used as a Synchro Material Monster, except for the Synchro Summon of a FIRE monster. When this card is destroyed by battle and sent to the Graveyard: You can Special Summon 1 Level 4 ""Fire Fist"" monster from your Deck, except ""Brotherhood of the Fire Fist - Boar"". Once per turn, when a ""Fire Fist"" monster is Special Summoned from your Extra Deck: You can Set 1 ""Fire Formation"" Spell Card directly from your Deck.",https://images.ygoprodeck.com/images/cards/66762372.jpg
92572371,Brotherhood of the Fire Fist - Buffalo,"If this card is in your Graveyard: You can send a total of 2 ""Fire Fist"" / ""Fire Formation"" cards from your hand and/or face-up on your side of the field to the Graveyard; Special Summon this card from your Graveyard. You can only use the effect of ""Brotherhood of the Fire Fist - Buffalo"" once per turn.",https://images.ygoprodeck.com/images/cards/92572371.jpg
58504745,Brotherhood of the Fire Fist - Cardinal,"2 Level 4 ""Fire Fist"" monsters
You can detach 2 materials from this card, then target 2 ""Fire Fist"" / ""Fire Formation"" cards in your GY and/or face-up field, and 2 cards in your opponent's GY and/or face-up field; shuffle those targets into the Deck. You can only use this effect of ""Brotherhood of the Fire Fist - Cardinal"" once per turn.",https://images.ygoprodeck.com/images/cards/58504745.jpg
93751476,Brotherhood of the Fire Fist - Caribou,"During the End Phase, if this card is in the Graveyard because it was destroyed by a card effect and sent there this turn: You can Special Summon 1 Level 4 ""Fire Fist"" monster from your Deck, except ""Brotherhood of the Fire Fist - Caribou"". If this card is sent to the Graveyard for the Synchro Summon of a ""Fire Fist"" monster: You can Set 1 ""Fire Formation"" Spell Card directly from your Deck.",https://images.ygoprodeck.com/images/cards/93751476.jpg
49785720,Brotherhood of the Fire Fist - Coyote,"If you control a ""Fire Formation"" Spell/Trap Card, and no monsters, you can Special Summon this card (from your hand).",https://images.ygoprodeck.com/images/cards/49785720.jpg
43748308,Brotherhood of the Fire Fist - Dragon,"Once per turn, if you activate a ""Fire Formation"" Spell/Trap Card (except during the Damage Step): You can Set 1 ""Fire Formation"" Trap directly from your Deck. Once per turn: You can send 2 face-up ""Fire Formation"" Spells/Traps you control to the GY, then target 1 ""Fire Fist"" monster in your GY, except ""Brotherhood of the Fire Fist - Dragon""; Special Summon that target.",https://images.ygoprodeck.com/images/cards/43748308.jpg
46241344,Brotherhood of the Fire Fist - Eagle,"2 Beast-Warrior monsters
You can only Special Summon ""Brotherhood of the Fire Fist - Eagle(s)"" once per turn. You can activate ""Fire Fist"" monsters' effects without sending ""Fire Fist"" or ""Fire Formation"" card(s) from your hand or field to the GY. You can target 1 ""Fire Formation"" Spell/Trap you control or in your GY; return it to the hand, then send 1 ""Fire Fist"" monster from your Deck to the GY. You can only use this effect of ""Brotherhood of the Fire Fist - Eagle"" once per turn.",https://images.ygoprodeck.com/images/cards/46241344.jpg
61472381,Brotherhood of the Fire Fist - Eland,"You can Ritual Summon this card with ""Fire Formation - Domei"". You can discard 1 monster; Set 1 ""Fire Formation"" Spell/Trap directly from your Deck or GY. When your opponent activates a monster effect (Quick Effect): You can send 1 face-up ""Fire Fist"" or ""Fire Formation"" card you control to the GY, except ""Brotherhood of the Fire Fist - Eland""; negate that effect. You can only use each effect of ""Brotherhood of the Fire Fist - Eland"" once per turn.",https://images.ygoprodeck.com/images/cards/61472381.jpg
98093548,Brotherhood of the Fire Fist - Elephant,"If this card is Normal or Special Summoned: You can send 1 face-up ""Fire Formation"" Spell/Trap you control to the GY; Special Summon 1 ""Fire Fist"" monster from your hand, except ""Brotherhood of the Fire Fist - Elephant"". You can target 1 ""Fire Formation"" Spell/Trap in your GY; shuffle it into the Deck, then, you can add 1 Level 5 or higher ""Fire Fist"" monster from your Deck to your hand. You can only use each effect of ""Brotherhood of the Fire Fist - Elephant"" once per turn.",https://images.ygoprodeck.com/images/cards/98093548.jpg
70355994,Brotherhood of the Fire Fist - Gorilla,"Once per turn, when this card destroys an opponent's monster by battle and sends it to the GY: You can Set 1 ""Fire Formation"" Spell directly from your Deck. Once per turn: You can send 1 face-up ""Fire Formation"" Spell/Trap you control to the GY, then target 1 Spell/Trap on the field; destroy that target.",https://images.ygoprodeck.com/images/cards/70355994.jpg
17475251,Brotherhood of the Fire Fist - Hawk,"If this card in its owner's possession is destroyed by an opponent's card (either by battle or by card effect): You can Set 1 ""Fire Formation"" Spell Card directly from your Deck. While you control a ""Fire Formation"" Spell/Trap Card, all ""Fire Fist"" monsters you control gain 500 ATK and DEF.",https://images.ygoprodeck.com/images/cards/17475251.jpg
74168099,Brotherhood of the Fire Fist - Horse Prince,"1 FIRE Tuner + 1+ non-Tuner monsters
When this card is Synchro Summoned: You can Special Summon 1 Level 3 FIRE monster from your Deck. After you Synchro Summon this card, you cannot Special Summon Level 5 or higher monsters for the rest of the turn.",https://images.ygoprodeck.com/images/cards/74168099.jpg
89856523,Brotherhood of the Fire Fist - Kirin,"1 FIRE Tuner + 1 or more non-Tuner ""Fire Fist"" monsters
When this card is Synchro Summoned: You can Set 1 ""Fire Formation"" Spell/Trap Card directly from your Deck. All monsters your opponent controls lose 100 ATK for each face-up Spell/Trap Card you control.",https://images.ygoprodeck.com/images/cards/89856523.jpg
39699564,Brotherhood of the Fire Fist - Leopard,"During your Main Phase, if this card was Normal or Special Summoned this turn: You can Tribute 1 ""Fire Fist"" monster; Set 1 ""Fire Formation"" Spell/Trap Card directly from your Deck. You can only use the effect of ""Brotherhood of the Fire Fist - Leopard"" once per turn.",https://images.ygoprodeck.com/images/cards/39699564.jpg
37057743,Brotherhood of the Fire Fist - Lion Emperor,"2 Level 3 FIRE monsters
Once per turn: You can detach 1 Xyz Material from this card, then target 1 FIRE monster in your Graveyard; add that target to your hand, but you cannot Normal or Special Summon that monster, or a monster with the same name, for the rest of this turn.",https://images.ygoprodeck.com/images/cards/37057743.jpg
35488287,Brotherhood of the Fire Fist - Panda,"If you activate a ""Fire Formation"" Spell/Trap Card (except during the Damage Step): You can Special Summon this card from your hand, then you can Special Summon 1 ""Fire Fist"" monster from your GY, except ""Brotherhood of the Fire Fist - Panda"", also you cannot Special Summon monsters for the rest of this turn, except ""Fire Fist"" monsters. If a ""Fire Fist"" monster(s) you control would be destroyed by your opponent's card effect, you can send 1 face-up ""Fire Formation"" Spell/Trap you control to the GY instead. You can only use each effect of ""Brotherhood of the Fire Fist - Panda"" once per turn.",https://images.ygoprodeck.com/images/cards/35488287.jpg
20265095,Brotherhood of the Fire Fist - Peacock,"2 ""Fire Fist"" monsters
While this card points to a ""Fire Fist"" monster, your opponent's monsters cannot target this card for attacks. When this card declares an attack: You can send 1 face-up ""Fire Formation"" Spell/Trap you control to the GY, then target 1 monster your opponent controls; place that opponent's monster in a zone this card points to and take control of it until the End Phase, but it cannot declare an attack this turn. You can only use this effect of ""Brotherhood of the Fire Fist - Peacock"" once per turn.",https://images.ygoprodeck.com/images/cards/20265095.jpg
62694833,Brotherhood of the Fire Fist - Ram,"When this card is Normal Summoned: You can discard 1 card, then target 1 ""Fire Formation"" Spell/Trap you control; Set 1 ""Fire Formation"" Spell/Trap with a different name directly from your Deck. If this card is Special Summoned by the effect of a ""Fire Fist"" monster: You can Set 1 ""Fire Formation"" Spell/Trap directly from your Deck, with a different name from the cards in your GY. You can only use each effect of ""Brotherhood of the Fire Fist - Ram"" once per turn.",https://images.ygoprodeck.com/images/cards/62694833.jpg
44860890,Brotherhood of the Fire Fist - Raven,"If this card is sent from the field to the GY: You can Set 1 ""Fire Formation"" Spell directly from your Deck. ""Fire Formation"" Spells/Traps you control cannot be destroyed by your opponent's card effects.",https://images.ygoprodeck.com/images/cards/44860890.jpg
66084673,Brotherhood of the Fire Fist - Rhino,"If a ""Fire Fist"" monster you control attacks or is attacked, during damage calculation (in either player's turn): You can send 1 face-up ""Fire Formation"" Spell/Trap Card you control and 1 ""Fire Fist"" monster from your hand to the Graveyard once per battle; your attacking/attacked monster gains ATK equal to the original ATK of the monster sent to the Graveyard, during damage calculation only.",https://images.ygoprodeck.com/images/cards/66084673.jpg
30929786,Brotherhood of the Fire Fist - Rooster,"When this card is Special Summoned by the effect of a ""Fire Fist"" monster: You can add 1 ""Fire Fist"" monster from your Deck to your hand. You can only use this effect of ""Brotherhood of the Fire Fist - Rooster"" once per turn. Once per turn: You can send 1 face-up ""Fire Formation"" Spell/Trap you control to the GY; Set 1 ""Fire Formation"" Spell/Trap directly from your Deck.",https://images.ygoprodeck.com/images/cards/30929786.jpg
75132317,Brotherhood of the Fire Fist - Snake,"Once per turn, if a ""Fire Formation"" Spell/Trap Card(s) is sent to your Graveyard (except during the Damage Step): You can Set 1 ""Fire Formation"" Trap Card directly from your Deck. Once per turn, if you control no other monsters: You can send 2 face-up ""Fire Formation"" Spell/Trap Cards you control to the Graveyard; draw 1 card.",https://images.ygoprodeck.com/images/cards/75132317.jpg
1662004,Brotherhood of the Fire Fist - Spirit,"Cannot be used as Synchro Material, except for the Synchro Summon of a Beast-Warrior monster. When this card is Normal Summoned: You can target 1 Level 3 FIRE monster with 200 or less DEF in your GY; Special Summon that target in Defense Position, and if you do, monsters you control cannot attack for the rest of this turn, except Beast-Warrior monsters. You can only use this effect of ""Brotherhood of the Fire Fist - Spirit"" once per turn.",https://images.ygoprodeck.com/images/cards/1662004.jpg
2521011,Brotherhood of the Fire Fist - Swallow,"You can Special Summon this card (from your hand) by sending 3 face-up ""Fire Formation"" Spell/Trap Cards you control to the Graveyard. When this card is Normal or Special Summoned: You can Set 1 ""Fire Formation"" Trap Card directly from your Deck. You can only use this effect of ""Brotherhood of the Fire Fist - Swallow"" once per turn. Face-up Beast-Warrior-Type monsters you control cannot be targeted by your opponent's card effects.",https://images.ygoprodeck.com/images/cards/2521011.jpg
93877990,Brotherhood of the Fire Fist - Swan,"2 Beast-Warrior monsters
If this card is Special Summoned: You can inflict 200 damage to your opponent for each ""Fire Formation"" Spell/Trap you control. During the Battle Phase (Quick Effect): You can send 1 face-up ""Fire Formation"" Spell/Trap you control to the GY, then target 1 card your opponent controls; destroy it. You can only use each effect of ""Brotherhood of the Fire Fist - Swan"" once per turn.",https://images.ygoprodeck.com/images/cards/93877990.jpg
96381979,Brotherhood of the Fire Fist - Tiger King,"2 Level 4 Beast-Warrior monsters
When this card is Xyz Summoned: You can Set 1 ""Fire Formation"" Spell/Trap directly from your Deck. Once per turn: You can detach 1 material from this card; negate the effects of all face-up Effect Monsters currently on the field, except Beast-Warriors, until the end of your opponent's turn. When this card is sent from the field to the GY: You can send 3 ""Fire Formation"" Spells/Traps you control to the GY; Special Summon 2 Level 4 or lower Beast-Warrior monsters with the same ATK from your Deck, in face-up Defense Position.",https://images.ygoprodeck.com/images/cards/96381979.jpg
93294869,Brotherhood of the Fire Fist - Wolf,"If this card is flipped face-up: You can Set 1 ""Fire Formation"" Trap Card directly from your Deck, then, if this card was Flip Summoned, you can also Set 1 ""Fire Formation"" Spell Card directly from your Deck.",https://images.ygoprodeck.com/images/cards/93294869.jpg
79126789,"Broww, Huntsman of Dark World","If this card is discarded to the Graveyard by a card effect: Draw 1 card, plus another card if this card was discarded from your hand to your Graveyard by an opponent's card effect.",https://images.ygoprodeck.com/images/cards/79126789.jpg
6214884,"Brron, Mad King of Dark World",When this card inflicts battle damage to your opponent: You can discard 1 card.,https://images.ygoprodeck.com/images/cards/6214884.jpg
36569343,Brushfire Knight,"When a FIRE monster is destroyed and sent to your Graveyard: Send 1 FIRE monster from your Deck to the Graveyard. When this card is destroyed and sent to the Graveyard: Send 1 FIRE monster from your Deck to the Graveyard. You can only use 1 ""Brushfire Knight"" effect per turn, and only once that turn.",https://images.ygoprodeck.com/images/cards/36569343.jpg
36809777,Brutal Beast Battle,"If a player controls 2 or more monsters of the same card type (Ritual, Fusion, Synchro, Xyz, or Link), they must send some to the GY so they control no more than 1 monster of that card type. Then, each player that sent a monster to the GY for this effect draws cards equal to the number of different card types (Ritual, Fusion, Synchro, Xyz, or Link) they control. You can only activate 1 ""Brutal Beast Battle"" per turn.",https://images.ygoprodeck.com/images/cards/36809777.jpg
30155789,Brutal Potion,"This card becomes an Equip Card, and equips to 1 monster you control. Once per turn, when you inflict damage to your opponent with a card effect, the equipped monster gains 1000 ATK until the End Phase.",https://images.ygoprodeck.com/images/cards/30155789.jpg
63503850,Brute Enforcer,"2 Effect Monsters
You can discard 1 card, then target 1 face-up card your opponent controls; your opponent can discard 1 card with the same original card type (Monster, Spell, or Trap) as that face-up card to negate this effect, otherwise destroy that face-up card. You can only use this effect of ""Brute Enforcer"" once per turn.",https://images.ygoprodeck.com/images/cards/63503850.jpg
79777187,Bubble Barrier,"Each ""Performapal"" and ""Performage"" monster you control cannot be destroyed by battle or card effect once per turn. You take no battle damage from attacks involving ""Performapal"" and ""Performage"" monsters you control.",https://images.ygoprodeck.com/images/cards/79777187.jpg
53586134,Bubble Blaster,"You can only equip this card to ""Elemental Hero Bubbleman"". Increase the ATK of the equipped monster by 800 points. If the equipped monster would be destroyed as a result of battle, destroy this card instead, and make the Battle Damage to the controller of the equipped monster 0.",https://images.ygoprodeck.com/images/cards/53586134.jpg
58531587,Bubble Bringer,Level 4 or higher monsters cannot attack directly. During your turn: You can send this face-up card from the field to the Graveyard to target 2 Level 3 or lower WATER monsters with the same name in your Graveyard; Special Summon those targets. Their effects are negated.,https://images.ygoprodeck.com/images/cards/58531587.jpg
61622107,Bubble Crash,This card can only be activated when any player has 6 or more cards on the field and/or in their hand. The player(s) then select and send cards to their respective Graveyards until the amount remaining on the field and in their hand is 5.,https://images.ygoprodeck.com/images/cards/61622107.jpg
80075749,Bubble Illusion,"You can only activate this card while there is a face-up ""Elemental Hero Bubbleman"" on your side of the field. During this turn, you can activate 1 Trap Card from your hand.",https://images.ygoprodeck.com/images/cards/80075749.jpg
61968753,Bubble Shuffle,"Target 1 face-up Attack Position ""Elemental HERO Bubbleman"" you control and 1 face-up Attack Position monster your opponent controls; change both those targets to Defense Position, then Tribute that ""Elemental HERO Bubbleman"", then Special Summon 1 ""Elemental HERO"" monster from your hand.",https://images.ygoprodeck.com/images/cards/61968753.jpg
6104968,Bubonic Vermin,"FLIP: You can Special Summon 1 ""Bubonic Vermin"" from your Deck in face-down Defense Position. Then shuffle your Deck.",https://images.ygoprodeck.com/images/cards/6104968.jpg
26223582,Buerillabaisse de Nouvelles,"You can Ritual Summon this card with a ""Recipe"" card. If this card is Special Summoned: You can excavate the top 5 cards of your Deck, and if you do, you can add 1 excavated ""Nouvelles"" card to your hand, also shuffle the rest into the Deck. When a card or effect is activated that targets this card on the field, or when this card is targeted for an attack (Quick Effect): You can Tribute this card and 1 Attack Position monster on either field, and if you do, Special Summon 1 Level 2 or 3 ""Nouvelles"" Ritual Monster from your hand or Deck. You can only use each effect of ""Buerillabaisse de Nouvelles"" once per turn.",https://images.ygoprodeck.com/images/cards/26223582.jpg
10971759,Bug Emergency,"Target 2 Level 3 Insect-Type monsters in your Graveyard; Special Summon them, but their effects are negated. You can banish this card and 1 Xyz Monster from your Graveyard; the Levels of all Level 3 Insect-Type monsters you currently control become equal to the banished monster's Rank until the end of this turn, also you cannot Special Summon monsters for the rest of this turn, except Insect-Type monsters. You can only activate 1 ""Bug Emergency"" per turn.",https://images.ygoprodeck.com/images/cards/10971759.jpg
86643777,Bug Matrix,"All Insect-Type monsters you control gain 300 ATK and DEF. You can target 1 Insect-Type Xyz Monster you control; attach 1 Insect-Type monster from your hand to that monster as Xyz Material. You can only use this effect of ""Bug Matrix"" once per turn.",https://images.ygoprodeck.com/images/cards/86643777.jpg
47185546,Bug Signal,"Target 1 Insect Xyz Monster you control; Special Summon from your Extra Deck, 1 Insect monster that is 2 Ranks higher or lower than that monster you control, by using it as the Xyz Material. (This Special Summon is treated as an Xyz Summon. Xyz Materials attached to that target also become Xyz Materials on the Summoned monster.) You can only activate 1 ""Bug Signal"" per turn.",https://images.ygoprodeck.com/images/cards/47185546.jpg
23979249,Bujin Arasuda,"If a ""Bujin"" monster in your Graveyard or face-up on your side of the field is banished (except during the Damage Step): You can Special Summon this card from your hand in face-up Defense Position. Once per turn, during the End Phase, if a ""Bujin"" card was added from your Deck to your hand this turn, except by drawing it, while you controlled this face-up card: You can draw 1 card, then discard 1 card. You can only control 1 ""Bujin Arasuda"".",https://images.ygoprodeck.com/images/cards/23979249.jpg
70026064,Bujin Hiruko,"[ Pendulum Effect ] 
You can banish this card in your Pendulum Zone, then target 1 ""Bujin"" Xyz Monster you control; Special Summon from your Extra Deck, 1 ""Bujin"" Xyz Monster with a different name, by using that target as the Xyz Material. (This Special Summon is treated as an Xyz Summon. Xyz Materials attached to it also become Xyz Materials on the Summoned monster.)
[ Monster Effect ] 
''Imprisoned after a showdown with ""Bujin Hirume"" over the Sky Throne, this master schemer eventually escaped by manipulating Hirume and creating the sinister ""Bujinki Amaterasu"", then went on to almost engulf the world in darkness, but was finally defeated by Yamato and his allies.''",https://images.ygoprodeck.com/images/cards/70026064.jpg
9418365,Bujin Hirume,"Cannot be Normal Summoned/Set. Must first be Special Summoned (from your hand) by banishing 1 ""Bujin"" monster from your Graveyard, except ""Bujin Hirume"". If this card, which was Summoned this way, is destroyed by your opponent's card (by battle or card effect), and sent from your side of the field to your Graveyard, and both players have a hand: You can discard 1 card, then your opponent discards 1 card. You can only control 1 ""Bujin Hirume"".",https://images.ygoprodeck.com/images/cards/9418365.jpg
92586237,Bujin Mahitotsu,"You can send 1 other ""Bujin"" card from your hand to the GY; Special Summon this card from your hand. You can activate 1 of these effects;
● Send 1 ""Bujin"" monster from your hand to the GY; add 1 ""Bujin"" monster with a different name from your GY to your hand.
● Banish 1 ""Bujin"" monster from your GY; send 1 ""Bujin"" monster with a different name from your Deck to the GY.
You can only use the Summoning effect, and the other effect, of ""Bujin Mahitotsu"" each once per turn.",https://images.ygoprodeck.com/images/cards/92586237.jpg
53678698,Bujin Mikazuchi,"When a Beast-Warrior-Type ""Bujin"" monster(s) you control is destroyed by battle or by card effect and sent to the Graveyard: You can Special Summon this card from your hand. Once per turn, during the End Phase, if a ""Bujin"" monster(s) was sent from your hand to your Graveyard this turn while you controlled this face-up card: You can add 1 ""Bujin"" Spell/Trap Card from your Deck to your hand. You can only control 1 ""Bujin Mikazuchi"".",https://images.ygoprodeck.com/images/cards/53678698.jpg
63049052,Bujin Regalia - The Jewel,"Target 1 Rank 4 Xyz Monster you control; equip this card to that target. It gains 300 ATK for each Xyz Material attached to it. Once per turn, while this card is equipped to a monster by this effect: You can attach 1 ""Bujin"" monster from your hand to the equipped monster as an Xyz Material.",https://images.ygoprodeck.com/images/cards/63049052.jpg
35183853,Bujin Regalia - The Mirror,"At the start of your Main Phase 1, if your opponent controls more monsters than you do and you control a Beast-Warrior-Type ""Bujin"" monster: Until the end of your opponent's next turn, Spell/Trap Cards, and their effects, cannot be activated.",https://images.ygoprodeck.com/images/cards/35183853.jpg
30338466,Bujin Regalia - The Sword,"Activate 1 of these effects.
● Target 1 ""Bujin"" monster in your Graveyard; add that target to your hand.
● Target 1 of your banished ""Bujin"" monsters; send that target to the Graveyard.",https://images.ygoprodeck.com/images/cards/30338466.jpg
29981935,Bujin Torifune,"You can Tribute this card; Special Summon 2 ""Bujin"" monsters of 2 different Types from the Deck in Defense Position, except ""Bujin Torifune"". When you Xyz Summon a ""Bujin"" Xyz Monster, while this card is in your GY: You can equip this card to it. Any monster destroyed by battle with that equipped monster is banished. You can only use each effect of ""Bujin Torifune"" once per turn.",https://images.ygoprodeck.com/images/cards/29981935.jpg
32339440,Bujin Yamato,"Once per turn, during your End Phase: You can add 1 ""Bujin"" monster from your Deck to your hand, then send 1 card from your hand to the Graveyard. You can only control 1 ""Bujin Yamato"".",https://images.ygoprodeck.com/images/cards/32339440.jpg
68045685,Bujincandescence,"Beast-Warrior ""Bujin"" monsters you control cannot be destroyed by your opponent's card effects, except during the Battle Phase. Once per turn: You can send 1 ""Bujin"" monster from your hand or face-up field to the GY, then target 1 face-up card your opponent controls; negate its effects until the end of this turn. During your End Phase: You can send this face-up card from the field to the GY, then target 1 ""Bujin"" monster in your GY; Special Summon it.",https://images.ygoprodeck.com/images/cards/68045685.jpg
73906480,Bujincarnation,"If your opponent controls a monster and you control no monsters: Target 1 ""Bujin"" monster in your Graveyard and 1 of your banished ""Bujin"" monsters; Special Summon both targets. They cannot be used as Xyz Material for an Xyz Summon, except for the Xyz Summon of a Beast, Beast-Warrior, or Winged Beast-Type monster.",https://images.ygoprodeck.com/images/cards/73906480.jpg
11221418,Bujincident,"Target 1 ""Bujin"" Xyz Monster you control; banish it, and if you do, return all monsters on the field to the hand. Until your 2nd End Phase after activation, neither player can Summon monsters nor take damage (but can Normal Set). During your 2nd End Phase after activation: Target 1 ""Bujin"" monster in your Graveyard; Special Summon the monster banished by this effect, and if you do, attach that target to it as an Xyz Material.",https://images.ygoprodeck.com/images/cards/11221418.jpg
66727115,Bujinfidel,"Tribute 1 Beast-Warrior-Type ""Bujin"" monster, then target 1 ""Bujin"" monster with a different name in your Graveyard; Special Summon that target.",https://images.ygoprodeck.com/images/cards/66727115.jpg
42551040,Bujingi Boar,"If you control a ""Bujin"" monster: You can banish this card from your Graveyard, then target 1 face-up Attack Position monster your opponent controls; change it to face-up Defense Position, and if you do, its DEF becomes 0 until the end of this turn.",https://images.ygoprodeck.com/images/cards/42551040.jpg
88940154,Bujingi Centipede,"If you control a Beast-Warrior-Type ""Bujin"" monster: You can banish this card from your Graveyard, then target 1 Spell/Trap Card your opponent controls; destroy that target. You can only use the effect of ""Bujingi Centipede"" once per turn.",https://images.ygoprodeck.com/images/cards/88940154.jpg
68601507,Bujingi Crane,"During damage calculation (in either player's turn), if a Beast-Warrior-Type ""Bujin"" monster you control battles an opponent's monster: You can send this card from your hand to the Graveyard; the ATK of your monster becomes double its original ATK, during that damage calculation only.",https://images.ygoprodeck.com/images/cards/68601507.jpg
89662736,Bujingi Crow,"When a Beast-Warrior-Type ""Bujin"" monster you control is targeted for an attack by an opponent's monster: You can send this card from your hand to the Graveyard; negate the attack, and if you do, inflict damage to your opponent equal to half the attacker's ATK. You can only use the effect of ""Bujingi Crow"" once per turn.",https://images.ygoprodeck.com/images/cards/89662736.jpg
23857661,Bujingi Fox,"During either player's turn: You can banish this card from your Graveyard and send 1 ""Bujin"" monster from your hand to the Graveyard; you take no damage this turn.",https://images.ygoprodeck.com/images/cards/23857661.jpg
59251766,Bujingi Hare,"During either player's turn: You can banish this card from your Graveyard, then target 1 Beast-Warrior-Type ""Bujin"" monster you control; once during this turn, it cannot be destroyed by battle or by card effects. You can only use the effect of ""Bujingi Hare"" once per turn.",https://images.ygoprodeck.com/images/cards/59251766.jpg
16157341,Bujingi Ibis,"During your Main Phase 1: You can send this card from your hand to the Graveyard, then target 1 ""Bujin"" monster you control; this turn, if it attacks a Defense Position monster, inflict piercing battle damage to your opponent.",https://images.ygoprodeck.com/images/cards/16157341.jpg
94096616,Bujingi Ophidian,"During your Main Phase 1: You can send this card from your hand to the Graveyard, then target 1 ""Bujin"" monster you control; it can attack your opponent directly this turn.",https://images.ygoprodeck.com/images/cards/94096616.jpg
10860121,Bujingi Pavo,"When a Beast-Warrior-Type ""Bujin"" monster you control is destroyed by battle and sent to the Graveyard: You can send this card from your hand to the Graveyard; Special Summon 1 ""Bujin"" monster from your Deck. You can only use the effect of ""Bujingi Pavo"" once per turn.",https://images.ygoprodeck.com/images/cards/10860121.jpg
50474354,Bujingi Peacock,"During your Main Phase 2: You can send this card from your hand to the Graveyard; add 1 ""Bujin"" monster from your Deck to your hand. You cannot activate cards or effects the turn you activate this effect, except ""Bujin"" cards. You can only use the effect of ""Bujingi Peacock"" once per turn.",https://images.ygoprodeck.com/images/cards/50474354.jpg
69723159,Bujingi Quilin,"If you control a Beast-Warrior-Type ""Bujin"" monster: You can banish this card from your Graveyard, then target 1 face-up card your opponent controls; destroy that target. You can only use the effect of ""Bujingi Quilin"" once per turn.",https://images.ygoprodeck.com/images/cards/69723159.jpg
11958188,Bujingi Raven,"When a ""Bujin"" monster you control is destroyed by battle with an opponent's monster and sent to your Graveyard: You can send this card from your hand to the Graveyard; destroy that opponent's monster.",https://images.ygoprodeck.com/images/cards/11958188.jpg
56574543,Bujingi Sinyou,"During either player's Damage Step, if a Beast-Warrior-Type ""Bujin"" monster you control battles an opponent's monster: You can banish this card from your Graveyard; that monster you control gains ATK equal to the current ATK of the opponent's monster it is battling until the end of the Damage Step, and if it does, all battle damage your opponent takes from that battle is halved. You can only use this effect of ""Bujingi Sinyou"" once per turn.",https://images.ygoprodeck.com/images/cards/56574543.jpg
86868952,Bujingi Swallow,"During your Main Phase 1: You can send this card from your hand to the Graveyard, then target 1 ""Bujin"" monster you control; it can make a second attack during each Battle Phase this turn. Other monsters cannot attack during the turn you activate this effect.",https://images.ygoprodeck.com/images/cards/86868952.jpg
5818294,Bujingi Turtle,"During either player's turn, when a card or effect is activated that targets a ""Bujin"" monster you control (except during the Damage Step): You can banish this card from your Graveyard; negate that effect.",https://images.ygoprodeck.com/images/cards/5818294.jpg
80555062,Bujingi Warg,"While this card is in face-up Defense Position, other ""Bujin"" monsters you control cannot be destroyed by card effects.",https://images.ygoprodeck.com/images/cards/80555062.jpg
32202803,Bujingi Wolf,"Other Beast, Beast-Warrior, and Winged Beast-Type monsters you control cannot be destroyed by battle.",https://images.ygoprodeck.com/images/cards/32202803.jpg
71095768,Bujinki Ahashima,"2 monsters with the same Level
Cannot be used as Link Material. You can only use each of the following effects of ""Bujinki Ahashima"" once per turn.
● If this card is Link Summoned: You can Special Summon 2 monsters with the same Level, 1 from your hand and 1 from your GY, but negate their effects, and immediately after this effect resolves, Xyz Summon 1 Xyz Monster using those 2 monsters only.
● If an Xyz Monster this card points to activates an effect by detaching material(s) (except during the Damage Step): You can target 1 Spell/Trap your opponent controls; destroy it.",https://images.ygoprodeck.com/images/cards/71095768.jpg
68618157,Bujinki Amaterasu,"3 Level 4 monsters
You can only control 1 ""Bujinki Amaterasu"". Once per turn, during either player's turn: You can detach 1 Xyz Material from this card; apply this effect, depending on whose turn it is.
● Your turn: Target 1 of your banished Level 4 or lower monsters; Special Summon that target.
● Your opponent's turn: Target 1 of your banished Level 4 or lower monsters; add that target to your hand.",https://images.ygoprodeck.com/images/cards/68618157.jpg
1855932,Bujintei Kagutsuchi,"2 Level 4 Beast-Warrior-Type monsters
When this card is Xyz Summoned: Send the top 5 cards of your Deck to the Graveyard (or your entire Deck, if less than 5), also this card gains 100 ATK for each ""Bujin"" card sent to the Graveyard by this effect. If a ""Bujin"" Beast-Warrior-Type monster(s) you control would be destroyed by battle or by card effect, you can detach 1 Xyz Material from this card instead of destroying 1 of those monsters. You can only control 1 ""Bujintei Kagutsuchi"".",https://images.ygoprodeck.com/images/cards/1855932.jpg
75840616,Bujintei Susanowo,"2 Level 4 ""Bujin"" monsters
This card can attack all monsters your opponent controls once each. Once per turn: You can detach 1 Xyz Material from this card; take 1 ""Bujin"" monster from your Deck, and either add it to your hand or send it to the Graveyard. You can only control 1 ""Bujintei Susanowo"".",https://images.ygoprodeck.com/images/cards/75840616.jpg
73289035,Bujintei Tsukuyomi,"2 Level 4 LIGHT monsters
Once per turn: You can detach 1 material from this card; send your entire hand to the GY (min. 1), and if you do, draw 2 cards. When this card you controlled while face-up leaves the field because of an opponent's card effect: You can target Level 4 Beast-Warrior ""Bujin"" monsters in your GY, up to the number of Xyz Materials this card had on the field; Special Summon those targets. You can only control 1 ""Bujintei Tsukuyomi"".",https://images.ygoprodeck.com/images/cards/73289035.jpg
55599882,Bujintervention,"Target 1 ""Bujin"" monster on the field; apply this effect to it for the rest of this turn. Each time it destroys a monster by battle whose current ATK is greater than or equal to the targeted monster's original ATK, and sends it to the Graveyard: Banish the destroyed monster, and if you do, banish all monsters from your opponent's hand, Main Deck, Extra Deck, and Graveyard with the same name that the destroyed monster had in the Graveyard.",https://images.ygoprodeck.com/images/cards/55599882.jpg
33611061,Bujinunity,"If you control no other cards and have at least 1 other card in your hand: Shuffle all Beast-Warrior-Type ""Bujin"" monsters from your Graveyard into the Deck (min. 1), and if you do, send your entire hand to the Graveyard (min. 1), then you can add up to 3 Beast-Warrior-Type ""Bujin"" monsters with different names from your Deck to your hand. You can only activate 1 ""Bujinunity"" per turn.",https://images.ygoprodeck.com/images/cards/33611061.jpg
36088082,Bull Blader,"When an attack is declared involving this card and an opponent's monster: You can activate this effect; during this battle involving this monster, neither player takes any battle damage, also destroy the opponent's monster after damage calculation.",https://images.ygoprodeck.com/images/cards/36088082.jpg
19974890,Bunch of Beast Bodies,"Change all monsters that were not Normal or Special Summoned this turn to Defense Position. For the rest of this turn, a player who controls a Defense Position monster cannot declare attacks with monsters that were Normal or Special Summoned this turn.",https://images.ygoprodeck.com/images/cards/19974890.jpg
69380702,Bunilla,"This rabbit's got a sweet tooth! He's on a quest for the world's sweetest carrot, and just wants to nibble carrots all day today, tomorrow, and the day after that!",https://images.ygoprodeck.com/images/cards/69380702.jpg
39643167,Bunny Ear Enthusiast,"Once per Chain, when a monster on the field, except ""Bunny Ear Enthusiast"", activates its effect (Quick Effect): You can place 1 Bunny Ear Counter on it, and it cannot be destroyed by battle as long as it has that Counter. Once per turn (Quick Effect): You can target 1 monster with a Bunny Ear Counter; banish both it and this card until the Standby Phase of the next turn.",https://images.ygoprodeck.com/images/cards/39643167.jpg
44947065,Burden of the Mighty,Each face-up monster your opponent controls loses 100 ATK x its own Level.,https://images.ygoprodeck.com/images/cards/44947065.jpg
86690572,Burgeoning Whirlflame,"When a Trap Card is activated: Send 1 ""Laval"" monster from your hand to the Graveyard; negate the activation and destroy it. If this card is in the Graveyard: You can banish 2 FIRE monsters from your Graveyard; add this card to your hand.",https://images.ygoprodeck.com/images/cards/86690572.jpg
6297941,Burglar,A sly rat. He will come at you with his huge left claw.,https://images.ygoprodeck.com/images/cards/6297941.jpg
89974735,Burgundy the Magic Elf,"If a card(s) is discarded from your opponent's hand by a card effect while you control this monster (except during the Damage Step): You can inflict 400 damage to your opponent for each discarded card. When this card is destroyed by battle and sent to the GY: You can discard 1 random card from your opponent's hand. You can only use each effect of ""Burgundy the Magic Elf"" once per turn.",https://images.ygoprodeck.com/images/cards/89974735.jpg
48976825,Burial from a Different Dimension,Target up to 3 banished monsters; return them to the GY.,https://images.ygoprodeck.com/images/cards/48976825.jpg
53797637,"Burner, Dragon Ruler of Sparks","You can discard this card AND 1 Dragon-Type or FIRE monster; Special Summon 1 ""Blaster, Dragon Ruler of Infernos"" from your Deck. It cannot attack this turn. You can only use the effect of ""Burner, Dragon Ruler of Sparks"" once per turn.",https://images.ygoprodeck.com/images/cards/53797637.jpg
41859700,Burning Algae,"When this card is sent to the Graveyard, increase your opponent's Life Points by 1000 points.",https://images.ygoprodeck.com/images/cards/41859700.jpg
55870497,Burning Bamboo Sword,"If you activate a ""Bamboo Sword"" card while this card is already face-up in your Spell & Trap Zone: You can skip your opponent's next Main Phase 1.",https://images.ygoprodeck.com/images/cards/55870497.jpg
59364406,Burning Beast,"Once per turn, during your Main Phase, if you control this monster on the field, you can equip it to your ""Freezing Beast"" as an Equip Spell Card, OR unequip the Union equipment and Special Summon this card in face-up Attack Position. While equipped to a monster by this card's effect, each time the equipped monster inflicts Battle Damage to your opponent, destroy 1 face-up Spell or Trap Card on the field. (1 monster can only be equipped with 1 Union Monster at a time. If the equipped monster is destroyed as a result of battle, destroy this card instead.)",https://images.ygoprodeck.com/images/cards/59364406.jpg
8085950,Burning Dragon,"If your opponent controls 2 or more monsters and this card is in your hand: You can Special Summon this card. If this card is Normal or Special Summoned: You can discard 1 Spell; destroy all Spells and Traps on the field. You can only use each effect of ""Burning Dragon"" once per turn.",https://images.ygoprodeck.com/images/cards/8085950.jpg
46898368,Burning Draw,"(This card is always treated as a ""Salamangreat"" card.)
If your opponent controls more cards than you do: Target 1 Link Monster your opponent controls; draw cards equal to its Link Rating. You can only activate 1 ""Burning Draw"" per turn. You cannot Normal or Special Summon monsters the turn you activate this card, except FIRE monsters.",https://images.ygoprodeck.com/images/cards/46898368.jpg
24294108,Burning Land,"When this card is activated: If there are any Field Spell Cards on the field, destroy them. During each player's Standby Phase: The turn player takes 500 damage.",https://images.ygoprodeck.com/images/cards/24294108.jpg
26293219,Burning Skull Head,"When this card is Special Summoned from your hand, inflict 1000 damage to your opponent. You can remove from play this face-up card you control to return 1 removed from play ""Skull Flame"" to its owner's Graveyard.",https://images.ygoprodeck.com/images/cards/26293219.jpg
10723472,Burning Soul,"If you control a Level 8 or higher Synchro Monster: Add 1 card from your GY to your hand, except ""Burning Soul"", then, immediately after this effect resolves, Synchro Summon using monsters you control as material. For the rest of this turn after this card resolves, your opponent cannot target Synchro Monsters on the field with card effects. You can only activate 1 ""Burning Soul"" per turn.",https://images.ygoprodeck.com/images/cards/10723472.jpg
18937875,Burning Spear,A FIRE monster equipped with this card increases its ATK by 400 points and decreases its DEF by 200 points.,https://images.ygoprodeck.com/images/cards/18937875.jpg
25669282,Burnout,"Banish 1 face-up ""Chemicritter"" monster you control; Special Summon 2 ""Chemicritter"" monsters from your Deck, with different names from each other. When your opponent declares a direct attack, except the turn this card was sent to the Graveyard: You can banish this card from your Graveyard, then target 1 of your banished Gemini monsters; Special Summon it, and if you do, it becomes an Effect Monster and gains its effects. You can only activate 1 ""Burnout"" per turn.",https://images.ygoprodeck.com/images/cards/25669282.jpg
80163754,Burst Breath,Tribute 1 Dragon-Type monster; destroy all face-up monsters on the field whose DEF is less than or equal to the ATK the Tributed monster had on the field.,https://images.ygoprodeck.com/images/cards/80163754.jpg
50243722,Burst Rebirth,"Pay 2000 Life Points, then target 1 monster in your Graveyard; Special Summon that target in face-down Defense Position.",https://images.ygoprodeck.com/images/cards/50243722.jpg
27191436,Burst Return,"If you control a face-up ""Elemental HERO Burstinatrix"": Return all face-up ""Elemental HERO"" monsters on the field to the hand, except ""Elemental HERO Burstinatrix"".",https://images.ygoprodeck.com/images/cards/27191436.jpg
17655904,Burst Stream of Destruction,"If you control ""Blue-Eyes White Dragon"": Destroy all monsters your opponent controls. ""Blue-Eyes White Dragon"" you control cannot attack the turn you activate this card.",https://images.ygoprodeck.com/images/cards/17655904.jpg
42429678,Bururu @Ignister,"If this card is Normal or Special Summoned: You can send 1 ""@Ignister"" monster from your Deck to the GY. If this card is sent to the GY as material for the Synchro Summon of a Cyberse monster: You can target 1 monster in your GY that was used for that Synchro Summon, except ""Bururu @Ignister""; Special Summon that monster. You can only use each effect of ""Bururu @Ignister"" once per turn.",https://images.ygoprodeck.com/images/cards/42429678.jpg
78193831,Buster Blader,Gains 500 ATK for each Dragon monster your opponent controls or is in their GY.,https://images.ygoprodeck.com/images/cards/78193831.jpg
3428069,"Buster Blader, the Destruction Swordmaster","This card's name becomes ""Buster Blader"" while it is on the field or in the Graveyard. If a monster(s) your opponent controls is destroyed by battle or card effect and sent to the Graveyard: You can target 1 of those destroyed monsters; equip it to this card. Once per turn: You can send 1 Monster Card you control that is equipped to this card to the Graveyard; destroy all monsters your opponent controls with the same Type as that monster sent to the Graveyard.",https://images.ygoprodeck.com/images/cards/3428069.jpg
86240887,"Buster Blader, the Dragon Destroyer Swordsman","1 ""Buster Blader"" + 1 Dragon-Type monster
Must be Fusion Summoned and cannot be Special Summoned by other ways. This card cannot attack directly. This card gains 1000 ATK and DEF for each Dragon-Type monster your opponent controls or is in their Graveyard. Change all Dragon-Type monsters your opponent controls to Defense Position, also Dragon-Type monsters in your opponent's possession cannot activate their effects. If this card attacks a Defense Position monster, inflict piercing battle damage to your opponent.",https://images.ygoprodeck.com/images/cards/86240887.jpg
63676256,Buster Blaster,"Once per turn, you can either: Target 1 face-up monster you control; equip this card to that target, OR: Unequip this card and Special Summon it in face-up Attack Position. While equipped by this effect, the equipped monster loses 500 ATK and DEF. If the equipped monster destroys an opponent's monster by battle: Destroy all face-up monsters on the field with the same Monster Type as the destroyed monster. (A monster can only be equipped with 1 Union Monster at a time. If the equipped monster would be destroyed, destroy this card instead.)",https://images.ygoprodeck.com/images/cards/63676256.jpg
11790356,Buster Dragon,"1 Tuner + 1 or more non-Tuner monsters
All monsters your opponent controls become Dragon-Type. Once per turn, if you do not control a ""Buster Blader"" monster: You can target 1 ""Buster Blader"" in your Graveyard; Special Summon it. Once per turn, during your opponent's turn: You can target 1 ""Buster Blader"" monster you control; equip it with 1 ""Destruction Sword"" monster from your Graveyard (this is a Quick Effect).",https://images.ygoprodeck.com/images/cards/11790356.jpg
4998619,Buster Gundil the Cubic Behemoth,"Cannot be Normal Summoned/Set. Must be Special Summoned (from your hand) by sending 3 ""Cubic"" monsters you control to the Graveyard, and cannot be Special Summoned by other ways. If Summoned this way, this card gains 3000 ATK. This card can make a second and third attack during each Battle Phase. If this card in your possession is sent to your Graveyard by your opponent's card (by battle or card effect): You can target up to 3 ""Cubic"" monsters in your Graveyard; Special Summon them, then you can add 1 ""Cubic"" card from your Deck or Graveyard to your hand.",https://images.ygoprodeck.com/images/cards/4998619.jpg
84740193,Buster Rancher,"Only a monster with an ATK of 1000 points or less can be equipped with this card. During damage calculation, increase the ATK of the monster equipped with this card by 2500 points if the opponent's monster that battles it is in Attack Position and its ATK is 2500 or more, OR if the opponent's monster that battles it is in Defense Position and its DEF is 2500 or more.",https://images.ygoprodeck.com/images/cards/84740193.jpg
49823708,Buster Whelp of the Destruction Swordsman,"When this card is Normal Summoned: You can add 1 ""Destruction Sword"" card from your Deck to your hand, except ""Buster Whelp of the Destruction Swordsman"". You can only use 1 of the following effects of ""Buster Whelp of the Destruction Swordsman"" per turn, and only once that turn.
● You can Tribute this card; Special Summon 1 ""Buster Blader"" from your hand or Graveyard.
● If this card is in your Graveyard and you control ""Buster Blader"": You can discard 1 ""Destruction Sword"" card; Special Summon this card.",https://images.ygoprodeck.com/images/cards/49823708.jpg
83991690,Buten,During your Main Phase: You can banish this card from the Graveyard to target 1 face-up Level 4 or lower LIGHT Fairy-Type monster you control; it is treated as a Tuner monster while face-up on the field.,https://images.ygoprodeck.com/images/cards/83991690.jpg
69243953,Butterfly Dagger - Elma,The equipped monster gains 300 ATK. When this card is destroyed and sent to the Graveyard while equipped: You can return this card to the hand.,https://images.ygoprodeck.com/images/cards/69243953.jpg
75987257,Butterflyoke,"When an opponent's monster declares an attack: Target the attacking monster; change that target to Defense Position, and if you do, equip this card to that monster. Once per turn, during either player's Main Phase or Battle Phase: You can change the equipped monster's Battle Position.",https://images.ygoprodeck.com/images/cards/75987257.jpg
63630268,Butterspy Protection,"Target 1 face-up Attack Position monster on the field; change it to face-up Defense Position, also any damage you take for the rest of this turn is halved.",https://images.ygoprodeck.com/images/cards/63630268.jpg
7150545,Buzzsaw Shark,"You can target 1 WATER monster you control; Special Summon from your Deck in Defense Position, 1 Fish monster with the same Level as that monster, but with a different name, and if you do, it cannot activate its effects this turn, also, you cannot Special Summon monsters from the Extra Deck for the rest of this turn, except Xyz Monsters. You can only use this effect of ""Buzzsaw Shark"" once per turn. If this card is used for the Xyz Summon of a WATER monster, it can be treated as a Level 3 or 5 monster.",https://images.ygoprodeck.com/images/cards/7150545.jpg
35011819,By Order of the Emperor,"When a monster effect is activated that activates when a monster is Normal Summoned: You can negate the activation, then the player whose effect activation was negated draws 1 card.",https://images.ygoprodeck.com/images/cards/35011819.jpg
20735371,Bye Bye Damage,"During damage calculation, if your monster is attacked: Your battling monster cannot be destroyed by that battle, also if you take battle damage from that battle, your opponent takes effect damage equal to double that amount. You can only apply this effect of ""Bye Bye Damage"" once per turn.",https://images.ygoprodeck.com/images/cards/20735371.jpg
36935434,Byroad Sacrifice,"Activate only if a monster on your side of the field is destroyed by battle. Special Summon 1 ""Cyber Ogre"" from your hand.",https://images.ygoprodeck.com/images/cards/36935434.jpg
17597059,Byser Shock,If this card is Summoned: Return all Set cards on the field to the hand.,https://images.ygoprodeck.com/images/cards/17597059.jpg
72656408,Bystial Baldrake,"You can target 1 LIGHT or DARK monster in either GY; banish it, and if you do, Special Summon this card from your hand. This is a Quick Effect if your opponent controls a monster. If your opponent Special Summons a Ritual, Fusion, Synchro, Xyz, and/or Link Monster(s) (except during the Damage Step): You can Tribute 1 other LIGHT or DARK monster, then target 1 of those Special Summoned monsters; banish it. You can only use each effect of ""Bystial Baldrake"" once per turn.",https://images.ygoprodeck.com/images/cards/72656408.jpg
27572350,Bystial Dis Pater,"1 Tuner + 1+ non-Tuner Dragon monsters
You can target 1 banished LIGHT or DARK monster; Special Summon it to your field. When your opponent activates a monster effect (Quick Effect): You can target 1 banished card; shuffle it into the Deck, then if you shuffled it into your Deck, destroy that monster, or if you shuffled it into your opponent's Deck, negate that activated effect. You can only use each effect of ""Bystial Dis Pater"" once per turn.",https://images.ygoprodeck.com/images/cards/27572350.jpg
6637331,Bystial Druiswurm,"You can target 1 LIGHT or DARK monster in either GY; banish it, and if you do, Special Summon this card from your hand. This is a Quick Effect if your opponent controls a monster. If this card is sent from the field to the GY: You can target 1 Special Summoned monster your opponent controls; send it to the GY. You can only use each effect of ""Bystial Druiswurm"" once per turn.",https://images.ygoprodeck.com/images/cards/6637331.jpg
33854624,Bystial Magnamhut,"You can target 1 LIGHT or DARK monster in either GY; banish it, and if you do, Special Summon this card from your hand. This is a Quick Effect if your opponent controls a monster. If this card is Special Summoned: You can activate this effect; during the End Phase of this turn, add 1 Dragon monster from your Deck or GY to your hand, except ""Bystial Magnamhut"". You can only use each effect of ""Bystial Magnamhut"" once per turn.",https://images.ygoprodeck.com/images/cards/33854624.jpg
60242223,Bystial Saronir,"You can target 1 LIGHT or DARK monster in either GY; banish it, and if you do, Special Summon this card from your hand. This is a Quick Effect if your opponent controls a monster. If this card is sent to the GY: You can send 1 ""Bystial"" monster or 1 ""Branded"" Spell/Trap from your Deck to the GY, except ""Bystial Saronir"". You can only use each effect of ""Bystial Saronir"" once per turn.",https://images.ygoprodeck.com/images/cards/60242223.jpg
3405259,C-Crush Wyvern,"Once per turn, you can either: Target 1 LIGHT Machine monster you control; equip this card to that target, OR: Unequip this card and Special Summon it. A monster equipped with this card is unaffected by your opponent's Trap effects, also if the equipped monster would be destroyed by battle or card effect, destroy this card instead. If this card is sent from the field to the GY: You can Special Summon 1 Union monster from your hand.",https://images.ygoprodeck.com/images/cards/3405259.jpg
62777823,CONTAIN!,"(This card is always treated as a ""Rescue-ACE"" card.)
If you control a ""Rescue-ACE"" monster: Target 1 Effect Monster your opponent controls; this turn, that Effect Monster cannot attack, also its effects are negated. If you control ""Rescue-ACE Hydrant"" at resolution of this effect, that monster also cannot be used as material for a Fusion, Synchro, Xyz, or Link Summon this turn.",https://images.ygoprodeck.com/images/cards/62777823.jpg
67926903,CXyz Barian Hope,"3 or more Level 7 monsters
You can also Xyz Summon this card by using 1 monster you control with ""Number C101"" through ""Number C107"" in its name as the Xyz Material. (Xyz Materials attached to that monster also become Xyz Materials on this card.) This card gains 1000 ATK for each Xyz Material attached to it. You can target 1 ""Number"" monster in your Graveyard; until your opponent's next End Phase, this card's name becomes that monster's, and replace this effect with that monster's original effects. You can only use this effect of ""CXyz Barian Hope"" once per turn.",https://images.ygoprodeck.com/images/cards/67926903.jpg
76419637,CXyz Battleship Cherry Blossom,"4 Level 4 monsters
Once per turn, during your opponent's End Phase, if your opponent has more cards in their hand than you do: They discard 1 card. If this card has ""Battlecruiser Dianthus"" as an Xyz Material, it gains this effect.
● You can detach 1 Xyz Material from this card; inflict 300 damage to your opponent for each card on the field. You can only use this effect of ""CXyz Battleship Cherry Blossom"" once per turn.",https://images.ygoprodeck.com/images/cards/76419637.jpg
88754763,CXyz Coach Lord Ultimatrainer,"4 Level 9 monsters
This card cannot be targeted by card effects. If this card has an Xyz Monster as an Xyz Material, it gains this effect.
● Once per turn: You can detach 1 Xyz Material from this card; draw 1 card and reveal it, then if it was a monster, inflict 800 damage to your opponent.",https://images.ygoprodeck.com/images/cards/88754763.jpg
13030280,CXyz Comics Hero Legend Arthur,"3 Level 5 monsters
Once per turn, this card cannot be destroyed by battle. If this card has ""Comics Hero King Arthur"" as an Xyz Material, it gains this effect.
● When this card destroys a monster by battle and sends it to the Graveyard: You can detach 1 Xyz Material from this card; banish the destroyed monster, and if you do, inflict damage to your opponent equal to its original ATK.",https://images.ygoprodeck.com/images/cards/13030280.jpg
23454876,CXyz Dark Fairy Cheer Girl,"3 Level 5 monsters
When this card is sent from the field to the Graveyard: Draw 1 card. If this card has ""Fairy Cheer Girl"" as an Xyz Material, it gains this effect.
● When this card destroys an opponent's monster by battle and remains on the field: You can detach 1 Xyz Material from this card; inflict 400 damage to your opponent for each card in your hand.",https://images.ygoprodeck.com/images/cards/23454876.jpg
3685372,CXyz Gimmick Puppet Fanatix Machinix,"3 Level 9 monsters
If this card is Special Summoned: You can add 1 ""Puppet"" Trap from your Deck to your hand. You can detach 1 material from this card; Special Summon 1 monster from either GY to your opponent's field in Defense Position. If a monster(s) is Special Summoned to your opponent's field (except during the Damage Step): You can target 1 of them; destroy it, and if you do, inflict damage to your opponent equal to half its original ATK. You can only use each effect of ""CXyz Gimmick Puppet Fanatix Machinix"" once per turn.",https://images.ygoprodeck.com/images/cards/3685372.jpg
41309158,CXyz Mechquipped Djinn Angeneral,"3 Level 4 monsters
When this card is Xyz Summoned: You can target 1 Defense Position monster on the field; change that target to face-up Attack Position. If this card has ""Mechquipped Angineer"" as an Xyz Material, it gains this effect.
● When this card inflicts battle damage to your opponent: You can detach 1 Xyz Material from this card; inflict 1000 damage to your opponent.",https://images.ygoprodeck.com/images/cards/41309158.jpg
61374414,CXyz N.As.Ch. Knight,"3 Level 6 monsters
You can also Xyz Summon this card by using ""N.As.H. Knight"" you control. (Transfer its materials to this card.) Cannot be destroyed by card effects. You can detach 1 material from this card; Special Summon from your Extra Deck, 1 ""Number"" Xyz Monster that has a number between ""101"" and ""107"" in its name, using this face-up card you control as material, but destroy it during your opponent's next End Phase. (This is treated as an Xyz Summon. Transfer its materials to the Summoned monster.) You can only use this effect of ""CXyz N.As.Ch. Knight"" once per turn.",https://images.ygoprodeck.com/images/cards/61374414.jpg
41147577,CXyz Simon the Great Moral Leader,"3 Level 7 monsters
This card is unaffected by other monster effects. If this card has ""Norito the Moral Leader"" as an Xyz Material, it gains this effect.
● Once per turn, during either player's turn: You can detach 1 Xyz Material from this card, then target 1 monster your opponent controls; change its battle position, and if you do, negate its effects until the end of this turn.",https://images.ygoprodeck.com/images/cards/41147577.jpg
49202331,CXyz Skypalace Babylon,"3 Level 11 monsters
When this card destroys a monster by battle and sends it to the Graveyard: Inflict damage to your opponent equal to half the original ATK of the destroyed monster in the Graveyard. If this card has ""Skypalace Gangaridai"" as an Xyz Material, it gains this effect.
● Once per turn, if this card destroys a monster by battle: You can detach 1 Xyz Material from this card; it can make a second attack in a row.",https://images.ygoprodeck.com/images/cards/49202331.jpg
91449144,"Caam, Serenity of Gusto","Once per turn: You can shuffle 2 ""Gusto"" monsters from your Graveyard into the Main Deck; draw 1 card.",https://images.ygoprodeck.com/images/cards/91449144.jpg
84384943,Cabrera Stone,"If this card is Summoned: You can add 1 ""Triangle O"" from your Deck to your hand, then if this card is in Attack Position, change it to Defense Position. You can only use this effect of ""Cabrera Stone"" once per turn. If this card is destroyed by battle or card effect: Take 1000 damage.",https://images.ygoprodeck.com/images/cards/84384943.jpg
31615285,Cactus Bouncer,"Cannot be Special Summoned. While another Plant monster is on the field, neither player can Special Summon monsters.",https://images.ygoprodeck.com/images/cards/31615285.jpg
74440055,Cactus Fighter,"If this card destroys an opponent's monster by battle, Special Summon 1 ""Needle Token"" (Plant-Type/EARTH/Level 1/ATK 500/DEF 500) to your opponent's side of the field in Defense Position.",https://images.ygoprodeck.com/images/cards/74440055.jpg
9342162,"Cagna, Malebranche of the Burning Abyss","If you control a monster that is not a ""Burning Abyss"" monster, destroy this card. You can only use 1 of these effects of ""Cagna, Malebranche of the Burning Abyss"" per turn, and only once that turn.
● If you control no Spell/Trap Cards: You can Special Summon this card from your hand.
● If this card is sent to the Graveyard: You can send 1 ""Burning Abyss"" Spell/Trap Card from your Deck to the Graveyard.",https://images.ygoprodeck.com/images/cards/9342162.jpg
21501505,"Cairngorgon, Antiluminescent Knight","2 Level 4 monsters
During either player's turn, when another card or effect is activated that targets exactly 1 card on the field (and no other cards): You can detach 1 Xyz Material from this card, then target another card on the field that would be an appropriate target for that card/effect; that card/effect now targets the new target.",https://images.ygoprodeck.com/images/cards/21501505.jpg
87288189,Caius the Mega Monarch,"You can Tribute Summon this card by Tributing 1 Tribute Summoned monster. If this card is Tribute Summoned: Target 1 card on the field; banish it, and if you do, inflict 1000 damage to your opponent, then, if it is a DARK Monster Card, banish all cards with that name from the hand, Main Deck, Extra Deck, and GY of the player who controlled it. If this card was Tribute Summoned by Tributing a DARK monster, add this additional effect.
● You can target 2 cards, instead.",https://images.ygoprodeck.com/images/cards/87288189.jpg
9748752,Caius the Shadow Monarch,"If this card is Tribute Summoned: Target 1 card on the field; banish that target, and if you do, inflict 1000 damage to your opponent if it is a DARK monster.",https://images.ygoprodeck.com/images/cards/9748752.jpg
73213494,"Calcab, Malebranche of the Burning Abyss","If you control a monster that is not a ""Burning Abyss"" monster, destroy this card. You can only use 1 of these effects of ""Calcab, Malebranche of the Burning Abyss"" per turn, and only once that turn.
● If you control no Spell/Trap Cards: You can Special Summon this card from your hand.
● If this card is sent to the Graveyard: You can target 1 Set Spell/Trap Card on the field; return that target to the hand.",https://images.ygoprodeck.com/images/cards/73213494.jpg
67692580,Caligo Claw Crow,"If you control a DARK monster, you can Special Summon this card (from your hand). You can only Special Summon ""Caligo Claw Crow"" once per turn this way.",https://images.ygoprodeck.com/images/cards/67692580.jpg
78637313,Call of Darkness,"All monsters restored with ""Monster Reborn"" are sent to the Graveyard. ""Monster Reborn"" also cannot be played as long as this card remains on the field.",https://images.ygoprodeck.com/images/cards/78637313.jpg
97803170,Call of the Archfiend,"You can target 1 Level 5 or higher Fiend monster in your GY; discard 1 Fiend monster, and if you do, Special Summon the targeted monster. You can only use this effect of ""Call of the Archfiend"" once per turn.",https://images.ygoprodeck.com/images/cards/97803170.jpg
73199638,Call of the Atlanteans,Target 3 Level 3 or lower Sea Serpent-Type monsters in your Graveyard; Special Summon all 3 of them. You cannot Special Summon any other monsters during the turn you activate this card.,https://images.ygoprodeck.com/images/cards/73199638.jpg
65743242,Call of the Earthbound,When an opponent's monster declares an attack: You choose the target of the attack.,https://images.ygoprodeck.com/images/cards/65743242.jpg
16970158,Call of the Grave,"When your opponent activates ""Monster Reborn"": Negate the effect of that ""Monster Reborn"".",https://images.ygoprodeck.com/images/cards/16970158.jpg
97077563,Call of the Haunted,"Activate this card by targeting 1 monster in your GY; Special Summon that target in Attack Position. When this card leaves the field, destroy that monster. When that monster is destroyed, destroy this card.",https://images.ygoprodeck.com/images/cards/97077563.jpg
300101003,Call of the Haunted (Skill Card),"[At the start of the Duel, place this card in your center Spell & Trap Zone. You cannot activate this Skill during your first turn of the Duel. You draw 1 less card at the beginning of the Duel.] 

Activate this card by targeting 1 monster in your GY; Special Summon that target in Attack Position. When this card leaves the field, destroy that monster. When that monster is destroyed, destroy this card.",https://images.ygoprodeck.com/images/cards/300101003.jpg
4861205,Call of the Mummy,Once per turn: You can Special Summon 1 Zombie monster from your hand. You must control no monsters to activate and to resolve this effect.,https://images.ygoprodeck.com/images/cards/4861205.jpg
45133463,Call of the Reaper,"Activate only when a monster(s) is Special Summoned from your Graveyard. Select and Special Summon 1 ""Supay"" or 1 ""Fire Ant Ascator"" from your Graveyard.",https://images.ygoprodeck.com/images/cards/45133463.jpg
24224830,Called by the Grave,"Target 1 monster in your opponent's GY; banish it, and if you do, until the end of the next turn, its effects are negated, as well as the activated effects and effects on the field of monsters with the same original name.",https://images.ygoprodeck.com/images/cards/24224830.jpg
51773900,Calming Magic,"This card can only be activated at the start of Main Phase 1. During the Main Phases and Battle Phase of this turn, neither player can Summon monsters.",https://images.ygoprodeck.com/images/cards/51773900.jpg
15635751,"Camelot, Realm of Noble Knights and Noble Arms","Once per turn, if a ""Noble Knight"" card(s) you control would be destroyed by battle or card effect, you can destroy 1 Equip Card you control instead. During your Main Phase: You can banish this card (until the next Standby Phase), and if you do, place 1 ""Noble Knights of the Round Table"" from your hand, Deck, or GY, face-up in your Field Zone, then you can Special Summon 1 ""Artorigus"" monster, or add to your hand 1 ""Noble Arms"" card, from your Deck or GY. You can only use this effect of ""Camelot, Realm of Noble Knights and Noble Arms"" once per turn.",https://images.ygoprodeck.com/images/cards/15635751.jpg
5244497,Cameraclops,"If this card attacks a face-up monster on the field, at the start of the Damage Step: Destroy that monster. Its DEF must be higher than this card's ATK to activate and to resolve this effect.",https://images.ygoprodeck.com/images/cards/5244497.jpg
47695416,Candle of Fate,Decides the fate of an opponent when the candle on its fingertip burns out.,https://images.ygoprodeck.com/images/cards/47695416.jpg
91754175,Caninetaur,"Once per turn, if this card battles an opponent's monster, during damage calculation (in either player's turn): You can send 1 Beast, Beast-Warrior, or Winged Beast-Type monster from your hand or Deck to the Graveyard, and if you do, this card gains ATK equal to the sent monster's Level x 100, until the end of the Battle Phase.",https://images.ygoprodeck.com/images/cards/91754175.jpg
11384280,Cannon Soldier,You can Tribute 1 monster; inflict 500 damage to your opponent.,https://images.ygoprodeck.com/images/cards/11384280.jpg
14702066,Cannon Soldier MK-2,You can Tribute 2 monsters to inflict 1500 damage to your opponent.,https://images.ygoprodeck.com/images/cards/14702066.jpg
95614612,Cannonball Spear Shellfish,"While ""Umi"" is face-up on the field, this card is unaffected by any Spell Cards.",https://images.ygoprodeck.com/images/cards/95614612.jpg
16021142,Canon the Melodious Diva,"If you control a ""Melodious"" monster, you can Special Summon this card (from your hand). You can only Special Summon ""Canon the Melodious Diva"" once per turn this way. Once per turn: You can target 1 ""Melodious"" monster you control; change its battle position.",https://images.ygoprodeck.com/images/cards/16021142.jpg
1490690,Canopic Protector,"Once per Chain, when your opponent activates a card or effect: You can Special Summon 1 ""Horus"" monster from your hand or GY, but for the rest of this turn, you cannot Special Summon monsters with the same original name by the effect of ""Canopic Protector"". If this card is sent from the hand or field to the GY: You can Set this card, but banish it when it leaves the field. You can only use this effect of ""Canopic Protector"" once per turn.",https://images.ygoprodeck.com/images/cards/1490690.jpg
28120197,Canyon,"If a Rock-Type monster in Defense Position is attacked, double any Battle Damage to the controller of the attacking monster.",https://images.ygoprodeck.com/images/cards/28120197.jpg
29716911,Capacitor Stalker,"When this card is Normal Summoned: You can target 1 other Cyberse monster you control; while this face-up monster is on the field, that monster gains 800 ATK. If this card in the Monster Zone is destroyed by a card effect and sent to the GY: Each player takes 800 damage. You can only use this effect of ""Capacitor Stalker"" once per turn.",https://images.ygoprodeck.com/images/cards/29716911.jpg
55289183,Capricious Darklord,"During the Main Phase (Quick Effect): You can activate this effect; Tribute Summon 1 Fairy monster face-up. If this card is sent to the GY: You can make all monsters your opponent currently controls lose 500 ATK/DEF for each Fairy monster on the field, until the end of this turn. You can only use each effect of ""Capricious Darklord"" once per turn.",https://images.ygoprodeck.com/images/cards/55289183.jpg
76722334,Capshell,"You can only use 1 of the following effects of ""Capshell"" per turn, and only once that turn.
● If this card is Tributed: You can draw 1 card.
● If this card is used as material for a Fusion, Synchro, or Link Summon: You can draw 1 card.
● If this card is detached from an Xyz Monster to activate that monster's effect: You can draw 1 card.",https://images.ygoprodeck.com/images/cards/76722334.jpg
37806313,Caravan of the Ice Barrier,"Once per turn, you can select 2 ""Ice Barrier"" monsters in your Graveyard. Return the selected monsters to the Deck and each player draws 1 card.",https://images.ygoprodeck.com/images/cards/37806313.jpg
15981690,Carboneddon,"If this card battles a FIRE monster, during damage calculation: This card gains 1000 ATK during damage calculation only. You can banish this card from your Graveyard; Special Summon, from your hand or Deck, 1 Level 7 or lower Dragon-Type Normal Monster in face-up Defense Position. You can only use this effect of ""Carboneddon"" once per turn.",https://images.ygoprodeck.com/images/cards/15981690.jpg
52112003,Card Advance,"Look at up to 5 cards from the top of your Deck, then place them on the top of the Deck in any order. You can Tribute Summon 1 monster in addition to your Normal Summon/Set this turn. (You can only gain this effect once per turn.)",https://images.ygoprodeck.com/images/cards/52112003.jpg
42256406,Card Blocker,"When this card is Summoned: Change it to Defense Position. When a face-up monster you control is targeted for an attack: You can change the target to this card. When this card is targeted for an attack: You can choose a number from 1 to 3, then send that many cards from the top of your Deck to the Graveyard; this card gains 500 DEF for each card sent, until the End Phase.",https://images.ygoprodeck.com/images/cards/42256406.jpg
51047350,Card Breaker,"This card cannot be Normal Summoned or Set. This card can only be Special Summoned, in face-up Attack Position, by sending 1 card from your Spell & Trap Card Zone to the Graveyard.",https://images.ygoprodeck.com/images/cards/51047350.jpg
72892473,Card Destruction,"Both players discard as many cards as possible from their hands, then each player draws the same number of cards they discarded.",https://images.ygoprodeck.com/images/cards/72892473.jpg
26701483,Card Ejector,Once per turn: You can target 1 card in your opponent's Graveyard; banish that target.,https://images.ygoprodeck.com/images/cards/26701483.jpg
4694209,Card Guard,"If this card is Normal or Special Summoned: Place 1 Guard Counter on it. This card gains 300 ATK for each Guard Counter on it. Once per turn: You can target 1 other face-up card you control; remove 1 Guard Counter from this card, and if you do, place 1 Guard Counter on that target (if that card would ever be destroyed, remove 1 Guard Counter from it instead).",https://images.ygoprodeck.com/images/cards/4694209.jpg
72767833,Card Rotator,Send 1 card from your hand to the Graveyard. Change the battle positions of all monsters your opponent controls. (Face-down Defense Position monsters are flipped to face-up Attack Position.),https://images.ygoprodeck.com/images/cards/72767833.jpg
77066768,Card Scanner,"Once per turn: You can declare 1 card type (Monster, Spell, or Trap); both players reveal the bottom card of their Decks, and if it was the declared card type, they add it to their hand. Otherwise, they place it on top of their Deck. If this face-up card in its owner's Spell & Trap Zone is destroyed by an opponent's card effect: You can make your opponent place 1 card from their hand on the bottom of the Deck.",https://images.ygoprodeck.com/images/cards/77066768.jpg
12183332,Card Shuffle,"Pay 300 Life Points to use this card's effect. Shuffle either your or your opponent's Deck. You can only use this effect during your turn, once per turn.",https://images.ygoprodeck.com/images/cards/12183332.jpg
48712195,Card Trader,"Once per turn, during your Standby Phase: You can shuffle 1 card from your hand into the Deck; draw 1 card.",https://images.ygoprodeck.com/images/cards/48712195.jpg
85087012,Card Trooper,"Once per turn: You can choose a number from 1 to 3, then send that many cards from the top of your Deck to the GY; this card gains 500 ATK for each card sent to the GY this way, until the end of this turn. If this card you control is destroyed and sent to your GY: Draw 1 card.",https://images.ygoprodeck.com/images/cards/85087012.jpg
59750328,Card of Demise,"Draw until you have 3 cards in your hand, also for the rest of this turn after this card resolves, your opponent takes no damage. During the End Phase of this turn, send your entire hand to the GY. You can only activate 1 ""Card of Demise"" per turn. You cannot Special Summon during the turn you activate this card.",https://images.ygoprodeck.com/images/cards/59750328.jpg
74191528,Card of Fate,"Each player chooses 1 card from their Deck, then each player combines it with 4 additional random cards chosen from their Deck by their opponent, then randomly selects 1 of those 5 cards to reveal and add to their hand. Shuffle the rest back into the Decks. You can only activate 1 ""Card of Fate"" per turn.",https://images.ygoprodeck.com/images/cards/74191528.jpg
88513608,Card of Sacrifice,"Draw 2 cards, if the combined ATK of all your face-up Attack Position monsters (minimum 2) is less than the ATK of your opponent's face-up monster with the lowest ATK. You cannot Summon or change Battle Position the turn you activate this card.",https://images.ygoprodeck.com/images/cards/88513608.jpg
57953380,Card of Safe Return,"When a monster is Special Summoned from your Graveyard, you can draw 1 card.",https://images.ygoprodeck.com/images/cards/57953380.jpg
42664989,Card of Sanctity,Banish all other cards you control and in your hand (min. 1 from each); draw until you have 2 cards in your hand.,https://images.ygoprodeck.com/images/cards/42664989.jpg
7044562,Card of the Soul,"Look at your Deck, and if you do, you can add 1 monster from your Deck to your hand, whose sum of ATK and DEF equals your LP. You can only activate 1 ""Card of the Soul"" per turn.",https://images.ygoprodeck.com/images/cards/7044562.jpg
45812361,Cardcar D,"Cannot be Special Summoned. During your Main Phase 1, if this card was Normal Summoned this turn: You can Tribute this card; draw 2 cards, then it becomes the End Phase. You cannot Special Summon during the turn you activate this effect.",https://images.ygoprodeck.com/images/cards/45812361.jpg
4168871,Cards for Black Feathers,"Banish 1 ""Blackwing"" monster from your hand; draw 2 cards. You cannot Special Summon during the turn you activate this card. You can only activate 1 ""Cards for Black Feathers"" per turn.",https://images.ygoprodeck.com/images/cards/4168871.jpg
54977057,Cards from the Sky,"Banish 1 LIGHT Fairy monster in your hand, and if you do, draw 2 cards. You cannot Special Summon or conduct your Battle Phase the turn you activate this card.",https://images.ygoprodeck.com/images/cards/54977057.jpg
39701395,Cards of Consonance,Discard 1 Dragon Tuner with 1000 or less ATK; draw 2 cards.,https://images.ygoprodeck.com/images/cards/39701395.jpg
32566831,Cards of the Red Stone,"Send 1 Level 7 ""Red-Eyes"" monster from your hand to the Graveyard; draw 2 cards, then you can send 1 Level 7 ""Red-Eyes"" monster from your Deck to the Graveyard. You can only activate 1 ""Cards of the Red Stone"" per turn.",https://images.ygoprodeck.com/images/cards/32566831.jpg
13567610,Carnot the Eternal Machine,"Cannot be Normal Summoned/Set. Must first be Special Summoned (from your hand or GY) during a Duel in which your opponent has activated a monster effect in their hand or GY. You can only Special Summon ""Carnot the Eternal Machine"" once per turn. Once per turn, if your opponent activates a monster effect (except during the Damage Step): You can make this card gain 1000 ATK. If this card is sent to the GY, except from the hand or Deck: Shuffle this card into the Deck.",https://images.ygoprodeck.com/images/cards/13567610.jpg
85055821,"Carpiponica, Mystical Beast of the Forest","If this card is sent from the hand to the GY: You can target 2 other Beast, Beast-Warrior, Winged Beast, Insect, and/or Plant monsters with different Types in your GY; shuffle them into the Deck, and if you do, Special Summon this card. If this card is Normal or Special Summoned: You can add 1 ""Mystical Beast of the Forest"" monster or 1 ""Mystical Spirit of the Forest"" monster from your Deck to your hand, except ""Carpiponica, Mystical Beast of the Forest"". You can only use each effect of ""Carpiponica, Mystical Beast of the Forest"" once per turn.",https://images.ygoprodeck.com/images/cards/85055821.jpg
46848859,Carrierroid,"When an opponent activates a card's effect that targets and destroys a Spell or Trap Card(s) you control, you can discard 1 card to negate its activation and destroy the card.",https://images.ygoprodeck.com/images/cards/46848859.jpg
94076521,Cartorhyn the Hidden Gem of the Seafront,"You can discard this card; you can Normal Summon 1 EARTH or WATER monster during your Main Phase this turn, in addition to your Normal Summon/Set. (You can only gain this effect once per turn.) If you control an EARTH and WATER monster(s), while this card is in your GY: You can Special Summon this card, but banish it when it leaves the field. You can only use each effect of ""Cartorhyn the Hidden Gem of the Seafront"" once per turn.",https://images.ygoprodeck.com/images/cards/94076521.jpg
59957503,Cash Back,"When your opponent activates a Spell/Trap Card, or monster effect, by paying their Life Points: Negate the activation, and if you do, return it to the Deck.",https://images.ygoprodeck.com/images/cards/59957503.jpg
12527118,Cassimolar,"When this card is Normal Summoned: You can target 1 face-up monster your opponent controls; it gains ATK equal to its original ATK, also during the End Phase of the next turn, destroy that face-up monster, and if you do, your opponent takes damage equal to half its original ATK. At the start of your opponent's Battle Phase: You can Tribute this Normal Summoned/Set card; your opponent's monsters cannot attack directly for the rest of this turn.",https://images.ygoprodeck.com/images/cards/12527118.jpg
82633039,"Castel, the Skyblaster Musketeer","2 Level 4 monsters
You can detach 1 material from this card, then target 1 face-up monster on the field; change it to face-down Defense Position. You can detach 2 materials from this card, then target 1 other face-up card on the field; shuffle it into the Deck. You can only use 1 ""Castel, the Skyblaster Musketeer"" effect per turn, and only once that turn.",https://images.ygoprodeck.com/images/cards/82633039.jpg
36931229,Castle Gate,"This card cannot be destroyed by battle. Once per turn, if this card is in face-up Attack Position, you can Tribute 1 Level 5 or lower monster to inflict damage to your opponent equal to that monster's original ATK.",https://images.ygoprodeck.com/images/cards/36931229.jpg
22198672,Castle Link,Once per turn: You can target 1 Link Monster on the field; move it to a Main Monster Zone it points to on its controller's field. Once per turn: You can switch the locations of 2 Link Monsters in your Main Monster Zones or 2 Link Monsters in your opponent's Main Monster Zones.,https://images.ygoprodeck.com/images/cards/22198672.jpg
44209392,Castle Walls,Increase the DEF of 1 face-up monster on the field by 500 points until the end of this turn.,https://images.ygoprodeck.com/images/cards/44209392.jpg
62121,Castle of Dark Illusions,"FLIP: All Zombie-Type monsters gain 200 ATK and DEF. During each of your next 4 Standby Phases, each of those Zombie-Type monsters gains 200 more ATK and DEF. These effects last as long as this card is face-up on the field.",https://images.ygoprodeck.com/images/cards/62121.jpg
13513663,Castle of Dragon Souls,"Once per turn: You can banish 1 Dragon monster from your GY, then target 1 monster you control; it gains 700 ATK until the end of this turn (even if this card leaves the field). When this face-up card on the field is sent to the GY: You can target 1 of your banished Dragon monsters; Special Summon that target. You can only control 1 ""Castle of Dragon Souls"".",https://images.ygoprodeck.com/images/cards/13513663.jpg
84224627,Cat Shark,"2 Level 2 monsters
While this card has an Xyz Material attached that was originally WATER, it cannot be destroyed by battle. Once per turn, during either player's turn: You can detach 1 Xyz Material from this card, then target 1 Rank 4 or lower Xyz Monster you control; its ATK and DEF each become double its original ATK and DEF until the end of this turn.",https://images.ygoprodeck.com/images/cards/84224627.jpg
95841282,Cat's Ear Tribe,The original ATK of your opponent's monster(s) that battles with this card during his/her turn becomes 200 points during the Damage Step.,https://images.ygoprodeck.com/images/cards/95841282.jpg
62850093,Cataclysmic Circumpolar Chilblainia,"If a face-up WATER monster(s) you control is destroyed by battle or an opponent's card effect: You can Special Summon this card from your hand, then you can send 1 random card from your opponent's hand to the GY. You can only use this effect of ""Cataclysmic Circumpolar Chilblainia"" once per turn.",https://images.ygoprodeck.com/images/cards/62850093.jpg
9028399,Cataclysmic Crusted Calcifida,"If a face-up EARTH monster(s) you control is destroyed by battle or an opponent's card effect: You can Special Summon this card from your hand, then, you can send 1 monster from your Deck to the GY. You can only use this effect of ""Cataclysmic Crusted Calcifida"" once per turn.",https://images.ygoprodeck.com/images/cards/9028399.jpg
19420830,Cataclysmic Cryonic Coldo,"If a face-up WIND monster(s) you control is destroyed by battle or an opponent's card effect: You can Special Summon this card from your hand, then, you can place 1 Spell/Trap from the field on top of the Deck. You can only use this effect of ""Cataclysmic Cryonic Coldo"" once per turn.",https://images.ygoprodeck.com/images/cards/19420830.jpg
39505816,Cataclysmic Scorching Sunburner,"If a face-up FIRE monster(s) you control is destroyed by battle or an opponent's card effect: You can Special Summon this card from your hand, then, you can inflict damage to your opponent equal to half the ATK of 1 of those destroyed FIRE monsters in your GY. You can only use this effect of ""Cataclysmic Scorching Sunburner"" once per turn.",https://images.ygoprodeck.com/images/cards/39505816.jpg
65959844,Catalyst Field,"Each turn, 1 Level 5 or higher Gemini monster you Normal Summon can be Summoned without Tributing. During your Main Phase, you can Normal Summon 1 Gemini monster in addition to your Normal Summon/Set. (You can only gain this effect once per turn.) Once per turn: You can target 1 card your opponent controls; banish 1 Gemini monster you control, that is treated as an Effect Monster and has gained its effects, until your opponent's End Phase, and if you do, destroy that card.",https://images.ygoprodeck.com/images/cards/65959844.jpg
95727991,Catapult Turtle,Once per turn: You can Tribute 1 monster; inflict damage to your opponent equal to half the Tributed monster's ATK on the field.,https://images.ygoprodeck.com/images/cards/95727991.jpg
37474917,Catapult Warrior,"1 Tuner + 1 or more non-Tuner monsters
Once per turn: You can Tribute 1 ""Junk"" monster; inflict damage to your opponent equal to the original ATK of the Tributed monster.",https://images.ygoprodeck.com/images/cards/37474917.jpg
14289852,Catapult Zone,"Once per turn, if a monster you control would be destroyed by battle, you can send 1 Rock-Type monster from your Deck to the Graveyard instead.",https://images.ygoprodeck.com/images/cards/14289852.jpg
300102003,Catch of the Day,"[Flip this card over when you activate this Skill.]

If you control ""The Legendary Fisherman"", you can activate ""Umi"" directly from your Deck or GY. This Skill can only be used once per Duel.
Once per turn, when ""The Legendary Fisherman"" you control destroys a monster by battle or inflicts battle damage to your opponent, you can Special Summon 1 Level 4 or lower WATER monster from your Deck or GY in Defense Position.",https://images.ygoprodeck.com/images/cards/300102003.jpg
50690129,Catche Eve L2,"If this card is in your hand: You can target 1 Level 3 or higher monster you control; reduce its Level by exactly 2, and if you do, Special Summon this card. You can only use this effect of ""Catche Eve L2"" once per turn.",https://images.ygoprodeck.com/images/cards/50690129.jpg
96501677,Catnipped Kitty,"This card cannot be attacked if there is another Beast-Type monster on your side of the field. Once per turn, you can make the DEF of 1 monster on your opponent's side of the field 0 until the end of this turn.",https://images.ygoprodeck.com/images/cards/96501677.jpg
54360049,Catoblepas and the Witch of Fate,"When your opponent Special Summons a monster(s), you can remove from play 1 monster with ? ATK from your Graveyard to destroy that Special Summoned monster(s).",https://images.ygoprodeck.com/images/cards/54360049.jpg
45955628,"Catoblepas, Familiar of the Evil Eye","You can target 1 ""Evil Eye"" Spell/Trap you control; once, until the end of the next turn, that card cannot be destroyed by your opponent's card effects. If you control an ""Evil Eye"" monster other than ""Catoblepas, Familiar of the Evil Eye"", while this card is in your GY: You can Special Summon this card, but banish it when it leaves the field. You can only use each effect of ""Catoblepas, Familiar of the Evil Eye"" once per turn.",https://images.ygoprodeck.com/images/cards/45955628.jpg
50619462,Cattle Call,"Send 1 face-up monster you control to the Graveyard, whose original Type is Beast, Beast-Warrior, or Winged Beast; Special Summon 1 monster from your Extra Deck with the same original Type, but it cannot attack, its effects are negated, also it is destroyed during the End Phase. You can only activate 1 ""Cattle Call"" per turn.",https://images.ygoprodeck.com/images/cards/50619462.jpg
61245403,Cattycorn,"If this card is Special Summoned while you control no card in your Field Zone: You can add 1 Field Spell from your Deck to your hand. If this card is destroyed by battle or card effect and sent to the GY: You can target 1 Field Spell in your GY; add 1 card with its name from your Deck to your hand. You can only use each effect of ""Cattycorn"" once per turn.",https://images.ygoprodeck.com/images/cards/61245403.jpg
91740879,Cauldron of the Old Man,"When this card is activated: Place 1 counter on it. Once per turn, during your Standby Phase: Place 1 counter on this card. Once per turn: You can activate 1 of these effects;
● Gain 500 LP for each counter on this card.
● Inflict 300 damage to your opponent for each counter on this card.",https://images.ygoprodeck.com/images/cards/91740879.jpg
93220472,Cave Dragon,Cannot be Normal Summoned while you control a monster. This card cannot declare an attack unless you control another Dragon-Type monster.,https://images.ygoprodeck.com/images/cards/93220472.jpg
36468556,Ceasefire,"If a face-down Defense Position monster or an Effect Monster is on the field: Change all face-down Defense Position monsters on the field to face-up Defense Position (Flip monsters' effects are not activated at this time), also inflict 500 damage to your opponent for each Effect Monster on the field.",https://images.ygoprodeck.com/images/cards/36468556.jpg
43912676,Celestia,"All Wyrm-Type monsters gain 300 ATK and DEF. Once per turn: You can banish 3 Wyrm-Type monsters from your Graveyard, then target 1 card on the field; destroy it.",https://images.ygoprodeck.com/images/cards/43912676.jpg
94381039,"Celestia, Lightsworn Angel","When you Tribute Summon this card by Tributing a ""Lightsworn"" monster: You can send the top 4 cards of your Deck to the GY, then target up to 2 cards your opponent controls; destroy those targets.",https://images.ygoprodeck.com/images/cards/94381039.jpg
54092240,Celestial Apparatus Tesea,"If you control an ""Adventurer Token"": You can Special Summon this card from your hand. You can reveal 1 card in your hand that mentions an ""Adventurer Token""; add 1 Spell that mentions an ""Adventurer Token"" from your Deck to your hand, except a Normal Spell. You cannot Special Summon monsters the turn you activate this effect, except an ""Adventurer Token"" or monsters that mention it. You can only use each effect of ""Celestial Apparatus Tesea"" once per turn.",https://images.ygoprodeck.com/images/cards/54092240.jpg
25472513,Celestial Double Star Shaman,"1 Tuner + 1 non-Tuner monster
When this card is Synchro Summoned: You can Special Summon up to 4 Level 2 non-Tuner monsters from your hand and/or Graveyard in Defense Position, but they have their effects negated, also you cannot Special Summon monsters from the Extra Deck for the rest of this turn, except Synchro Monsters. You can only use this effect of ""Celestial Double Star Shaman"" once per turn.",https://images.ygoprodeck.com/images/cards/25472513.jpg
48589580,Celestial Knightlord Parshath,"2+ Fairy monsters
You can discard 1 card; add 1 ""The Sanctuary in the Sky"", or 1 card that specifically lists ""The Sanctuary in the Sky"" in its text, from your Deck to your hand, or, if ""The Sanctuary in the Sky"" is on the field, you can add 1 Fairy monster instead. If another face-up Fairy monster you control is sent to the GY (except during the Damage Step): You can banish 1 Fairy monster from your GY; Special Summon 1 Fairy monster from your hand whose Level is higher than that banished monster's. You can only use each effect of ""Celestial Knightlord Parshath"" once per turn.",https://images.ygoprodeck.com/images/cards/48589580.jpg
67378104,Celestial Observatory,"Place 1 Level 6 monster from your hand or face-up field on the bottom of the Deck; draw 2 cards. You can only activate 1 ""Celestial Observatory"" per turn.",https://images.ygoprodeck.com/images/cards/67378104.jpg
55569674,Celestial Sword - Eatos,"(This card is always treated as a ""Noble Arms"" card.)
The equipped monster gains 500 ATK. When this card is sent from the field to the Graveyard: You can target 1 ""Guardian Eatos"" you control; it gains 500 ATK for each banished monster.",https://images.ygoprodeck.com/images/cards/55569674.jpg
28890974,Celestial Transformation,"Special Summon 1 Fairy monster from your hand. That monster's ATK is halved, also it is destroyed during the End Phase.",https://images.ygoprodeck.com/images/cards/28890974.jpg
32995007,"Celestial Wolf Lord, Blue Sirius","1 Tuner + 1 or more non-Tuner monsters
When this card on the field is destroyed and sent to the Graveyard: Target 1 face-up monster your opponent controls; it loses 2400 ATK.",https://images.ygoprodeck.com/images/cards/32995007.jpg
84491298,Cell Explosion Virus,Activate only when an opponent's monster with an A-Counter declares an attack. Destroy all Attack Position monsters your opponent controls.,https://images.ygoprodeck.com/images/cards/84491298.jpg
45531624,Celtic Guard of Noble Arms,"Cannot attack while you have any cards in your hand. Once per turn: You can Special Summon 1 ""Celtic Guard"" monster from your hand. When this attacking card inflicts battle damage to your opponent: You can draw cards equal to the number of ""Celtic Guard"" monsters you control.",https://images.ygoprodeck.com/images/cards/45531624.jpg
91152256,Celtic Guardian,"An elf who learned to wield a sword, he baffles enemies with lightning-swift attacks.",https://images.ygoprodeck.com/images/cards/91152256.jpg
51394546,Cemetary Bomb,Inflict 100 damage to your opponent for each card in their Graveyard.,https://images.ygoprodeck.com/images/cards/51394546.jpg
33129626,Centaur Mina,"1 LIGHT Warrior monster + 1 Beast monster
Once per turn, during your turn, when your opponent activates a Trap Card (Quick Effect): You can negate the activation, and if you do, Set that card. You can only use each of the following effects of ""Centaur Mina"" once per turn. During your Main Phase: You can Special Summon 1 Level 2 or lower monster from your hand or GY. If this card is sent to the GY as Synchro Material for a WIND Warrior monster: You can destroy 1 face-up monster on the field.",https://images.ygoprodeck.com/images/cards/33129626.jpg
47346782,Centerfrog,"Cannot be used as material for a Fusion, Synchro, Xyz, or Link Summon. If this card is Normal or Flip Summoned: Change it to Defense Position. Once per turn: You can target 1 monster in your opponent's Main Monster Zone; give your opponent control of this Defense Position card by moving it to their zone adjacent to the target, then if your opponent controls exactly 2 ""Centerfrog"" in the Main Monster Zone, gain control of all monsters in between those 2 cards.",https://images.ygoprodeck.com/images/cards/47346782.jpg
1801154,Centrifugal Field,When a Fusion Monster(s) is destroyed by a card effect and sent to the Graveyard: Its owner targets 1 Fusion Material Monster in their Graveyard that is listed on that Fusion Monster; that player Special Summons that target.,https://images.ygoprodeck.com/images/cards/1801154.jpg
96030710,Centur-Ion Atrii,"If this card you control would be used as Synchro Material, you can treat it as a non-Tuner. You can only use each of the following effects of ""Centur-Ion Atrii"" once per turn. If this card is Normal or Special Summoned, and you have both an ""Emblema"" card and a ""Centur-Ion"" card in your GY: You can draw 1 card, also you cannot Special Summon ""Centur-Ion Atrii"" for the rest of this turn. During the Main Phase, if this card is a Continuous Trap: You can Special Summon this card.",https://images.ygoprodeck.com/images/cards/96030710.jpg
71858682,Centur-Ion Auxila,"1 Tuner + 1+ non-Tuner monsters
Face-up cards in your Spell & Trap Zone cannot be destroyed by card effects. You can only use each of the following effects of ""Centur-Ion Auxila"" once per turn. If this card is Special Summoned: You can add 1 ""Centur-Ion"" card from your Deck to your hand. During the End Phase: You can place 1 of your non-Synchro ""Centur-Ion"" monsters that is banished or in your GY, in your Spell & Trap Zone as a face-up Continuous Trap.",https://images.ygoprodeck.com/images/cards/71858682.jpg
4160316,Centur-Ion Bonds,"Place 1 ""Centur-Ion"" monster from your hand or GY in your Spell & Trap Zone as a face-up Continuous Trap. If a ""Centur-Ion"" Synchro Monster(s) is Special Summoned to your field, while this card is in your GY (except during the Damage Step): You can banish this card, then target 1 ""Centur-Ion"" monster in your GY; place it in your Spell & Trap Zone as a face-up Continuous Trap. You can only use each effect of ""Centur-Ion Bonds"" once per turn.",https://images.ygoprodeck.com/images/cards/4160316.jpg
81696879,Centur-Ion Cimelia,"When your opponent activates a monster effect as Chain Link 2 or higher (Quick Effect): You can activate this effect; the activated effect becomes ""Your opponent places 1 ""Centur-Ion"" monster from their face-up field or GY in their Spell & Trap Zone as a face-up Continuous Trap"", also you cannot Special Summon ""Centur-Ion Cimelia"" for the rest of this turn. During the Main Phase, if this card is a Continuous Trap: You can Special Summon this card. You can only use each effect of ""Centur-Ion Cimelia"" once per turn.",https://images.ygoprodeck.com/images/cards/81696879.jpg
78888899,Centur-Ion Emeth VI,"During your opponent's turn, if this card is in your hand or GY (Quick Effect): You can target 1 ""Centur-Ion"" monster you control, except ""Centur-Ion Emeth VI""; place it in your Spell & Trap Zone as a face-up Continuous Trap, and if you do, Special Summon this card, also you cannot Special Summon ""Centur-Ion Emeth VI"" for the rest of this turn. During the Main Phase, if this card is a Continuous Trap: You can Special Summon this card. You can only use each effect of ""Centur-Ion Emeth VI"" once per turn.",https://images.ygoprodeck.com/images/cards/78888899.jpg
97698279,Centur-Ion Gargoyle II,"You can send 1 face-up ""Centur-Ion"" card you control to the GY; Special Summon this card from your hand, also you cannot Special Summon ""Centur-Ion Gargoyle II"" for the rest of this turn. If this card is sent to the GY as Synchro Material: You can add this card to your hand. During the Main Phase, if this card is a Continuous Trap: You can Special Summon this card, then you can reduce its Level by 4. You can only use each effect of ""Centur-Ion Gargoyle II"" once per turn.",https://images.ygoprodeck.com/images/cards/97698279.jpg
15982593,Centur-Ion Legatia,"1 Tuner + 1+ non-Tuner monsters
Your monsters with 2000 or less ATK cannot be destroyed by battle. You can only use each of the following effects of ""Centur-Ion Legatia"" once per turn. If this card is Special Summoned: You can draw 1 card, then you can destroy the monster your opponent controls with the highest ATK (your choice, if tied). During the End Phase: You can place 1 non-Synchro ""Centur-Ion"" monster from your hand or GY in your Spell & Trap Zone as a face-up Continuous Trap.",https://images.ygoprodeck.com/images/cards/15982593.jpg
40155014,Centur-Ion Phalanx,"Target 1 face-up Monster Card on the field; banish it, and if you do, during the Standby Phase of the next turn, Special Summon that banished monster to its owner's field. You can banish this card from your GY, then target 1 ""Centur-Ion"" Synchro Monster in your GY; Special Summon it, but it loses 1500 ATK. You can only use 1 ""Centur-Ion Phalanx"" effect per turn, and only once that turn.",https://images.ygoprodeck.com/images/cards/40155014.jpg
15005145,Centur-Ion Primera,"While this card is a Continuous Trap, Level 5 or higher ""Centur-Ion"" monsters you control cannot be destroyed by card effects. You can only use each of the following effects of ""Centur-Ion Primera"" once per turn. If this card is Normal or Special Summoned: You can add 1 ""Centur-Ion"" card from your Deck to your hand, except ""Centur-Ion Primera"", also you cannot Special Summon ""Centur-Ion Primera"" for the rest of this turn. During the Main Phase, if this card is a Continuous Trap: You can Special Summon this card.",https://images.ygoprodeck.com/images/cards/15005145.jpg
101206038,Centur-Ion Primera Primus,"1 Tuner + 1+ non-Tuner monsters
This Special Summoned card cannot be destroyed by battle, unless it was Summoned from the Extra Deck. You can only use each of the following effects of ""Centur-Ion Primera Primus"" once per turn. If this card is Synchro Summoned: You can add 1 ""Emblema"" card from your Deck or GY to your hand, then you can destroy 1 card on both players' fields. If a face-up ""Centur-Ion"" card(s) you control leaves the field by an opponent's card effect (except during the Damage Step): You can Special Summon this card from your GY.",https://images.ygoprodeck.com/images/cards/101206038.jpg
42493140,Centur-Ion Trudea,"During your Main Phase: You can place this card you control and 1 ""Centur-Ion"" monster from your hand or Deck, except ""Centur-Ion Trudea"", in your Spell & Trap Zones as face-up Continuous Traps, also you cannot Special Summon ""Centur-Ion Trudea"" for the rest of this turn. During the Main Phase, if this card is a Continuous Trap: You can Special Summon this card, then you can increase its Level by 4. You can only use each effect of ""Centur-Ion Trudea"" once per turn.",https://images.ygoprodeck.com/images/cards/42493140.jpg
77543769,Centur-Ion True Awakening,"When a Spell/Trap Card, or monster effect, is activated: Send 1 face-up Monster Card from your Spell & Trap Zone to the GY; negate the activation, and if you do, destroy that card. You can only activate 1 ""Centur-Ion True Awakening"" per turn.",https://images.ygoprodeck.com/images/cards/77543769.jpg
20228463,Ceremonial Bell,Both players must keep their hands revealed.,https://images.ygoprodeck.com/images/cards/20228463.jpg
82340057,Ceremonial Token,"Special Summoned with the effect of ""Offering to the Immortals"". This Token cannot be Tributed, except for a Tribute Summon of an ""Earthbound Immortal"" monster, and cannot be used as Synchro Material monsters.",https://images.ygoprodeck.com/images/cards/82340057.jpg
24175232,Cerulean Sacred Phoenix of Nephthys,"You can Ritual Summon this card with ""Rebirth of Nephthys"". You can only use each of the following effects of ""Cerulean Sacred Phoenix of Nephthys"" once per turn.
● During your Main Phase: You can destroy ""Nephthys"" cards in your hand and/or face-up field, then destroy an equal number of monsters your opponent controls.
● During your next Standby Phase after this card was destroyed by battle or card effect and sent to the GY: You can Special Summon this card from the GY.",https://images.ygoprodeck.com/images/cards/24175232.jpg
54828837,Cerulean Skyfire,"To Special Summon ""Hamon, Lord of Striking Thunder"" using its own procedure, you can also use face-down Spells you control. Once per turn, while you control an Attack Position ""Hamon, Lord of Striking Thunder"", you can negate any Spell/Trap effect activated by your opponent, then, change 1 ""Hamon, Lord of Striking Thunder"" you control to Defense Position. If a face-up ""Uria, Lord of Searing Flames"", ""Hamon, Lord of Striking Thunder"", or ""Raviel, Lord of Phantasms"" you control leaves the field: You take no damage this turn.",https://images.ygoprodeck.com/images/cards/54828837.jpg
7623640,"Ceruli, Guru of Dark World","If this card is discarded to the Graveyard by a card effect: Special Summon this card from the Graveyard to your opponent's side of the field in face-up Defense Position. When this card is Special Summoned by the effect of a ""Dark World"" card: Your opponent must discard 1 card.",https://images.ygoprodeck.com/images/cards/7623640.jpg
28106077,Cestus of Dagla,Equip only to a Fairy-Type monster. It gains 500 ATK. If it inflicts battle damage to your opponent: Gain LP equal to the damage inflicted.,https://images.ygoprodeck.com/images/cards/28106077.jpg
83021423,Chachaka Archer,Once per turn: You can target 1 Spell/Trap Card on the field; destroy it.,https://images.ygoprodeck.com/images/cards/83021423.jpg
48276469,Chain Burst,"Each time a player activates a Trap Card, they take 1000 damage immediately after it resolves.",https://images.ygoprodeck.com/images/cards/48276469.jpg
1248895,Chain Destruction,When a monster(s) with 2000 or less ATK is Summoned: Target 1 of them; destroy all cards with that name in its controller's hand and Main Deck.,https://images.ygoprodeck.com/images/cards/1248895.jpg
51449743,Chain Detonation,"Inflict 500 damage to your opponent. If this card was activated as Chain Link 2 or 3, add this card to the Deck and shuffle it. If this card was activated as Chain Link 4 or higher, return this card to the hand.",https://images.ygoprodeck.com/images/cards/51449743.jpg
57139487,Chain Disappearance,"When a monster(s) with 1000 or less ATK is Summoned: Banish that monster(s) with 1000 or less ATK, then your opponent banishes all cards with the same name as that card(s) from their hand and Deck.",https://images.ygoprodeck.com/images/cards/57139487.jpg
3171055,Chain Dispel,When a Spell/Trap Card is activated: Destroy all cards in the controller's Deck with the same name as the activated card.,https://images.ygoprodeck.com/images/cards/3171055.jpg
96930127,Chain Dog,"Cannot be used as a Synchro Material, except for the Synchro Summon of a Beast-Type monster. If this card is in the Graveyard: You can Special Summon this card, and if you do, banish it when it leaves the field. You must control exactly 2 Beast-Type monsters to activate and to resolve this effect.",https://images.ygoprodeck.com/images/cards/96930127.jpg
79323590,Chain Energy,"Each player must pay 500 Life Points per card to Normal Summon, Special Summon, Set or activate cards from his/her respective hand.",https://images.ygoprodeck.com/images/cards/79323590.jpg
25050038,Chain Healing,"Gain 500 Life Points. If this card was activated as Chain Link 2 or 3, add this card to the Deck and shuffle it. If this card was activated as Chain Link 4 or higher, return this card to the hand.",https://images.ygoprodeck.com/images/cards/25050038.jpg
9581215,Chain Hole,"When your opponent activates a monster effect in response to a card or effect activation: Negate that opponent's effect, then, your opponent can banish 1 card from their hand or Deck with the same original name as that negated card. If they did not, you can banish 1 random card from their hand.",https://images.ygoprodeck.com/images/cards/9581215.jpg
85893201,Chain Ignition,"Once per turn, if a monster(s) your opponent controls is destroyed by your opponent's card effect (except during the Damage Step): You can target 1 card on the field; destroy that target.",https://images.ygoprodeck.com/images/cards/85893201.jpg
39980304,Chain Material,"Any time you Fusion Summon a monster this turn, you can remove from play, from your side of the field, Deck, hand or Graveyard, Fusion Material Monsters that are listed on the Fusion Monster Card, and use them as Fusion Material Monsters. You cannot attack during the turn this card is activated. If you used this effect for a Fusion Summon, the Summoned Fusion Monster(s) is destroyed during the End Phase.",https://images.ygoprodeck.com/images/cards/39980304.jpg
13764881,Chain Resonator,"When this card is Normal Summoned while a Synchro Monster is on the field: You can Special Summon 1 ""Resonator"" monster from your Deck, except ""Chain Resonator"".",https://images.ygoprodeck.com/images/cards/13764881.jpg
91623717,Chain Strike,Activate only as Chain Link 2 or higher; inflict 400 damage to your opponent times the Chain Link number of this card. You cannot activate this card if multiple cards/effects with the same name are in that Chain.,https://images.ygoprodeck.com/images/cards/91623717.jpg
90812044,Chain Summon,"If you control 2 or more face-up Xyz Monsters: Target the one with the lowest Rank (your choice, if tied); Special Summon 1 Xyz Monster from your Extra Deck, whose Rank is lower than that Xyz Monster, but the Special Summoned monster cannot attack directly, also return it to the Extra Deck during the End Phase.",https://images.ygoprodeck.com/images/cards/90812044.jpg
9952083,Chain Summoning,"Activate as Chain Link 3 or higher: You can conduct up to 3 Normal Summons/Sets this turn, not just 1. You cannot activate this card if multiple cards with the same name, or the effects of such cards, are already activated in that Chain.",https://images.ygoprodeck.com/images/cards/9952083.jpg
88190453,Chain Thrasher,"This card can attack 1 additional time during the same Battle Phase for each ""Chain Thrasher"" in your Graveyard.",https://images.ygoprodeck.com/images/cards/88190453.jpg
22205600,Chain Whirlwind,Activate only when a card on the field is destroyed by a card effect. Select 2 Spell/Trap Cards on the field and destroy them.,https://images.ygoprodeck.com/images/cards/22205600.jpg
77252217,Chainsaw Insect,"At the end of the Damage Step, if this card attacked or was attacked: Your opponent draws 1 card.",https://images.ygoprodeck.com/images/cards/77252217.jpg
65393205,Chakra,"You can Ritual Summon this card with ""Resurrection of Chakra"".",https://images.ygoprodeck.com/images/cards/65393205.jpg
32600024,Chamber Dragonmaid,"If this card is Normal or Special Summoned: You can add 1 ""Dragonmaid"" Spell/Trap from your Deck to your hand. At the start of the Battle Phase: You can return this card to the hand, and if you do, Special Summon 1 Level 7 or higher ""Dragonmaid"" monster from your hand or GY. You can only use each effect of ""Chamber Dragonmaid"" once per turn.",https://images.ygoprodeck.com/images/cards/32600024.jpg
44430454,Chamberlain of the Six Samurai,"The Six Samurai are supported from the shadows by this silent and mysterious warrior. His past is unknown to them, but his countless scars are proof of his experience.",https://images.ygoprodeck.com/images/cards/44430454.jpg
82382815,Champion's Vigilance,"If you control a Level 7 or higher Normal Monster, when a monster would be Summoned OR a Spell/Trap Card is activated: Negate the Summon or activation, and if you do, destroy that card.",https://images.ygoprodeck.com/images/cards/82382815.jpg
18914778,Change Slime,A slime that can morph and adopt the shape and size of any monster it chooses.,https://images.ygoprodeck.com/images/cards/18914778.jpg
4031928,Change of Heart,Target 1 monster your opponent controls; take control of it until the End Phase.,https://images.ygoprodeck.com/images/cards/4031928.jpg
74095602,Change of Hero - Reflector Ray,"When an ""Elemental HERO"" Fusion Monster you control is destroyed by battle and sent to the Graveyard: Inflict damage to your opponent equal to its original Level x 300.",https://images.ygoprodeck.com/images/cards/74095602.jpg
25652655,Changer Synchron,"If this card is sent to the Graveyard for a Synchro Summon, select 1 monster your opponent controls and change its battle position.",https://images.ygoprodeck.com/images/cards/25652655.jpg
24673894,Changing Destiny,"When an opponent's monster declares an attack: Target the attacking monster; negate the attack, and if you do, change it to Defense Position and it cannot change its battle position while it is face-up on the field. Then, your opponent chooses 1 of these effects.
● You (the opponent of this card's activator) gain LP equal to half the target's ATK.
● Your opponent (the activator of this card) takes damage equal to half the target's ATK.",https://images.ygoprodeck.com/images/cards/24673894.jpg
76352503,Changshi the Spiridao,"During your Main Phase: You can send 1 Zombie monster from your hand or Deck to the GY. If this card is banished: You can banish 1 Zombie monster in your GY; Special Summon this card, but place it on the bottom of the Deck when it leaves the field. You can only use each effect of ""Changshi the Spiridao"" once per turn.",https://images.ygoprodeck.com/images/cards/76352503.jpg
19048328,"Chaofeng, Phantom of the Yang Zing","1 Tuner + 1 or more non-Tuner monsters
While this Synchro Summoned card is on the field, your opponent cannot activate effects of monsters with the same original Attribute(s) as the ""Yang Zing"" monster(s) used for the Synchro Summon of this card. When this Synchro Summoned card is destroyed by battle or card effect and sent to the Graveyard: You can add 1 Tuner monster from your Deck to your hand. Once per turn, when a monster(s) your opponent controls is destroyed by battle or card effect: You can Special Summon 1 Wyrm-Type monster from your Deck, in Defense Position, whose original Attribute matches the original Attribute that 1 of those destroyed monsters had on the field.",https://images.ygoprodeck.com/images/cards/19048328.jpg
51788412,Chaos Ancient Gear Giant,"4 ""Ancient Gear"" monsters
Must be Fusion Summoned and cannot be Special Summoned by other ways. Unaffected by Spell/Trap effects. Your opponent's monsters cannot activate their effects during the Battle Phase. This card can attack all monsters your opponent controls, once each. If this card attacks a Defense Position monster, inflict piercing battle damage to your opponent.",https://images.ygoprodeck.com/images/cards/51788412.jpg
22850702,Chaos Angel,"1 Tuner + 1+ non-Tuner LIGHT or DARK monsters
For this card's Synchro Summon, you can treat 1 LIGHT or DARK monster you control as a Tuner. If this card is Special Summoned: You can target 1 card on the field; banish it. This card gains these effects based on the original Attributes of materials used for its Synchro Summon.
● LIGHT: Synchro Monsters you control are unaffected by monster effects activated by your opponent.
● DARK: Monsters you control cannot be destroyed by battle.",https://images.ygoprodeck.com/images/cards/22850702.jpg
13076804,Chaos Archfiend,"1 LIGHT Tuner + 1+ non-Tuner DARK monsters
If any card(s) have been banished this turn, this card gains 2000 ATK. This card can attack all monsters your opponent controls, once each, also banish any monster destroyed by battle with this card. If this card in its owner's control leaves the field because of an opponent's card: You can Special Summon 1 ""Chaos"" Synchro Monster from your Extra Deck, except ""Chaos Archfiend"". You can only use this effect of ""Chaos Archfiend"" once per turn.",https://images.ygoprodeck.com/images/cards/13076804.jpg
49565413,Chaos Beast,"1 LIGHT Tuner + 1+ non-Tuner DARK monsters
If any card(s) have been banished this turn, this card gains 1000 ATK. You can only use each of the following effects of ""Chaos Beast"" once per turn. You can target 1 of your banished LIGHT or DARK monsters; add it to your hand. During your Main Phase, except the turn this card was sent to the GY: You can banish 1 LIGHT and 1 DARK monster from your hand and/or GY, except this card; Special Summon this card from your GY.",https://images.ygoprodeck.com/images/cards/49565413.jpg
34966096,Chaos Betrayer,"If this card is in your GY: You can banish 1 LIGHT and 1 DARK monster from your GY, except ""Chaos Betrayer""; Special Summon this card in Defense Position, but banish it when it leaves the field. If this card is Special Summoned: You can target 1 card in your opponent's GY; banish it. You can only use each effect of ""Chaos Betrayer"" once per turn.",https://images.ygoprodeck.com/images/cards/34966096.jpg
4923662,Chaos Burst,"When your opponent's monster declares an attack: Tribute 1 monster, then target the attacking monster; destroy that target, then inflict 1000 damage to your opponent.",https://images.ygoprodeck.com/images/cards/4923662.jpg
72630549,Chaos Command Magician,Negate the effect of a Monster Card that targets this 1 card.,https://images.ygoprodeck.com/images/cards/72630549.jpg
54040484,Chaos Core,"When either player activates a card or effect that targets this card, or when your opponent's monster targets it for an attack (Quick Effect): You can send up to 1 each of ""Uria, Lord of Searing Flames"", ""Hamon, Lord of Striking Thunder"", and ""Raviel, Lord of Phantasms"" from your hand and/or Deck to the GY, and if you do, place 1 Phantasm Counter on this card for each card sent to the GY, and if you place at least 1, you take no battle damage this turn. You can only use this effect of ""Chaos Core"" once per turn. If this card would be destroyed by battle or card effect, you can remove 1 Phantasm Counter from this card instead.",https://images.ygoprodeck.com/images/cards/54040484.jpg
26873574,Chaos Daedalus,"Cannot be Normal Summoned/Set. Must first be Special Summoned (from your hand) by banishing 1 LIGHT and 1 DARK monster from your GY. While a Field Spell is face-up on the field, your opponent cannot target LIGHT or DARK monsters you control with card effects. You can target cards on the field, up to the number of face-up Field Spells on the field; banish them. You can only use this effect of ""Chaos Daedalus"" once per turn.",https://images.ygoprodeck.com/images/cards/26873574.jpg
55878038,Chaos Dragon Levianeer,"Cannot be Normal Summoned/Set. Must first be Special Summoned (from your hand) by banishing 3 LIGHT and/or DARK monsters from your GY. When Summoned this way: You can activate this effect; apply the following effect, based on the Attribute(s) of the monsters banished for the Special Summon, also this card cannot attack for the rest of this turn.
● Only LIGHT: Special Summon 1 monster from your GY in Defense Position.
● Only DARK: Shuffle 1 random card from your opponent's hand into the Deck.
● Both LIGHT and DARK: Destroy up to 2 cards on the field.
You can only use this effect of ""Chaos Dragon Levianeer"" once per turn.",https://images.ygoprodeck.com/images/cards/55878038.jpg
82301904,Chaos Emperor Dragon - Envoy of the End,"Cannot be Normal Summoned/Set. Must be Special Summoned (from your hand) by banishing 1 LIGHT and 1 DARK monster from your GY. Once per turn: You can pay 1000 LP; send as many cards in both players' hands and on the field as possible to the GY, then inflict 300 damage to your opponent for each card sent to the opponent's GY by this effect. You cannot activate other cards or effects during the turn you activate this card's effect.",https://images.ygoprodeck.com/images/cards/82301904.jpg
4538826,"Chaos Emperor, the Dragon of Armageddon","[ Pendulum Effect ] 
You can pay 1000 LP, then target 1 of your banished Dragon monsters; destroy this card, and if you do, add that monster to your hand. You can only use this effect of ""Chaos Emperor, the Dragon of Armageddon"" once per turn.
[ Monster Effect ] 
Cannot be Normal Summoned/Set. Must be Special Summoned (from your hand or Extra Deck) by banishing 1 LIGHT and 1 DARK monster from your GY. You can only Special Summon ""Chaos Emperor, the Dragon of Armageddon"" once per turn this way. Once per turn: You can pay half your LP; send as many cards you control as possible to the GY, except from the Extra Monster Zone, and if you do, send cards your opponent controls to the GY, up to the number of your cards sent to the GY, then, inflict 300 damage to your opponent for each card sent to their GY by this card's effect. If this face-up Special Summoned card leaves the field, return it to the bottom of the Deck.",https://images.ygoprodeck.com/images/cards/4538826.jpg
61044390,Chaos End,You can only activate this card if 7 or more of your cards are currently removed from play. Destroy all Monster Cards on the field.,https://images.ygoprodeck.com/images/cards/61044390.jpg
21082832,Chaos Form,"This card can be used to Ritual Summon any ""Chaos"" or ""Black Luster Soldier"" Ritual Monster. You must also Tribute monsters from your hand or field and/or banish ""Blue-Eyes White Dragon"" or ""Dark Magician"" from your GY, whose total Levels exactly equal the Level of the ""Chaos"" or ""Black Luster Soldier"" Ritual Monster you Ritual Summon.",https://images.ygoprodeck.com/images/cards/21082832.jpg
31385077,Chaos Goddess,"1 LIGHT Tuner + 2+ non-Tuner DARK monsters
Once per turn: You can send 1 LIGHT monster from your hand to the GY, then target 1 Level 5 or higher DARK monster in your GY; Special Summon that monster, but it cannot be used as Synchro Material.",https://images.ygoprodeck.com/images/cards/31385077.jpg
97439308,Chaos Greed,You can only activate this card if 4 or more of your cards are currently removed from play and there are no cards in your Graveyard. Draw 2 cards from your Deck.,https://images.ygoprodeck.com/images/cards/97439308.jpg
18859369,Chaos Grepher,"While face-up on the field, this card is also DARK-Attribute. You can discard 1 LIGHT or DARK monster; send 1 LIGHT or DARK monster with a different Attribute from your Deck to the GY, but for the rest of this turn, you cannot Special Summon monsters with the same name the sent monster had in the GY. You can only use this effect of ""Chaos Grepher"" once per turn.",https://images.ygoprodeck.com/images/cards/18859369.jpg
97940434,Chaos Hunter,When your opponent Special Summons a monster (except during the Damage Step): You can discard 1 card; Special Summon this card from your hand. Your opponent cannot banish cards.,https://images.ygoprodeck.com/images/cards/97940434.jpg
4081825,Chaos Infinity,"Change as many Defense Position monsters on the field as possible to face-up Attack Position, then Special Summon 1 ""Meklord"" monster from your Deck or Graveyard, but its effects are negated, also it is destroyed during the End Phase.",https://images.ygoprodeck.com/images/cards/4081825.jpg
36407615,Chaos King Archfiend,"1 Fiend-Type Tuner + 1 or more non-Tuner monsters
When this card declares an attack: You can switch the current ATK and DEF of all face-up monsters your opponent controls, until the end of the Battle Phase.",https://images.ygoprodeck.com/images/cards/36407615.jpg
66699781,Chaos Mirage Dragon,"You can target 1 banished LIGHT or DARK monster; Special Summon it to your field, but negate its effects, also for the rest of this turn, you cannot Special Summon monsters from the Extra Deck, except LIGHT or DARK Synchro Monsters. If this card is sent to the GY as Synchro Material: You can target cards your opponent controls, up to the number of other monsters used for the Synchro Summon; banish them. You can only use each effect of ""Chaos Mirage Dragon"" once per turn.",https://images.ygoprodeck.com/images/cards/66699781.jpg
1434352,Chaos Necromancer,The ATK of this card is the number of Monster Cards in your Graveyard x 300.,https://images.ygoprodeck.com/images/cards/1434352.jpg
24226942,Chaos Nephthys,"Cannot be Normal Summoned/Set. Must be Special Summoned by its own effect. If a card(s) on the field is destroyed by a card effect: You can banish 1 LIGHT and 1 DARK monster from your GY, except ""Chaos Nephthys""; Special Summon this card from the GY (if it was there when the card was destroyed) or hand (even if not). You can only use this effect of ""Chaos Nephthys"" once per turn. If this card is Special Summoned: You can target 1 card your opponent controls and 2 cards in their GY; banish them.",https://images.ygoprodeck.com/images/cards/24226942.jpg
60329973,Chaos Phantasm,"Target 1 of your banished LIGHT Tuners and 1 of your banished Level 8 or lower DARK non-Tuners; return both to the GY, then Special Summon 1 LIGHT or DARK Synchro Monster from your Extra Deck whose Level equals the total Levels of those returned monsters.",https://images.ygoprodeck.com/images/cards/60329973.jpg
3040496,"Chaos Ruler, the Chaotic Magical Dragon","1 Tuner + 1+ non-Tuner monsters
If this card is Synchro Summoned: You can excavate the top 5 cards of your Deck, and if you do, you can add 1 excavated LIGHT or DARK monster to your hand, also send the remaining cards to the GY. You can banish 1 LIGHT and 1 DARK monster from your hand and/or GY, except this card; Special Summon this card from your GY, but banish it when it leaves the field. You can only use each effect of ""Chaos Ruler, the Chaotic Magical Dragon"" once per turn.",https://images.ygoprodeck.com/images/cards/3040496.jpg
15256925,Chaos Scepter Blast,"If you control a Level 8 or higher Spellcaster-Type monster: Banish 1 card on the field face-down. If this card in its owner's Spell & Trap Zone is destroyed by an opponent's card effect: You can Special Summon 1 ""Magician of Black Chaos"" or ""Dark Magician of Chaos"" from your Deck, ignoring its Summoning conditions.",https://images.ygoprodeck.com/images/cards/15256925.jpg
76766706,Chaos Seed,"If you control both LIGHT and DARK monster(s): You can target 1 of your banished LIGHT or DARK Warrior-Type monsters; add it to your hand. You can only activate 1 ""Chaos Seed"" per turn.",https://images.ygoprodeck.com/images/cards/76766706.jpg
9596126,Chaos Sorcerer,Cannot be Normal Summoned/Set. Must first be Special Summoned (from your hand) by banishing 1 LIGHT and 1 DARK monster from your GY. Once per turn: You can target 1 face-up monster on the field; banish that target. This card cannot attack the turn you activate this effect.,https://images.ygoprodeck.com/images/cards/9596126.jpg
99266988,Chaos Space,"Send 1 LIGHT or DARK monster from your hand to the GY; add 1 LIGHT or DARK monster that cannot be Normal Summoned/Set from your Deck to your hand, with a Level from 4 to 8, and with a different Attribute than that monster. You can banish this card from your GY, then target 1 of your banished LIGHT or DARK monsters that cannot be Normal Summoned/Set; place that monster on the bottom of the Deck, then draw 1 card. You can only use each effect of ""Chaos Space"" once per turn.",https://images.ygoprodeck.com/images/cards/99266988.jpg
27439792,Chaos Summoning Beast,"You can Tribute this card; Special Summon 1 ""Uria, Lord of Searing Flames"", ""Hamon, Lord of Striking Thunder"", or ""Raviel, Lord of Phantasms"", from your hand, ignoring its Summoning conditions. You can banish this card from your GY; add 1 ""Fallen Paradise"" from your Deck to your hand. You can only use each effect of ""Chaos Summoning Beast"" once per turn.",https://images.ygoprodeck.com/images/cards/27439792.jpg
11593137,Chaos Trap Hole,"When a LIGHT or DARK monster(s) would be Summoned: Pay 2000 LP; negate the Summon of the LIGHT and DARK monster(s), and if you do, banish it.",https://images.ygoprodeck.com/images/cards/11593137.jpg
53871273,Chaos Valkyria,"Cannot be Normal Summoned/Set. Must be Special Summoned by a card effect. You can banish 1 LIGHT or DARK monster from your GY: Special Summon this card from your hand. If this card is banished: You can send 1 LIGHT or DARK monster from your Deck to the GY, but for the rest of this turn, you cannot activate cards, or the effects of cards, with the same name as that card. You can only use each effect of ""Chaos Valkyria"" once per turn.",https://images.ygoprodeck.com/images/cards/53871273.jpg
30327674,Chaos Witch,"You can Tribute this card; Special Summon 2 ""Dark Beast Tokens"" (Fiend/DARK/Level 2/ATK 1000/DEF 500). If this card is banished from the hand or GY: You can Special Summon 2 ""Light Beast Tokens"" (Fairy/Tuner/LIGHT/Level 2/ATK 500/DEF 1000). You can only use 1 ""Chaos Witch"" effect per turn, and only once that turn, also you cannot Special Summon monsters from the Extra Deck, except LIGHT or DARK Synchro Monsters, the turn you activate either effect.",https://images.ygoprodeck.com/images/cards/30327674.jpg
94243005,Chaos Zone,"Each time a monster(s) is banished, place 1 Chaos Counter on this card for each of those monsters. Once per turn: You can remove 4 or more Chaos Counters from your field, then target 1 banished monster with a Level equal to the number removed; Special Summon that target. When this card on the field is sent to the GY by your opponent's card effect: You can add 1 LIGHT or DARK monster from your Deck to your hand, whose Level is less than or equal to the number of Chaos Counters that were on this card.",https://images.ygoprodeck.com/images/cards/94243005.jpg
46609443,Chaos-End Master,"When this card destroys an opponent's monster by battle and sends it to the Graveyard, you can Special Summon 1 Level 5 or higher monster with 1600 or less ATK from your Deck.",https://images.ygoprodeck.com/images/cards/46609443.jpg
47829960,Chaosrider Gustaph,"Once per turn, you can remove from play up to 2 Spell Cards from your Graveyard. This card gains 300 ATK for each card removed, until the end of your opponent's next turn.",https://images.ygoprodeck.com/images/cards/47829960.jpg
29925614,Chaotic Allure Queen,"You can discard 1 other LIGHT or DARK monster; Special Summon this card from your hand. You can target 1 monster in either GY; equip it to this card, and if you do, this card's name becomes that monster's (until the End Phase), then, if it is a LIGHT or DARK Monster Card, you can Special Summon 1 DARK ""Allure Queen"" monster from your Deck or GY. You can only use each effect of ""Chaotic Allure Queen"" once per turn.",https://images.ygoprodeck.com/images/cards/29925614.jpg
13179332,Charcoal Inpachi,A wicked wooden spirit that has burned out. The barbecue grilled with this charcoal is so awesome that everybody thinks it's priceless.,https://images.ygoprodeck.com/images/cards/13179332.jpg
85325774,Charge Into a Dark World,"Target 1 Level 4 or lower Fiend monster in your GY; Special Summon it, then discard 1 Fiend monster. You can only activate 1 ""Charge Into a Dark World"" per turn.",https://images.ygoprodeck.com/images/cards/85325774.jpg
94886282,Charge of the Light Brigade,"Send the top 3 cards of your Deck to the Graveyard; add 1 Level 4 or lower ""Lightsworn"" monster from your Deck to your hand.",https://images.ygoprodeck.com/images/cards/94886282.jpg
84482694,Charged-Up Heraldry,"Tribute 1 monster; Special Summon 2 ""Heraldic Beast"" monsters from your Deck in Defense Position, also you cannot Special Summon monsters from the Extra Deck for the rest of this turn after this card resolves, except Psychic or Machine monsters. You can only activate 1 ""Charged-Up Heraldry"" per turn.",https://images.ygoprodeck.com/images/cards/84482694.jpg
7841921,Charging Gaia the Fierce Knight,"You can Normal Summon this card without Tributing. If this card is Normal Summoned without Tributing, its original ATK becomes 1900. If this card is Tributed: You can add 1 ""Black Luster Soldier"" monster from your Deck to your hand. You can only use this effect of ""Charging Gaia the Fierce Knight"" once per turn.",https://images.ygoprodeck.com/images/cards/7841921.jpg
49191560,Charioteer of Prophecy,"Once per turn: You can discard 1 ""Spellbook"" Spell Card to target 1 Spellcaster-Type monster in your Graveyard; add that target to your hand.",https://images.ygoprodeck.com/images/cards/49191560.jpg
50412166,Charm of Shabti,"During either player's turn: You can discard this card; until the End Phase, ""Gravekeeper's"" monsters you control cannot be destroyed by battle.",https://images.ygoprodeck.com/images/cards/50412166.jpg
64753157,Charming Resort Staff,"When an attack is declared involving a ""SPYRAL Super Agent"" you control and an opponent's face-up monster: You can change the ATK of the opponent's monster to 0. If this card is destroyed by battle or card effect: You can Special Summon 1 ""SPYRAL Super Agent"" from your Deck. If a ""SPYRAL Super Agent"" you control is destroyed by battle or sent to the Graveyard while this card is in your Graveyard: You can banish this card from your Graveyard; return 1 ""SPYRAL Super Agent"" from your Graveyard to your hand.",https://images.ygoprodeck.com/images/cards/64753157.jpg
37421579,Charubin the Fire Knight,"""Monster Egg"" + ""Hinotama Soul""",https://images.ygoprodeck.com/images/cards/37421579.jpg
69313735,Checkmate,"Tribute 1 Archfiend monster on your side of the field. During this turn, 1 ""Terrorking Archfiend"" on your side of the field can attack your opponent's Life Points directly.",https://images.ygoprodeck.com/images/cards/69313735.jpg
94136469,Checksum Dragon,"When an opponent's monster declares an attack: You can Special Summon this card from your hand, then, gain LP equal to half this card's DEF. This Attack Position card cannot be destroyed by battle.",https://images.ygoprodeck.com/images/cards/94136469.jpg
27189308,Cheepcheepcheep,FLIP: You can Special Summon 1 Level 5 or higher Tuner monster from your Deck.,https://images.ygoprodeck.com/images/cards/27189308.jpg
87955518,Chef's Special Recipe,"When a Spell/Trap Card, or monster effect, is activated while you control a ""Nouvelles"" Ritual Monster: Negate the activation, then you can destroy that card if you control a monster that was Special Summoned by the effect of a ""Nouvelles"" monster. If you Special Summon ""Hungry Burger"": You can banish this card from your GY; Tribute as many monsters your opponent controls as possible. You can only use each effect of ""Chef's Special Recipe"" once per turn.",https://images.ygoprodeck.com/images/cards/87955518.jpg
81599449,Chemicritter Carbo Crab,"This card is treated as a Normal Monster while face-up on the field or in the Graveyard. While this card is a Normal Monster on the field, you can Normal Summon it to have it become an Effect Monster with this effect.
● During your Main Phase: You can send 1 Gemini monster from your Deck to the Graveyard, then add 1 Gemini monster from your Deck to your hand. You can only use this effect of ""Chemicritter Carbo Crab"" once per turn.",https://images.ygoprodeck.com/images/cards/81599449.jpg
55100740,Chemicritter Hydron Hawk,"This card is treated as a Normal Monster while face-up on the field or in the Graveyard. While this card is a Normal Monster on the field, you can Normal Summon it to have it become an Effect Monster with this effect.
● You can discard 1 card, then target 1 Gemini monster in your Graveyard; Special Summon it in Defense Position. You can only use this effect of ""Chemicritter Hydron Hawk"" once per turn.",https://images.ygoprodeck.com/images/cards/55100740.jpg
18993198,Chemicritter Oxy Ox,"This card is treated as a Normal Monster while face-up on the field or in the Graveyard. While this card is a Normal Monster on the field, you can Normal Summon it to have it become an Effect Monster with this effect.
● During your Main Phase: You can Special Summon 1 Gemini monster from your hand, and if you do, all Gemini monsters you currently control become that monster's original Level until the end of this turn. You can only use this effect of ""Chemicritter Oxy Ox"" once per turn.",https://images.ygoprodeck.com/images/cards/18993198.jpg
300302046,Chemistry in Motion,"Once per turn, you can place 1 counter on this card, then apply the appropriate effect depending on the number of counters on this card.
1: Discard 1 Dinosaur monster, then add 1 Dinosaur monster with a different Attribute from your Deck to your hand.
2: Normal Summon 1 WIND or WATER Dinosaur monster from your hand.
3: The names of all WATER Dinosaur monsters you currently control become ""Hydrogeddon"" (until the end of this turn), then add 1 ""Bonding - H2O"" from your Deck or GY to your hand.
4: Remove all counters from this card, then change the Attributes/Types of all face-up monsters your opponent currently controls to FIRE/Pyro, until the end of this turn.",https://images.ygoprodeck.com/images/cards/300302046.jpg
525110,Cherry Inmato,"When this card is destroyed by battle and sent to the Graveyard, you can Special Summon up to 2 ""Inmato"" monsters from your Deck. They cannot be used as Synchro Material Monsters this turn.",https://images.ygoprodeck.com/images/cards/525110.jpg
58699500,"Cherubini, Ebon Angel of the Burning Abyss","2 Level 3 monsters
Monsters this card points to cannot be destroyed by card effects. If this card would be destroyed by battle or an opponent's card effect, you can send 1 other card you control to the GY instead. You can send 1 Level 3 monster from your Deck to the GY, then target 1 ""Burning Abyss"" monster on the field; it gains ATK/DEF equal to the ATK/DEF of the monster sent to the GY, until the end of this turn. You can only use this effect of ""Cherubini, Ebon Angel of the Burning Abyss"" once per turn.",https://images.ygoprodeck.com/images/cards/58699500.jpg
45037489,Chevalier de Fleur,"""Fleur Synchron"" + 1 or more non-Tuner monsters
Once during each of your turns, when your opponent activates a Spell/Trap Card, you can negate the activation and destroy that card.",https://images.ygoprodeck.com/images/cards/45037489.jpg
7392745,Chewbone,"FLIP: Special Summon 3 ""Chewbone Jr. Tokens"" (Zombie-Type/EARTH/Level 1/ATK 100/DEF 300) to your opponent's field in Defense Position.",https://images.ygoprodeck.com/images/cards/7392745.jpg
7392746,Chewbone Jr. Token,"Special Summoned with the effect of ""Chewbone"".",https://images.ygoprodeck.com/images/cards/7392746.jpg
67616300,Chicken Game,"The player with the lowest LP takes no damage. Once per turn, during the Main Phase: The turn player can pay 1000 LP, then activate 1 of these effects;
● Draw 1 card.
● Destroy this card.
● Your opponent gains 1000 LP.
Neither player can activate cards or effects in response to this effect's activation.",https://images.ygoprodeck.com/images/cards/67616300.jpg
12021072,Child's Play,"Each time your opponent Summons a monster(s), gain 300 LP. Your monsters cannot be destroyed by battle while you have 10,000 or more LP.",https://images.ygoprodeck.com/images/cards/12021072.jpg
300302047,Chillin' Outback,"Once per turn, you can change 1 face-up ""Koala"" or ""Kangaroo"" monster's battle position. ""Koala"" and ""Kangaroo"" monsters you control can attack while in face-up Defense Position. If they do, apply their DEF for damage calculation.",https://images.ygoprodeck.com/images/cards/300302047.jpg
501000006,"Chimaera, the Master of Beasts","This card cannot be Special Summoned. To Tribute Summon this card, you must Tribute 3 Beast-Type monsters. If this card attacks your opponent directly and reduces their Life Points to 0, you win the Match.",https://images.ygoprodeck.com/images/cards/501000006.jpg
63136489,Chimera Fusion,"During the Main Phase: Fusion Summon 1 Fusion Monster from your Extra Deck, using monsters from your hand or field as material, including a Beast or Fiend monster. During your Main Phase, if this card is in your GY and you have ""Chimera the Flying Mythical Beast"" on your field or in your GY: You can activate 1 of these effects;
● Add this card to your hand.
● Banish this card, and if you do, Special Summon both 1 ""Gazelle the King of Mythical Beasts"" and 1 ""Berfomet"" from your Deck and/or GY.
You can only use this effect of ""Chimera Fusion"" once per turn.",https://images.ygoprodeck.com/images/cards/63136489.jpg
4796100,Chimera the Flying Mythical Beast,"""Gazelle the King of Mythical Beasts"" + ""Berfomet""
(This card is always treated as a ""Phantom Beast"" card.)
When this card is destroyed: You can target 1 ""Berfomet"" or 1 ""Gazelle the King of Mythical Beasts"" in your Graveyard; Special Summon that target.",https://images.ygoprodeck.com/images/cards/4796100.jpg
38264974,Chimera the Illusion Beast,"""Chimera the Flying Mythical Beast"" + 1+ Illusion monsters
This card's name becomes ""Chimera the Flying Mythical Beast"" while on the field or in the GY. This card can attack monsters a number of times each Battle Phase, up to the number of materials used for it. If this card battles a monster, neither can be destroyed by that battle. At the end of the Damage Step, if this card battled an opponent's monster: You can change that opponent's monster's ATK to 0, also negate its effects.",https://images.ygoprodeck.com/images/cards/38264974.jpg
1769875,Chimera the King of Phantom Beasts,"1 Beast monster + 1 Fiend monster
This card's name becomes ""Chimera the Flying Mythical Beast"" while on the field or in the GY. You can only use each of the following effects of ""Chimera the King of Phantom Beasts"" once per turn. If this card is Fusion Summoned: You can activate this effect; send 1 random card from your opponent's hand to the GY during the End Phase of this turn. During your opponent's turn (Quick Effect): You can banish this card from your GY, then target 1 Beast, Fiend, or Illusion monster in your GY; Special Summon it.",https://images.ygoprodeck.com/images/cards/1769875.jpg
79229522,Chimeratech Fortress Dragon,"""Cyber Dragon"" + 1+ Machine monsters
Cannot be used as Fusion Material. Must first be Special Summoned (from your Extra Deck) by sending the above cards from either field to the GY. (You do not use ""Polymerization"".) The original ATK of this card becomes 1000 x the number of Fusion Materials used for its Special Summon.",https://images.ygoprodeck.com/images/cards/79229522.jpg
87116928,Chimeratech Megafleet Dragon,"1 ""Cyber Dragon"" monster + 1+ monsters in the Extra Monster Zone
Cannot be used as Fusion Material. Must first be Special Summoned (from your Extra Deck) by sending the above cards from either field to the GY. (You do not use ""Polymerization"".) The original ATK of this card becomes 1200 x the number of Fusion Materials used for its Special Summon.",https://images.ygoprodeck.com/images/cards/87116928.jpg
64599569,Chimeratech Overdragon,"""Cyber Dragon"" + 1+ Machine monsters
Must be Fusion Summoned. If this card is Fusion Summoned: Send all other cards you control to the GY. The original ATK/DEF of this card each become equal to the number of Fusion Materials used for its Fusion Summon x 800. Each turn, this card can attack your opponent's monsters a number of times equal to the number of Fusion Materials used for its Fusion Summon.",https://images.ygoprodeck.com/images/cards/64599569.jpg
84058253,Chimeratech Rampage Dragon,"2+ ""Cyber Dragon"" monsters
A Fusion Summon of this card can only be done with the above Fusion Materials. When this card is Fusion Summoned: You can target Spells/Traps on the field, up to the number of Fusion Materials used for its Fusion Summon; destroy them. Once per turn: You can send up to 2 LIGHT Machine monsters from your Deck to the GY, and if you do, for each monster sent to the GY, this card gains 1 additional attack during each Battle Phase this turn.",https://images.ygoprodeck.com/images/cards/84058253.jpg
16956455,Chiron the Mage,"Once per turn: You can discard 1 Spell Card, then target 1 Spell/Trap Card your opponent controls; destroy that target.",https://images.ygoprodeck.com/images/cards/16956455.jpg
87294988,"Chirubimé, Princess of Autumn Leaves","Your opponent cannot target face-up Plant monsters for attacks, except this one. If this card in your possession is sent to your GY by your opponent's card: You can Special Summon 1 Plant monster from your Deck, except ""Chirubimé, Princess of Autumn Leaves"".",https://images.ygoprodeck.com/images/cards/87294988.jpg
56532632,Chivalry,"Activate only during the Battle Phase, when the effect of an opponent's Effect Monster is activated. Negate the activation and destroy that card.",https://images.ygoprodeck.com/images/cards/56532632.jpg
61488417,"Chiwen, Light of the Yang Zing","When this card you control is destroyed by battle or card effect and sent to your Graveyard: You can Special Summon 1 ""Yang Zing"" monster from your Deck, except ""Chiwen, Light of the Yang Zing"". When a ""Yang Zing"" monster(s) you control is destroyed by battle or card effect and sent to the Graveyard, while this card is in your Graveyard: You can Special Summon this card, and if you do, banish it when it leaves the field. You can only use 1 ""Chiwen, Light of the Yang Zing"" effect per turn, and only once that turn.",https://images.ygoprodeck.com/images/cards/61488417.jpg
27352108,Chobham Armor Dragon,"When an opponent's monster declares a direct attack: You can Special Summon this card from your hand in Attack Position, and if you do, for the rest of this turn, it cannot be destroyed by battle and the battle damage you take from battles involving this card is halved. If this card is sent to the GY as Link Material: You can target 1 other DARK monster in your GY; add it to your hand, also your opponent can add 1 monster from their GY to their hand. You can only use this effect of ""Chobham Armor Dragon"" once per turn.",https://images.ygoprodeck.com/images/cards/27352108.jpg
7198399,Chocolate Magician Girl,"Once per turn: You can discard 1 Spellcaster-Type monster; draw 1 card. Once per turn, if this card is targeted for an attack: You can target 1 Spellcaster-Type monster in your Graveyard, except ""Chocolate Magician Girl""; Special Summon it, then change the attack target to it, and if you do, the attacking monster's ATK becomes half its current ATK.",https://images.ygoprodeck.com/images/cards/7198399.jpg
90027012,Choju of the Trillion Hands,"If this card is Summoned: You can add 1 Ritual Monster and 1 Ritual Spell from your Deck to your hand. You can only use this effect of ""Choju of the Trillion Hands"" once per turn.",https://images.ygoprodeck.com/images/cards/90027012.jpg
40884383,Chopman the Desperate Outlaw,"When this card is Flip Summoned, you can equip 1 Equip Spell Card in your Graveyard to this card.",https://images.ygoprodeck.com/images/cards/40884383.jpg
81380218,Chorus of Sanctuary,Increase the DEF of all Defense Position monsters by 500 points.,https://images.ygoprodeck.com/images/cards/81380218.jpg
21888494,Chosen One,"Select 1 Monster Card and 2 non-Monster Cards from your hand. Your opponent randomly selects 1 card among them. If it is a Monster Card, it is Special Summoned and send the remaining 2 cards to the Graveyard. If not, send all the cards to the Graveyard.",https://images.ygoprodeck.com/images/cards/21888494.jpg
22916281,Chosen by the World Chalice,"Inspired by the World Hero legends he heard as a boy, this crusader adds a piece to his armor from every Mekkstrosity he destroys. He has set out on a quest from Fairy Lee to recover the Seven World Legacies and save their world.",https://images.ygoprodeck.com/images/cards/22916281.jpg
98076754,Chosen of Zefra,"This card gains these effects depending on the number of face-up ""Zefra"" monsters with different names in your Extra Deck.
● 3 or more: Monsters you control gain 100 ATK for each face-up card in any Extra Deck.
● 5 or more: Monsters you control cannot be destroyed by an opponent's card effects.
● 8 or more: Monsters you control cannot be targeted by an opponent's card effects.
● 10: You can send this card to the Graveyard; shuffle all cards from your opponent's hand, field, and Graveyard into the Deck.",https://images.ygoprodeck.com/images/cards/98076754.jpg
99902789,Chow Chow Chan,"When your opponent activates a Normal Trap Card in response to your monster's attack declaration targeting an opponent's monster: You can discard this card; negate the activation, and if you do, destroy that card (this is a Quick Effect).",https://images.ygoprodeck.com/images/cards/99902789.jpg
95905259,Chow Len the Prophet,"Once per turn: You can declare either Spell or Trap, then target 1 Set card in your opponent's Spell & Trap Zone; look at that target, and if it is the declared card type, that card cannot be activated this turn.",https://images.ygoprodeck.com/images/cards/95905259.jpg
38412161,Chow Sai the Ghost Stopper,Neither player can activate the effects of Spell/Trap Cards in the GY. If this card is sent from the field to your GY: You can target 1 Spell/Trap in your opponent's GY; banish it.,https://images.ygoprodeck.com/images/cards/38412161.jpg
60948488,Chronicle Magician,"If a monster(s) with 2500 original ATK or DEF is Normal or Special Summoned to your field (except during the Damage Step): You can Special Summon this card from your hand in Defense Position. If this card is Special Summoned: You can target 1 ""Dark Magician"" or ""Blue-Eyes White Dragon"" in your Monster Zone; it gains 2500 ATK/DEF until the end of this turn. You can only use each effect of ""Chronicle Magician"" once per turn.",https://images.ygoprodeck.com/images/cards/60948488.jpg
54878729,Chronicle Sorceress,"You can activate 1 of these effects based on the Attributes in your GY;
● LIGHT: Send 1 ""Blue-Eyes White Dragon"" or 1 card that mentions it from your Deck to the GY, except ""Chronicle Sorceress"".
● DARK: Send 1 ""Dark Magician"" or 1 card that mentions it from your Deck to the GY, except ""Chronicle Sorceress"".
You can only use this effect of ""Chronicle Sorceress"" once per turn.",https://images.ygoprodeck.com/images/cards/54878729.jpg
25397880,Chronicler of Nephthys,"You can target 1 ""Nephthys"" card in your GY, except ""Chronicler of Nephthys""; destroy 1 card in your hand, and if you do, add that target to your hand. During your next Standby Phase after this card was destroyed by card effect and sent to the GY: You can add 1 ""Nephthys"" card from your GY to your hand, except ""Chronicler of Nephthys"". You can only use each effect of ""Chronicler of Nephthys"" once per turn.",https://images.ygoprodeck.com/images/cards/25397880.jpg
12289247,Chronograph Sorcerer,"[ Pendulum Effect ] 
During your Main Phase: You can destroy this card, and if you do, take 1 ""Timegazer Magician"" from your hand or Deck, and either place it in your Pendulum Zone or Special Summon it. You can only use this effect of ""Chronograph Sorcerer"" once per turn.
[ Monster Effect ] 
If a card(s) you control is destroyed by battle or card effect: You can Special Summon this card from your hand, then you can Special Summon 1 monster from your hand. You can banish this card you control, plus 4 monsters from your hand, field, and/or GY (1 each with ""Pendulum Dragon"", ""Xyz Dragon"", ""Synchro Dragon"", and ""Fusion Dragon"" in their names); Special Summon 1 ""Supreme King Z-ARC"" from your Extra Deck. (This is treated as a Fusion Summon.)",https://images.ygoprodeck.com/images/cards/12289247.jpg
24506253,Chronomaly Acambaro Figures,"If a ""Chronomaly"" monster(s) you control would be destroyed by battle or your opponent's card effect, you can discard this card instead. If this card is in your GY: You can pay 1000 LP; Special Summon this card, but return it to the hand during the End Phase. You cannot Special Summon monsters the turn you activate this effect, except ""Chronomaly"" monsters. You can only use this effect of ""Chronomaly Acambaro Figures"" once per turn.",https://images.ygoprodeck.com/images/cards/24506253.jpg
94766498,Chronomaly Aztec Mask Golem,"During your turn, if you have activated a ""Chronomaly"" Spell Card previously this turn, you can Special Summon this card (from your hand). You can only control 1 ""Chronomaly Aztec Mask Golem"".",https://images.ygoprodeck.com/images/cards/94766498.jpg
20154092,Chronomaly Cabrera Trebuchet,"Once per turn: You can Tribute 1 other ""Chronomaly"" monster, then target 1 face-up monster your opponent controls; its ATK becomes 0 until the End Phase.",https://images.ygoprodeck.com/images/cards/20154092.jpg
4357063,Chronomaly City Babylon,"Once per turn: You can banish 1 ""Chronomaly"" monster from your Graveyard, then target 1 ""Chronomaly"" monster in your Graveyard with the same Level as the banished monster; Special Summon it.",https://images.ygoprodeck.com/images/cards/4357063.jpg
52158283,Chronomaly Colossal Head,"You can banish this card from your Graveyard to target 1 Level 3 or higher Attack Position monster on the field; change it to face-up or face-down Defense Position. The effect of ""Chronomaly Colossal Head"" can only be used once per turn.",https://images.ygoprodeck.com/images/cards/52158283.jpg
15941690,Chronomaly Crystal Bones,"If your opponent controls a monster and you control no monsters, you can Special Summon this card (from your hand). When you do: You can Special Summon 1 ""Chronomaly"" monster from your hand or Graveyard, except ""Chronomaly Crystal Bones"".",https://images.ygoprodeck.com/images/cards/15941690.jpg
93730230,Chronomaly Crystal Chrononaut,"2 Level 3 monsters
Once per turn, when this card is targeted for an attack: You can detach 1 Xyz Material from this card; this turn, this card cannot be destroyed by battle or by card effects, also your opponent takes any Battle Damage you would have taken from battles involving this card.",https://images.ygoprodeck.com/images/cards/93730230.jpg
51435705,Chronomaly Crystal Skull,"If you control a face-up ""Chronomaly"" monster: You can discard this card to the Graveyard; add 1 ""Chronomaly"" monster from your Deck or Graveyard to your hand, except ""Chronomaly Crystal Skull"". The effect of ""Chronomaly Crystal Skull"" can only be used once per turn.",https://images.ygoprodeck.com/images/cards/51435705.jpg
50797682,Chronomaly Esperanza Glyph,"During the Main Phase: Target 1 Xyz Monster Card you control or in your GY; Special Summon 2 ""Chronomaly"" monsters that are 1 Level higher than that monster's Rank, from your hand, Deck, and/or GY, but negate their effects, then, immediately after this effect resolves, Xyz Summon 1 ""Chronomaly"" Xyz Monster using only those 2 monsters. You can only activate 1 ""Chronomaly Esperanza Glyph"" per turn.",https://images.ygoprodeck.com/images/cards/50797682.jpg
88552992,Chronomaly Golden Jet,"Once per turn: You can increase the Levels of all ""Chronomaly"" monsters you currently control by 1.",https://images.ygoprodeck.com/images/cards/88552992.jpg
72837335,Chronomaly Gordian Knot,"When this card is Normal Summoned: You can Special Summon 1 ""Chronomaly"" monster from your hand, and if you do, this card's Level becomes the current Level of that Special Summoned monster.",https://images.ygoprodeck.com/images/cards/72837335.jpg
97112505,Chronomaly Magella Globe,"You can Tribute this card; Special Summon 1 ""Chronomaly"" monster from your Deck, except ""Chronomaly Magella Globe"". If this card is in your GY, except the turn it was sent there: You can banish 1 ""Chronomaly"" card from your GY, except ""Chronomaly Magella Globe""; add this card to your hand. You can only use each effect of ""Chronomaly Magella Globe"" once per turn.",https://images.ygoprodeck.com/images/cards/97112505.jpg
25163248,Chronomaly Mayan Machine,This card can be treated as 2 Tributes for the Tribute Summon of a Machine-Type monster.,https://images.ygoprodeck.com/images/cards/25163248.jpg
87430304,Chronomaly Moai,"If you control a face-up ""Chronomaly"" monster, you can Special Summon this card (from your hand) in face-up Defense Position.",https://images.ygoprodeck.com/images/cards/87430304.jpg
38007744,Chronomaly Moai Carrier,"If your opponent controls a card and you control no cards, you can Special Summon this card (from your hand).",https://images.ygoprodeck.com/images/cards/38007744.jpg
67559101,Chronomaly Mud Golem,"If a ""Chronomaly"" monster you control attacks a Defense Position monster, inflict piercing battle damage to your opponent.",https://images.ygoprodeck.com/images/cards/67559101.jpg
24861088,Chronomaly Nebra Disk,"When this card is Normal Summoned: You can add 1 ""Chronomaly"" card from your Deck to your hand, except ""Chronomaly Nebra Disk"". If this card is in the Graveyard and all monsters you control are ""Chronomaly"" monsters (min. 1): You can Special Summon this card in Defense Position. You cannot activate cards or effects during the turn you activate this effect, except ""Chronomaly"" cards and effects. You can only use 1 ""Chronomaly Nebra Disk"" effect per turn, and only once that turn.",https://images.ygoprodeck.com/images/cards/24861088.jpg
26345570,Chronomaly Pyramid Eye Tablet,"All ""Chronomaly"" monsters you control gain 800 ATK.",https://images.ygoprodeck.com/images/cards/26345570.jpg
93543806,Chronomaly Sol Monolith,"Once per turn: You can target 1 ""Chronomaly"" monster you control; its Level becomes 6. You cannot Special Summon any monsters during the turn you activate this effect, except ""Chronomaly"" monsters.",https://images.ygoprodeck.com/images/cards/93543806.jpg
90951921,Chronomaly Technology,"Target 1 ""Chronomaly"" monster in your Graveyard; banish it, then look at the top 2 cards of your Deck, add 1 of them to your hand, and send the other to the Graveyard. You can only activate 1 ""Chronomaly Technology"" per turn. You cannot Special Summon any monsters during the turn you activate this card, except ""Chronomaly"" monsters.",https://images.ygoprodeck.com/images/cards/90951921.jpg
98204536,Chronomaly Temple - Trilithon,"If you control no monsters, or all monsters you control are ""Chronomaly"" monsters: You can pay 500 LP; immediately after this effect resolves, Normal Summon 1 ""Chronomaly"" monster from your hand. If a ""Chronomaly"" or ""Number"" Xyz Monster you control would activate an effect by detaching material, you can send this card to the GY instead of 1 of those materials. You can only use each effect of ""Chronomaly Temple - Trilithon"" once per turn.",https://images.ygoprodeck.com/images/cards/98204536.jpg
5291803,Chronomaly Tula Guardian,"If there is a face-up Field Spell Card on the field, you can Special Summon this card (from your hand). You can only control 1 ""Chronomaly Tula Guardian"".",https://images.ygoprodeck.com/images/cards/5291803.jpg
2089016,Chronomaly Tuspa Rocket,"If this card is Normal or Special Summoned: You can send 1 ""Chronomaly"" monster from your Deck or Extra Deck to the GY, then target 1 face-up monster on the field; it loses ATK equal to the Level/Rank of the monster sent to the GY x 200. A ""Number"" Xyz Monster that was Summoned using this card on the field as material gains this effect.
● This card can make up to 2 attacks on monsters during each Battle Phase.
You can only use each effect of ""Chronomaly Tuspa Rocket"" once per turn.",https://images.ygoprodeck.com/images/cards/2089016.jpg
2609443,Chronomaly Vimana,"2 Level 5 monsters
Once per turn (Quick Effect): You can target 1 face-up monster on the field and 1 Xyz Monster or ""Chronomaly"" monster in your GY; that monster on the field gains half the ATK of that monster in the GY (until the end of this turn), then attach that monster from the GY to this card as material. Once per turn, when your opponent activates a monster effect (Quick Effect): You can detach 2 materials from this card; negate the activation.",https://images.ygoprodeck.com/images/cards/2609443.jpg
65591858,Chronomaly Winged Sphinx,"When this card is Normal Summoned: You can target 1 Level 5 ""Chronomaly"" monster in your Graveyard; Special Summon that target. You cannot Special Summon monsters the turn you activate this effect, except ""Chronomaly"" monsters.",https://images.ygoprodeck.com/images/cards/65591858.jpg
17363041,Chrysalis Chicky,"You can Tribute this card while ""Neo Space"" is on the field to Special Summon 1 ""Neo-Spacian Air Hummingbird"" from your hand or Deck.",https://images.ygoprodeck.com/images/cards/17363041.jpg
42682609,Chrysalis Dolphin,"By Tributing this card while ""Neo Space"" is on the field, Special Summon 1 ""Neo-Spacian Aqua Dolphin"" from your hand or Deck.",https://images.ygoprodeck.com/images/cards/42682609.jpg
16241441,Chrysalis Larva,"You can Tribute this card while ""Neo Space"" is on the field to Special Summon 1 ""Neo-Spacian Flare Scarab"" from your hand or Deck.",https://images.ygoprodeck.com/images/cards/16241441.jpg
42239546,Chrysalis Mole,"You can Tribute this card while ""Neo Space"" is on the field to Special Summon 1 ""Neo-Spacian Grand Mole"" from your hand or Deck.",https://images.ygoprodeck.com/images/cards/42239546.jpg
43751755,Chrysalis Pantail,"You can Tribute this card while ""Neo Space"" is on the field to Special Summon 1 ""Neo-Spacian Dark Panther"" from your hand or Deck.",https://images.ygoprodeck.com/images/cards/43751755.jpg
29246354,Chrysalis Pinny,"You can Tribute this card while ""Neo Space"" is on the field to Special Summon 1 ""Neo-Spacian Glow Moss"" from your hand or Deck.",https://images.ygoprodeck.com/images/cards/29246354.jpg
46910446,Chthonian Alliance,The equipped monster gains 800 ATK for each other face-up monster on the field that has the same name it does.,https://images.ygoprodeck.com/images/cards/46910446.jpg
18271561,Chthonian Blast,"When a face-up monster you control is destroyed and sent to the Graveyard: Destroy the 1 face-up monster on the field that has the lowest ATK (your choice, if tied), and if you do, inflict damage to both players equal to half of that monster's ATK.",https://images.ygoprodeck.com/images/cards/18271561.jpg
95888876,Chthonian Emperor Dragon,"This card is treated as a Normal Monster while face-up on the field or in the Graveyard. While this card is face-up on the field, you can Normal Summon it to have it be treated as an Effect Monster with this effect:
● This card can attack twice during the same Battle Phase.",https://images.ygoprodeck.com/images/cards/95888876.jpg
72287557,Chthonian Polymer,Activate only when your opponent Fusion Summons a Fusion Monster. Tribute 1 monster to take control of that Fusion Monster.,https://images.ygoprodeck.com/images/cards/72287557.jpg
50916353,Chthonian Soldier,"When this card is destroyed by an opponent's attacking monster and sent to the Graveyard, the Battle Damage you took from this battle is also inflicted to your opponent.",https://images.ygoprodeck.com/images/cards/50916353.jpg
8508055,Chu-Ske the Mouse Fighter,"A fiery mouse, travelling the world to become the strongest fighter in the world of mice. Be careful not to touch him, or you will get burned.",https://images.ygoprodeck.com/images/cards/8508055.jpg
29092121,Cipher Biplane,"Once per turn: You can target 2 ""Cipher"" monsters you control; their Levels become 8 until the end of this turn. You can only use each of the following effects of ""Cipher Biplane"" once per turn. If a ""Cipher"" monster(s) is Normal or Special Summoned to your field (except during the Damage Step): You can Special Summon this card from your hand. If this card is destroyed by battle or card effect and sent to the GY: You can banish this card from your GY; add 1 ""Cipher"" monster from your Deck to your hand.",https://images.ygoprodeck.com/images/cards/29092121.jpg
99397762,Cipher Bit,"Target 1 ""Galaxy-Eyes"" or ""Cipher"" Xyz Monster you control; attach this card to it as an Xyz Material, and if you do, the next time it would be destroyed by battle or card effect this turn, it is not destroyed.",https://images.ygoprodeck.com/images/cards/99397762.jpg
79094383,Cipher Etranger,"If this card is in your hand or Graveyard: You can target 1 ""Cipher"" Xyz Monster you control; attach this card to it as an Xyz Material. If this card is sent to the Graveyard: You can add 1 ""Cipher"" Spell/Trap Card from your Deck to your hand. You can only use 1 ""Cipher Etranger"" effect per turn, and only once that turn.",https://images.ygoprodeck.com/images/cards/79094383.jpg
55496220,Cipher Interference,"During damage calculation, if your ""Cipher"" monster battles, while another monster with its same name is on the field: You can double the ATK of your battling ""Cipher"" monster until the end of the Battle Phase. You can only use this effect of ""Cipher Interference"" once per turn.",https://images.ygoprodeck.com/images/cards/55496220.jpg
58383100,Cipher Mirror Knight,"When a ""Cipher"" monster you control is destroyed by battle and sent to your Graveyard: You can discard this card; send 1 card from your hand or field to the Graveyard, and if you do, Special Summon that destroyed monster. During the End Phase, if this card is in the Graveyard because it was sent there this turn: You can add 1 ""Cipher"" card from your Deck to your hand. You can only use this effect of ""Cipher Mirror Knight"" once per turn.",https://images.ygoprodeck.com/images/cards/58383100.jpg
79853073,Cipher Soldier,"If this card battles a Warrior-Type monster, during damage calculation: This card gains 2000 ATK and DEF during that damage calculation only.",https://images.ygoprodeck.com/images/cards/79853073.jpg
98905,Cipher Spectrum,"If a ""Cipher"" Xyz Monster(s) you control that has Xyz Material is destroyed by battle or an opponent's card effect and sent to your Graveyard: Target 1 of those monsters; Special Summon it, and if you do, Special Summon 1 Xyz Monster from your Extra Deck with the same name as that Xyz monster.",https://images.ygoprodeck.com/images/cards/98905.jpg
21999001,Cipher Twin Raptor,"If your opponent controls a face-up monster that was Special Summoned from the Extra Deck and you control no monsters, you can Special Summon this card (from your hand). You can discard 1 card; Special Summon 1 ""Cipher"" monster from your hand or Deck, also you cannot Special Summon monsters for the rest of this turn, except ""Cipher"" monsters. You can only use this effect of ""Cipher Twin Raptor"" once per turn.",https://images.ygoprodeck.com/images/cards/21999001.jpg
81974607,Cipher Wing,"If you control a ""Cipher"" monster, you can Special Summon this card (from your hand). You can Tribute this card; increase the Levels of all ""Cipher"" monsters you control by 4 until the end of this turn.",https://images.ygoprodeck.com/images/cards/81974607.jpg
57143342,"Cir, Malebranche of the Burning Abyss","If you control a monster that is not a ""Burning Abyss"" monster, destroy this card. You can only use 1 of these effects of ""Cir, Malebranche of the Burning Abyss"" per turn, and only once that turn.
● If you control no Spell/Trap Cards: You can Special Summon this card from your hand.
● If this card is sent to the Graveyard: You can target 1 ""Burning Abyss"" monster in your Graveyard, except ""Cir, Malebranche of the Burning Abyss""; Special Summon it.",https://images.ygoprodeck.com/images/cards/57143342.jpg
12954226,Circle of the Fairies,"1 Tuner + 1+ non-Tuner monsters
During your Main Phase, you can Normal Summon 1 Insect or Plant monster in addition to your Normal Summon/Set. (You can only gain this effect once per turn.) When a monster is destroyed by battle involving your Insect or Plant monster, and sent to the GY: You can target 1 of those destroyed monsters; inflict damage to your opponent equal to half its ATK, then gain LP equal to the damage inflicted to your opponent. You can only use this effect of ""Circle of the Fairies"" once per turn.",https://images.ygoprodeck.com/images/cards/12954226.jpg
59388357,Circle of the Fire Kings,"Target 1 FIRE monster you control and 1 FIRE monster in your GY; destroy that monster you control, and if you do, Special Summon that other monster from your GY. You can only activate 1 ""Circle of the Fire Kings"" per turn.",https://images.ygoprodeck.com/images/cards/59388357.jpg
46290741,Citadel Whale,"If this card is in your hand or GY: You can Tribute 2 WATER monsters; Special Summon this card. You can only use this effect of ""Citadel Whale"" once per turn. If this card is Special Summoned: You can Set 1 ""Sea Stealth Attack"" directly from your Deck. Once per turn, when your opponent activates a card or effect that targets 1 WATER monster you control (and no other cards) (Quick Effect): You can negate the activation, and if you do, destroy that card.",https://images.ygoprodeck.com/images/cards/46290741.jpg
1482001,"Clara & Rushka, the Ventriloduo","1 Normal Summoned/Set monster
Cannot be Link Summoned except during Main Phase 2.",https://images.ygoprodeck.com/images/cards/1482001.jpg
57496978,Clashing Souls,"During damage calculation, if your Attack Position monster battles an opponent's Attack Position monster with higher ATK: The controller of the battling monster with lower ATK can pay 500 LP for that monster to gain 500 ATK during damage calculation only, then keep repeating this effect until a player chooses not to pay LP. Neither player takes any battle damage from that battle, also, after damage calculation, if any player's monster would be destroyed by that battle, send all cards that player controls to the Graveyard instead.",https://images.ygoprodeck.com/images/cards/57496978.jpg
98234196,"Clavkiys, the Magikey Skyblaster","''Everyone is full of possibilities. Everything you do, moving forwards, stopping, closing, opening, is all in your hands.
There are many doors in this world. To open them requires the Magic Key... 2 keys and 1 door... 2 wills and 1 body. Once the doors are opened, the worlds will be connected and the great power revealed.''",https://images.ygoprodeck.com/images/cards/98234196.jpg
41218256,Claw Reacher,Stretching arms and razor-sharp claws make this monster a formidable opponent.,https://images.ygoprodeck.com/images/cards/41218256.jpg
22479888,Clay Charge,"When an ""Elemental HERO Clayman"" you control is targeted for an attack (even if it is face-down, but reveal it to your opponent in that case): Destroy the attacking monster and that ""Elemental HERO Clayman"", and inflict 800 damage to your opponent.",https://images.ygoprodeck.com/images/cards/22479888.jpg
33506331,Clear Cube,"You are unaffected by the effects of ""Clear World"". During your Main Phase, you can Normal Summon 1 monster that mentions ""Clear World"" in addition to your Normal Summon/Set. (You can only gain this effect once per turn.) If this face-up card in its owner's control leaves the field by an opponent's card: You can Special Summon 1 monster from your Deck that mentions ""Clear World"".",https://images.ygoprodeck.com/images/cards/33506331.jpg
58518520,Clear Effector,If this card is sent to the Graveyard as a Synchro Material: Draw 1 card. A Synchro Monster that used this card as a Synchro Material cannot be destroyed by card effects.,https://images.ygoprodeck.com/images/cards/58518520.jpg
46613515,Clear Kuriboh,"When your opponent activates a monster effect that would inflict damage (Quick Effect): You can discard this card; negate the activation. When an opponent's monster declares a direct attack: You can banish this card from your GY; draw 1 card, and if it is a monster, you can Special Summon it, then change the attack target to it. You can only use this effect of ""Clear Kuriboh"" once per turn.",https://images.ygoprodeck.com/images/cards/46613515.jpg
21570001,Clear New World,"Target 1 face-up monster you control; destroy it, and if you do, Special Summon 1 monster from your Deck in Defense Position, with a different original Type and Attribute, whose Level is lower than that monster's original Level, but negate its effects. You can only activate 1 ""Clear New World"" per turn.",https://images.ygoprodeck.com/images/cards/21570001.jpg
70717628,Clear Phantom,"You can discard 2 cards, including this card; add 2 cards from your Deck to your hand that are either ""Clear World"" and/or Spells/Traps that mention it. You can only use this effect of ""Clear Phantom"" once per turn. You are unaffected by the effects of ""Clear World"". If this card is destroyed: You can target 1 monster your opponent controls; destroy it, and if you do, send the top 3 cards of their Deck to the GY.",https://images.ygoprodeck.com/images/cards/70717628.jpg
7102732,Clear Rage Golem,"If this card is Normal or Special Summoned: You can activate this effect; your monsters that mention ""Clear World"" can attack directly this turn. You can only use this effect of ""Clear Rage Golem"" once per turn. You are unaffected by the effects of ""Clear World"". When this card inflicts battle damage to your opponent: You can inflict 300 damage to your opponent for each card in their hand.",https://images.ygoprodeck.com/images/cards/7102732.jpg
97811903,Clear Vice Dragon,"You are unaffected by the effects of ""Clear World"". If this card attacks an opponent's monster, the ATK of this card becomes twice the ATK of the attack target, during damage calculation only. If this card would be destroyed by an opponent's card effect, you can discard 1 card instead.",https://images.ygoprodeck.com/images/cards/97811903.jpg
70095046,Clear Vicious Knight,"You can Tribute Summon this card by Tributing 1 monster that mentions ""Clear World"". Gains ATK equal to the highest original ATK among monsters your opponent controls. You are unaffected by the effects of ""Clear World"". Your opponent cannot activate the effects of Special Summoned monsters with ATK lower than this Tribute Summoned card's.",https://images.ygoprodeck.com/images/cards/70095046.jpg
6089145,Clear Wall,"If ""Clear World"" is on the field: You can add 1 monster from your Deck to your hand that mentions it. You can only use this effect of ""Clear Wall"" once per turn. Monsters that mention ""Clear World"" cannot be destroyed by battle, also you take no battle damage from battles involving them. While you control a Level 7 or higher monster that mentions ""Clear World"", all effects of ""Clear World"" are applied to your opponent regardless of the Attributes they control.",https://images.ygoprodeck.com/images/cards/6089145.jpg
90036274,Clear Wing Fast Dragon,"[ Pendulum Effect ] 
You can send 1 face-up ""Speedroid"" Tuner and 1 face-up non-Tuner monster you control to the GY, whose total Levels equal 7; Special Summon this card from your Pendulum Zone. You can only use this effect of ""Clear Wing Fast Dragon"" once per turn.
[ Monster Effect ] 
1 Tuner + 1+ non-Tuner WIND monsters
(Quick Effect): You can target 1 face-up monster your opponent controls that was Special Summoned from the Extra Deck; until the end of this turn, change its ATK to 0, also negate that face-up monster's effects. You can only use this effect of ""Clear Wing Fast Dragon"" once per turn. If this card in the Monster Zone is destroyed by battle or card effect: You can place this card in your Pendulum Zone.",https://images.ygoprodeck.com/images/cards/90036274.jpg
82044280,Clear Wing Synchro Dragon,"1 Tuner + 1+ non-Tuner monsters
Once per turn, when another Level 5 or higher monster activates its effect on the field (Quick Effect): You can negate the activation, and if you do, destroy it. Once per turn, when a monster effect is activated that targets 1 Level 5 or higher monster on the field (and no other cards) (Quick Effect): You can negate the activation, and if you do, destroy it. If this card's effect destroys a monster, this card gains ATK equal to the destroyed monster's original ATK until the end of this turn.",https://images.ygoprodeck.com/images/cards/82044280.jpg
33900648,Clear World,"During each of your End Phases, pay 500 Life Points or destroy this card. Each player receives effects, depending on the monster Attributes they control. ● LIGHT: Play with your hand revealed at all times. ● DARK: If you control 2 or more monsters, you cannot declare an attack. ● EARTH: During your Standby Phase: Target 1 face-up Defense Position monster you control; destroy that target. ● WATER: During your End Phase: Discard 1 card. ● FIRE: During your End Phase: Take 1000 damage. ● WIND: You must pay 500 Life Points to activate a Spell Card.",https://images.ygoprodeck.com/images/cards/33900648.jpg
45778242,Cliant,"While this Normal Summoned/Set card is face-up on the field, all Cyberse monsters you control gain 500 ATK/DEF during your turn only. If this card on the field would be destroyed by battle or card effect, you can destroy 1 Cyberse monster in your hand or face-up field instead.",https://images.ygoprodeck.com/images/cards/45778242.jpg
2992467,Click & Echo,"Cannot be used as material for a Fusion, Synchro, or Xyz Summon. Cannot be Tributed while face-up in the Monster Zone. If this card is sent to the GY as material for a Link Summon: Special Summon this card in Defense Position, to the opponent's field of the player that Link Summoned. You can only use this effect of ""Click & Echo"" twice per turn. While this card, that was Summoned by its effect, is in the Monster Zone, you must keep your hand revealed.",https://images.ygoprodeck.com/images/cards/2992467.jpg
8323633,Cloak and Dagger,"Declare 1 Monster Card name. If your opponent Normal Summons, Special Summons, or flips that monster(s) face-up, remove that monster(s) and this card from play.",https://images.ygoprodeck.com/images/cards/8323633.jpg
87468732,Clock Arc,"[ Pendulum Effect ] 
If you control no monsters, or only Pendulum Monsters, apply this effect, based on this card's Pendulum Zone.
● Left: Reduce its Pendulum Scale by 3.
● Right: Increase its Pendulum Scale by 4.
During your opponent's Standby Phase: You can Special Summon this card.
[ Monster Effect ] 
If this card is Special Summoned to a zone that is not the center Main Monster Zone, destroy it. Cannot be destroyed by battle. Once per turn, during your opponent's End Phase: You can target 1 card in your Pendulum Zone; destroy it, and if you do, place this card in your Pendulum Zone.",https://images.ygoprodeck.com/images/cards/87468732.jpg
51476410,Clock Lizard,"2 Cyberse monsters
You can Tribute this card; return 1 Fusion Monster from your GY to the Extra Deck, then Fusion Summon that Fusion Monster from your Extra Deck, by banishing Fusion Materials listed on it from your GY. If this card is banished from your GY: You can make Special Summoned monsters your opponent currently controls lose 400 ATK for each Cyberse monster currently in your GY, until the end of this turn.",https://images.ygoprodeck.com/images/cards/51476410.jpg
77087109,Clock Resonator,"Once per turn, this face-up Defense Position card cannot be destroyed by battle or by card effects.",https://images.ygoprodeck.com/images/cards/77087109.jpg
4478086,Clock Spartoi,"2 Cyberse monsters
If this card is Link Summoned: You can add 1 ""Cynet Fusion"" from your Deck to your hand. If a monster(s) is Special Summoned to a zone(s) this card points to (except during the Damage Step): You can target 1 Level 4 or lower Cyberse monster in your GY; Special Summon it, but negate its effects, also you cannot Special Summon monsters from the Extra Deck for the rest of this turn, except Fusion Monsters. You can only use each effect of ""Clock Spartoi"" once per turn.",https://images.ygoprodeck.com/images/cards/4478086.jpg
75041269,Clock Tower Prison,"Once per turn, during your opponent's Standby Phase: Place 1 Clock Counter on this card. While there are 4 or more Clock Counters on this card, you do not take any battle damage. If this card with 4 or more Clock Counters is destroyed and sent to the GY: Special Summon 1 ""Destiny HERO - Dreadmaster"" from your hand or Deck.",https://images.ygoprodeck.com/images/cards/75041269.jpg
21830679,Clock Wyvern,"If this card is Normal or Special Summoned: You can halve this card's ATK, and if you do, Special Summon 1 ""Clock Token"" (Cyberse/WIND/Level 1/ATK 0/DEF 0). You can only use this effect of ""Clock Wyvern"" once per turn.",https://images.ygoprodeck.com/images/cards/21830679.jpg
84797028,Clockwork Night,"All face-up monsters on the field become Machine monsters. Machine monsters you control gain 500 ATK/DEF, also Machine monsters your opponent controls lose 500 ATK/DEF. You can banish this card from your GY, then discard 1 card; add 1 EARTH Machine monster from your Deck to your hand. You can only use this effect of ""Clockwork Night"" once per turn. You can only activate 1 ""Clockwork Night"" per turn.",https://images.ygoprodeck.com/images/cards/84797028.jpg
86871615,Clone Token,"Special Summoned with the effect of ""Cloning"". If the monster is destroyed and sent to the Graveyard, destroy this Token.",https://images.ygoprodeck.com/images/cards/86871615.jpg
86871614,Cloning,"When your opponent Normal or Flip Summons a monster that has a Level: Target that face-up monster; Special Summon 1 ""Clone Token"", with the same original Type, Attribute, Level, ATK, and DEF as that target. When that target is destroyed and sent to the GY, destroy this Token.",https://images.ygoprodeck.com/images/cards/86871614.jpg
22723778,"Clorless, Chaos King of Dark World","""Reign-Beaux, Overlord of Dark World"" + 2+ Fiend monsters
If this card is Fusion Summoned: You can destroy all cards your opponent controls. This card's original ATK/DEF each become the number of materials used for its Summon x 1000. Once per turn (Quick Effect): You can target 1 face-up card you control; discard 1 card, also your opponent cannot target that face-up card with card effects for the rest of this turn.",https://images.ygoprodeck.com/images/cards/22723778.jpg
78082039,Closed Forest,All Beast-Type monsters you control gain 100 ATK for each monster in your Graveyard. Field Spell Cards cannot be activated. Field Spell Cards cannot be activated during the turn this card is destroyed.,https://images.ygoprodeck.com/images/cards/78082039.jpg
9348522,Cloudcastle,"1 Tuner + 1 or more non-Tuner monsters
When this card is Synchro Summoned: You can target 1 Level 9 monster in your Graveyard; Special Summon that target. Level 8 or lower monsters cannot attack the turn they are Normal or Special Summoned.",https://images.ygoprodeck.com/images/cards/9348522.jpg
17810268,Cloudian - Acid Cloud,"This card cannot be destroyed by battle. If this card is in face-up Defense Position, destroy it. When you Normal Summon this card, place 1 Fog Counter on it for each ""Cloudian"" monster on the field. You can remove 2 Fog Counters from this card to destroy 1 Spell or Trap Card.",https://images.ygoprodeck.com/images/cards/17810268.jpg
79703905,Cloudian - Altus,"This card cannot be destroyed by battle. If this card is in face-up Defense Position, destroy it. When you Normal Summon this card, place 1 Fog Counter on it for each ""Cloudian"" monster on the field. You can remove 3 Fog Counters from anywhere on the field to discard 1 random card from your opponent's hand.",https://images.ygoprodeck.com/images/cards/79703905.jpg
43318266,Cloudian - Cirrostratus,"This card cannot be destroyed by battle. If this card is in face-up Defense Position, destroy it. When you Normal Summon this card, place 1 Fog Counter on it for each ""Cloudian"" monster on the field. You can remove 2 Fog Counters from this card to destroy 1 monster on the field.",https://images.ygoprodeck.com/images/cards/43318266.jpg
57610714,Cloudian - Eye of the Typhoon,"This card cannot be destroyed by battle. If this card is in face-up Defense Position, destroy it. When this card declares an attack, change the battle positions of all face-up monsters, except ""Cloudian"" monsters.",https://images.ygoprodeck.com/images/cards/57610714.jpg
83604828,Cloudian - Ghost Fog,"This card cannot be Special Summoned. All Battle Damage to either player from a battle involving this monster becomes 0. If this card is destroyed by battle, distribute new Fog Counters equal to the Level of the monster that destroyed it among face-up monsters.",https://images.ygoprodeck.com/images/cards/83604828.jpg
20003527,Cloudian - Nimbusman,"This card cannot be destroyed by battle. If this card is in face-up Defense Position, destroy it. You can Tribute any number of WATER monsters for the Tribute Summon of this card. When this card is Tribute Summoned, place 1 Fog Counter on it for each WATER monster you Tributed. This card gains 500 ATK for each Fog Counter on the field.",https://images.ygoprodeck.com/images/cards/20003527.jpg
83982270,Cloudian - Poison Cloud,"When this card is destroyed by battle and sent to the Graveyard, if it was face-up at the start of the Damage Step: Destroy the monster that destroyed it, and if you do, inflict 800 damage to your opponent.",https://images.ygoprodeck.com/images/cards/83982270.jpg
56597272,Cloudian - Sheep Cloud,"When this card is destroyed by battle and sent to the Graveyard, Special Summon 2 ""Cloudian Tokens"" (Fairy-Type/WATER/Level 1/ATK 0/DEF 0) in Defense Position. These tokens cannot be Tributed for a Tribute Summon, unless it is for a ""Cloudian"" monster.",https://images.ygoprodeck.com/images/cards/56597272.jpg
80825553,Cloudian - Smoke Ball,"Smoke Balls are newly born Cloudians. They fear being alone, and would rather swing and sway in the sky with their friends.",https://images.ygoprodeck.com/images/cards/80825553.jpg
13474291,Cloudian - Storm Dragon,"This card cannot be Normal Summoned or Set. This card can only be Special Summoned by removing from play 1 ""Cloudian"" monster from your Graveyard. This card cannot be destroyed by battle. If this card is in face-up Defense Position, destroy it. Once per turn, you can place 1 Fog Counter on 1 monster on the field.",https://images.ygoprodeck.com/images/cards/13474291.jpg
16197610,Cloudian - Turbulence,"This card cannot be destroyed by battle. If this card is in face-up Defense Position, destroy it. When you Normal Summon this card, place 1 Fog Counter on it for each ""Cloudian"" monster on the field. You can remove 1 Fog Counter from this card to Special Summon 1 ""Cloudian - Smoke Ball"" from your Deck or from either player's Graveyard.",https://images.ygoprodeck.com/images/cards/16197610.jpg
88210105,Cloudian Aerosol,"Discard 1 ""Cloudian"" monster, then target 1 face-up monster on the field; place Fog Counters on that target equal to its Level. You can banish this card and 1 ""Cloudian"" monster from your GY; Special Summon 1 ""Cloudian"" monster from your Deck. You can only use 1 ""Cloudian Aerosol"" effect per turn, and only once that turn.",https://images.ygoprodeck.com/images/cards/88210105.jpg
90135989,Cloudian Squall,"During each of your Standby Phases, place 1 Fog Counter on every face-up monster.",https://images.ygoprodeck.com/images/cards/90135989.jpg
56597273,Cloudian Token,"Special Summoned with the effect of ""Cloudian - Sheep Cloud"". This Token cannot be Tributed for a Tribute Summon, unless it is for a ""Cloudian"" monster.",https://images.ygoprodeck.com/images/cards/56597273.jpg
300302059,Cloudy Skies of Grey,"Each time a ""Cloudian"" monster with a Fog Counter(s) is destroyed, place its Fog Counters on another face-up monster on the field.",https://images.ygoprodeck.com/images/cards/300302059.jpg
92667214,Clown Zombie,A clown revived by the powers of darkness. Its deadly dance has sent many monsters to their graves.,https://images.ygoprodeck.com/images/cards/92667214.jpg
94703021,Cluster Congester,"If this card is Normal or Special Summoned and you control no Link Monsters: You can Special Summon 1 ""Congester Token"" (Cyberse/DARK/Level 1/ATK 0/DEF 0). You can only use this effect of ""Cluster Congester"" once per turn. Once per Battle Step, if a Link Monster you control is attacked (Quick Effect): You can banish this card from your GY and that Link Monster; Special Summon ""Congester Tokens"", up to the number of Link Monsters your opponent controls.",https://images.ygoprodeck.com/images/cards/94703021.jpg
67136033,Coach Captain Bearman,"You can Normal Summon this card without Tributing, but its original ATK becomes 1300. Once per turn: You can make all Level 4 Beast-Warrior-Type monsters you currently control become Level 8 until the end of this turn. This card cannot be used as an Xyz Material for an Xyz Summon, except for the Xyz Summon of a FIRE Warrior-Type monster.",https://images.ygoprodeck.com/images/cards/67136033.jpg
42541548,Coach Goblin,"While this card is face-up on your side of the field, you can return 1 Normal Monster Card in your hand to the bottom of your Deck during your End Phase to draw 1 card from your Deck. You can only use this effect once per turn.",https://images.ygoprodeck.com/images/cards/42541548.jpg
30741334,Coach King Giantrainer,"3 Level 8 monsters
You can detach 1 Xyz Material from this card; draw 1 card and show it, then if it was a monster, inflict 800 damage to your opponent. You cannot conduct your Battle Phase the turn you activate this effect. You can only use this effect of ""Coach King Giantrainer"" up to thrice per turn.",https://images.ygoprodeck.com/images/cards/30741334.jpg
3534077,Coach Soldier Wolfbark,"You can target 1 Level 4 FIRE Beast-Warrior-Type monster in your Graveyard; Special Summon it in face-up Defense Position. Its effects are negated. You can only use the effect of ""Coach Soldier Wolfbark"" once per turn.",https://images.ygoprodeck.com/images/cards/3534077.jpg
86801871,Cobra Jar,"FLIP: Special Summon 1 ""Poisonous Snake Token"" (Reptile-Type/EARTH/3 Stars/ATK 1200/DEF 1200). When the ""Poisonous Snake Token"" is destroyed as a result of battle, inflict 500 points of damage to your opponent's Life Points.",https://images.ygoprodeck.com/images/cards/86801871.jpg
75109441,Cobraman Sakuzy,"You can flip this card into face-down Defense Position once per turn during your Main Phase. When this card is flipped face-up, look at all Set Spell and Trap Cards on your opponent's side of the field and then return them to their original position.",https://images.ygoprodeck.com/images/cards/75109441.jpg
94395649,Cocatorium the Heavy Metal Avian,"If this card is in your hand or GY: You can Tribute 1 Beast, Beast-Warrior, or Winged Beast monster; Special Summon this card, but banish it when it leaves the field. You can banish 1 Level 4 or lower Beast, Beast-Warrior, or Winged Beast monster from your Deck; this card's name becomes that banished monster's name, also it becomes the same Type, Attribute and Level as that monster's, until the End Phase. You can only use each effect of ""Cocatorium the Heavy Metal Avian"" once per turn.",https://images.ygoprodeck.com/images/cards/94395649.jpg
42338879,Cockadoodledoo,"If there are no monsters on the field, you can Special Summon this card (from your hand) as a Level 3 monster. If your opponent controls a monster and you control no cards, you can Special Summon this card (from your hand) as a Level 4 monster. If this face-up card would leave the field, banish it instead.",https://images.ygoprodeck.com/images/cards/42338879.jpg
33413638,Cockroach Knight,"When this card is sent to the Graveyard, it is returned to the top of the Deck.",https://images.ygoprodeck.com/images/cards/33413638.jpg
80368942,Cocoon Party,"Special Summon 1 ""Chrysalis"" monster from your Deck for each ""Neo-Spacian"" monster with a different name in your Graveyard.",https://images.ygoprodeck.com/images/cards/80368942.jpg
43644025,Cocoon Rebirth,"You can Tribute 1 face-up ""Chrysalis"" monster you control to Special Summon 1 ""Neo-Spacian"" monster written in the card text of that card from either player's Graveyard.",https://images.ygoprodeck.com/images/cards/43644025.jpg
56641453,Cocoon Veil,"Activate by Tributing 1 face-up ""Chrysalis"" monster. This turn, any damage to a player caused by an effect becomes 0. Special Summon 1 ""Neo-Spacian"" monster written on the ""Chrysalis"" monster you Tributed from your hand, Deck or from either player's Graveyard.",https://images.ygoprodeck.com/images/cards/56641453.jpg
40240595,Cocoon of Evolution,"You can target 1 ""Petit Moth"" you control; equip this card from your hand to that target. While equipped by this effect, the original ATK/DEF of that ""Petit Moth"" becomes the ATK/DEF of ""Cocoon of Evolution"".",https://images.ygoprodeck.com/images/cards/40240595.jpg
77840540,Cocoon of Ultra Evolution,"Tribute 1 Insect monster from either field equipped with an Equip Card, and if you do, Special Summon 1 Insect monster from your Deck, ignoring its Summoning conditions. During your Main Phase: You can banish this card from your GY, then target 1 Insect monster in your GY; shuffle it into the Deck, then draw 1 card. You can only use this effect of ""Cocoon of Ultra Evolution"" once per turn.",https://images.ygoprodeck.com/images/cards/77840540.jpg
300104004,Cocoon of Ultra Evolution (Skill Card),"Activate the following Skill(s) during your Main Phase.
● You can Tribute 1 Insect monster from either field equipped with an Equip Card, and if you do, Special Summon 1 Insect monster from your Deck, ignoring its Summoning conditions, also flip this card over.
● You can shuffle 1 Insect monster from your GY into the Deck, then draw 1 card, also flip this card over.
Each of these Skills can only be used once per Duel.",https://images.ygoprodeck.com/images/cards/300104004.jpg
65496056,Codarus,"You can send 1 face-up ""Umi"" you control to the Graveyard to target up to 2 cards your opponent controls; send those targets to the Graveyard.",https://images.ygoprodeck.com/images/cards/65496056.jpg
99342953,Code A Ancient Ruins,"Each time a face-up ""Alien"" monster(s) is destroyed, place 1 A-Counter on this card. Once per turn, you can remove 2 A-Counters from anywhere on the field to Special Summon 1 ""Alien"" monster from your Graveyard.",https://images.ygoprodeck.com/images/cards/99342953.jpg
37119142,Code Exporter,"If a Cyberse monster you control would be used as Link Material for a ""Code Talker"" monster, this card in your hand can also be used as material. If this card is sent from the hand or field to the GY as material for the Link Summon of a ""Code Talker"" monster: You can target 1 Level 4 or lower Cyberse monster in your GY; add it to your hand, or, if this card on the field was used as material, you can Special Summon it instead, but negate its effects. You can only use each effect of ""Code Exporter"" once per turn.",https://images.ygoprodeck.com/images/cards/37119142.jpg
30114823,Code Generator,"If a Cyberse monster you control would be used as Link Material for a ""Code Talker"" monster, this card in your hand can also be used as material. If this card is sent from the hand or field to the GY as material for the Link Summon of a ""Code Talker"" monster: You can send 1 Cyberse monster with 1200 or less ATK from your Deck to the GY, or, if this card on the field was used as material, you can add that card to your hand instead. You can only use each effect of ""Code Generator"" once per turn.",https://images.ygoprodeck.com/images/cards/30114823.jpg
33750856,Code Hack,"Cyberse Link Monsters you control cannot be destroyed by your opponent's card effects. Once per turn, during the Battle Step, if your monster battles an opponent's monster: You can activate this effect; that opponent's monster's ATK becomes 0 until the end of this turn, also for that battle, monsters cannot be destroyed by battle and neither player takes battle damage. That opponent's monster must be face-up on the field to activate and to resolve this effect. When your opponent activates a card or effect during a Damage Step that your ""Code Talker"" monster is attacking in: You can banish this card from your GY; negate the activation, and if you do, your attacking monster gains 700 ATK.",https://images.ygoprodeck.com/images/cards/33750856.jpg
75130221,Code Radiator,"If a Cyberse monster you control would be used as Link Material for a ""Code Talker"" monster, this card in your hand can also be used as material. If this card is sent from the hand or field to the GY as material for the Link Summon of a ""Code Talker"" monster: You can target 1 face-up monster your opponent controls; change its ATK 0, also negate its effects. If this card on the field was used as material, you can target 2 monsters, instead. You can only use each effect of ""Code Radiator"" once per turn.",https://images.ygoprodeck.com/images/cards/75130221.jpg
53413628,Code Talker,"2 Effect Monsters
Gains 500 ATK for each monster this card points to. Cannot be destroyed by battle or your opponent's card effects, while this card points to a monster.",https://images.ygoprodeck.com/images/cards/53413628.jpg
45462149,Code Talker Inverted,"2 Cyberse monsters
If this card is Link Summoned: You can Special Summon 1 Cyberse monster from your hand to your zone this card points to. You can only use this effect of ""Code Talker Inverted"" once per turn.",https://images.ygoprodeck.com/images/cards/45462149.jpg
74652966,Code of Soul,"If you control a Link Monster: You can Special Summon this card from your hand. During your Main Phase: You can activate this effect; once this turn, if you Link Summon a ""Salamangreat"" Link Monster, you can use 1 ""Salamangreat"" Link Monster you control with its same name as the entire material. During your opponent's Main Phase (Quick Effect): You can banish this card from your GY; immediately after this effect resolves, Link Summon 1 Link-3 or higher Cyberse Link Monster. You can only use each effect of ""Code of Soul"" once per turn.",https://images.ygoprodeck.com/images/cards/74652966.jpg
48736598,Codebreaker Virus Berserker,"2+ monsters, including a ""Codebreaker"" monster
When this card is Special Summoned, if it is co-linked: You can Special Summon up to 2 ""Codebreaker"" monsters from your hand and/or GY to any zone(s) a Link Monster(s) points to. During your Main Phase: You can destroy Spells/Traps your opponent controls, up to the number of linked ""Codebreaker"" monsters on the field. You can only use each effect of ""Codebreaker Virus Berserker"" once per turn.",https://images.ygoprodeck.com/images/cards/48736598.jpg
84121193,Codebreaker Virus Swordsman,"2 Effect Monsters
When this card is Special Summoned, if it is co-linked: You can Special Summon 1 ""Codebreaker Zero Day"" from your hand, Deck, or GY, to any zone a Link Monster points to. During the End Phase, if this card is in the GY because it was destroyed, while in your possession, by an opponent's card and sent there this turn: You can Special Summon this card, but banish it when it leaves the field. You can only use each effect of ""Codebreaker Virus Swordsman"" once per turn.",https://images.ygoprodeck.com/images/cards/84121193.jpg
8662794,Codebreaker Zero Day,"All Link Monsters pointing to this card lose 1000 ATK, except ""Codebreaker"" Link Monsters. If a ""Codebreaker"" Link Monster(s) on the field is destroyed by battle or card effect, while this card is on the field: Destroy this card. If this card is destroyed by battle or card effect: You can add 1 ""Codebreaker Zero Day"" from your Deck to your hand.",https://images.ygoprodeck.com/images/cards/8662794.jpg
65830223,Coffin Seller,Each time a monster(s) is sent to your opponent's GY: Inflict 300 damage to your opponent.,https://images.ygoprodeck.com/images/cards/65830223.jpg
24661486,Cold Enchanter,You can discard 1 card to target 1 face-up monster on the field; place an Ice Counter on that target. This card gains 300 ATK for each Ice Counter on the field.,https://images.ygoprodeck.com/images/cards/24661486.jpg
40383551,Cold Feet,"You cannot activate, Set, or use the effects of any Spell/Trap Cards this turn.",https://images.ygoprodeck.com/images/cards/40383551.jpg
60682203,Cold Wave,"This card can only be activated at the start of Main Phase 1. Until your next turn, you and your opponent cannot play or Set any Spell or Trap Cards.",https://images.ygoprodeck.com/images/cards/60682203.jpg
300302060,Cold-Blooded Tactician,"Once per turn, during your Main Phase, you can change the battle positions of monsters your opponent controls, up to the number of face-up Reptile monsters you control.",https://images.ygoprodeck.com/images/cards/300302060.jpg
7565547,Collected Power,"Target 1 face-up monster on the field; equip it with all Equip Cards on the field. If any of those Equip Cards is now equipped to an incorrect target, destroy that Equip Card.",https://images.ygoprodeck.com/images/cards/7565547.jpg
54656181,Colonel on C-String,When this card is Normal Summoned: You can Special Summon 2 Level 4 or lower Warrior monsters with different names from your hand in Defense Position.,https://images.ygoprodeck.com/images/cards/54656181.jpg
23693634,Colossal Fighter,"1 Tuner + 1 or more non-Tuner monsters
This card gains 100 ATK for every Warrior-Type monster in any Graveyard. When this card is destroyed by battle and sent to the Graveyard: You can target 1 Warrior-Type monster in either Graveyard; Special Summon that target.",https://images.ygoprodeck.com/images/cards/23693634.jpg
38898779,Colossal Fighter/Assault Mode,"This card cannot be Normal Summoned or Set. This card cannot be Special Summoned except with ""Assault Mode Activate"". When this card is Special Summoned, you can send up to 2 Warrior-Type monsters from your Deck to the Graveyard. All monsters your opponent controls lose 100 ATK for every Warrior-Type monster in your Graveyard. When this card on the field is destroyed, you can Special Summon 1 ""Colossal Fighter"" from your Graveyard.",https://images.ygoprodeck.com/images/cards/38898779.jpg
52518793,Colosseum - Cage of the Gladiator Beasts,"Place 1 Counter on this card each time a monster is Special Summoned from either player's Deck. All ""Gladiator Beast"" monsters gain 100 ATK and DEF for each of these counters on this card. If this card would be destroyed by a card effect, you can discard 1 ""Colosseum - Cage of the Gladiator Beasts"" to prevent this card from being destroyed.",https://images.ygoprodeck.com/images/cards/52518793.jpg
37480144,Column Switch,Target 1 monster in your Main Monster Zone; move that target to another of your Main Monster Zones.,https://images.ygoprodeck.com/images/cards/37480144.jpg
12501230,Combat Wheel,"1 Tuner + 1+ non-Tuner monsters
The first time this card would be destroyed by an opponent's card effect each turn, it is not destroyed. Once per turn, during your opponent's Battle Phase (Quick Effect): You can discard 1 card; this card gains ATK equal to half the total ATK of all other monsters you currently control, then place 1 counter on this card, also for the rest of this turn, your opponent's monsters cannot target monsters for attacks, except this one. If this card with a counter is destroyed by battle: Destroy all monsters you control.",https://images.ygoprodeck.com/images/cards/12501230.jpg
8964854,Combination Attack,"During a Battle Phase, you can use this effect on 1 monster that has attacked this turn and is equipped with a Union Monster. Change the Union Monster back to a monster in face-up Attack or Defense Position. Also, the monster that was equipped with the Union Monster may attack again this turn.",https://images.ygoprodeck.com/images/cards/8964854.jpg
17217034,Combined Maneuver - Engage Zero!,"2 LIGHT and/or DARK monsters
(This card is always treated as a ""Sky Striker Ace"" card.)
You can only Special Summon ""Combined Maneuver - Engage Zero!(s)"" once per turn. Cannot be used as Link Material. If this card is Special Summoned: You can target 1 monster on the field with 2500 or more ATK; negate its effects until the end of this turn. At the start of the Damage Step, if this card attacks, while you have ""Sky Striker Ace - Raye"" and ""Sky Striker Ace - Roze"" in your GY: You can destroy all monsters your opponent controls.",https://images.ygoprodeck.com/images/cards/17217034.jpg
8806072,Combo Fighter,"If a Chain (of 2 or more Links) occurred in your Main Phase 1, this card can attack twice during the Battle Phase this turn.",https://images.ygoprodeck.com/images/cards/8806072.jpg
44800181,Combo Master,"If a Chain (of 2 or more Links) occurred in your Main Phase 1, this card can attack twice during the Battle Phase this turn.",https://images.ygoprodeck.com/images/cards/44800181.jpg
33453260,Comic Hand,"If you control ""Toon World"", equip to an opponent's monster. Take control of it. It is treated as a Toon monster. If your opponent controls no Toon monsters, it can attack your opponent directly. If ""Toon World"" is not on the field, destroy this card.",https://images.ygoprodeck.com/images/cards/33453260.jpg
77631175,Comics Hero King Arthur,"2 Level 4 Warrior-Type monsters
If this card would be destroyed by battle, you can detach 1 Xyz Material from this card instead. When you do: It gains 500 ATK, and if it does, inflict 500 damage to your opponent.",https://images.ygoprodeck.com/images/cards/77631175.jpg
10375182,Command Knight,"All Warrior monsters you control gain 400 ATK. If you control another monster, monsters your opponent controls cannot target this card for attacks.",https://images.ygoprodeck.com/images/cards/10375182.jpg
78184733,Command Performance,"If you control a ""Performapal"" monster: Change all face-up Attack Position monsters your opponent controls to Defense Position. Monsters changed to Defense Position by this effect cannot change their battle positions until the end of the next turn.",https://images.ygoprodeck.com/images/cards/78184733.jpg
22666164,Commander Covington,"You can send 1 face-up ""Machina Soldier"", ""Machina Sniper"", and ""Machina Defender"" you control to the GY; Special Summon 1 ""Machina Force"" from your hand or Deck.",https://images.ygoprodeck.com/images/cards/22666164.jpg
53388413,"Commander Gottoms, Swordmaster","All face-up ""Saber"" monsters you control gain 400 ATK.",https://images.ygoprodeck.com/images/cards/53388413.jpg
12197543,Commander of Swords,"When your opponent draws for their normal draw in their Draw Phase: They reveal the card(s) they drew, then if any is a Spell/Trap Card, you apply 1 of these effects.
● Discard all cards they drew.
● Destroy 1 Spell/Trap Card they control.",https://images.ygoprodeck.com/images/cards/12197543.jpg
43417563,Commencement Dance,"This card is used to Ritual Summon ""Performance of Sword"". You must also Tribute monsters whose total Level Stars equal 6 or more from the field or your hand.",https://images.ygoprodeck.com/images/cards/43417563.jpg
40465719,Common Charity,"Draw 2 cards, then banish 1 Normal Monster from your hand, or, if you do not have any in your hand, send your entire hand to the GY.",https://images.ygoprodeck.com/images/cards/40465719.jpg
14772491,Common Soul,"Select 1 face-up monster on the field. Special Summon 1 ""Neo-Spacian"" monster from your hand to the same side of the field as the selected monster. The selected monster gains ATK equal to the ATK of the monster that was Special Summoned by this effect. When this card is removed from the field, return the Special Summoned monster to its owner's hand.",https://images.ygoprodeck.com/images/cards/14772491.jpg
27450401,Compass Token,"Special Summoned with the effect of ""Cosmic Compass"".",https://images.ygoprodeck.com/images/cards/27450401.jpg
48216773,Compulsory Escape Device,"Each player chooses 1 monster they control, then shuffles it into the Deck.",https://images.ygoprodeck.com/images/cards/48216773.jpg
94192409,Compulsory Evacuation Device,Target 1 monster on the field; return that target to the hand.,https://images.ygoprodeck.com/images/cards/94192409.jpg
83602069,Comrade Swordsman of Landstar,All Warrior-Type monsters you control gain 400 ATK.,https://images.ygoprodeck.com/images/cards/83602069.jpg
79627627,Conbirdable,"FLIP: You can Special Summon 1 Level 5 or higher Flip monster from your Deck in face-down Defense Position, except ""Conbirdable"".
During the Battle Phase, if this card is in your hand (Quick Effect): You can target 1 face-down monster on the field; send it to the GY, and if you do, Special Summon this card in face-down Defense Position. You can only use each effect of ""Conbirdable"" once per turn.",https://images.ygoprodeck.com/images/cards/79627627.jpg
20501450,Concentrating Current,"Target 1 face-up monster you control; it gains ATK equal to its current DEF, until the end of this turn. Other monsters you control cannot attack during the turn you activate this card.",https://images.ygoprodeck.com/images/cards/20501450.jpg
14283055,Concours de Cuisine (Culinary Confrontation),"Choose 1 ""Nouvelles"" Pendulum Monster and 1 ""Patissciel"" Pendulum Monster from your hand, Deck, and/or Extra Deck, and Special Summon both monsters, 1 to each field, also this turn, you cannot use monsters as material for a Fusion, Synchro, Xyz, or Link Summon, except ""Nouvelles"" and ""Patissciel"" monsters. During your Main Phase: You can banish this card from your GY, then target 1 face-up monster on the field; it gains 200 ATK for each ""Recipe"" card in the GYs. You can only use each effect of ""Concours de Cuisine (Culinary Confrontation)"" once per turn.",https://images.ygoprodeck.com/images/cards/14283055.jpg
35306215,Condemned Darklord,"2 Fairy monsters
You can Tribute Summon Fairy monsters that require 2 Tributes by banishing 2 monsters from your GY instead of Tributing (it is still treated as a Tribute Summon). You can discard 1 card; take 1 ""Darklord"" monster from your Deck, and either add it to your hand or send it to the GY. You can only use this effect of ""Condemned Darklord"" once per turn. Once per turn, during your End Phase: Gain 500 LP for each Fairy monster on the field.",https://images.ygoprodeck.com/images/cards/35306215.jpg
68018709,Condemned Maiden,"During your opponent's turn, you can activate 1 Quick-Play Spell Card from your hand. You can only use this effect of ""Condemned Maiden"" once per Duel.",https://images.ygoprodeck.com/images/cards/68018709.jpg
44656450,Condemned Witch,"When this card is Normal Summoned: You can add 1 ""Forbidden"" Quick-Play Spell from your Deck to your hand. During your opponent's Main Phase (Quick Effect): You can Tribute this card; Special Summon 1 Level 4 Fairy monster from your Deck, except ""Condemned Witch"". You can only use each effect of ""Condemned Witch"" once per turn.",https://images.ygoprodeck.com/images/cards/44656450.jpg
57093995,Condolence Puppet,"Send ""Gimmick Puppet"" monsters with different names from your Deck to the GY, up to the number of monsters your opponent controls that were Special Summoned from the Extra Deck +1. You can banish this card from your GY, then target 1 Machine Xyz Monster you control; it cannot be destroyed by your opponent's card effects while face-up on the field. You can only use each effect of ""Condolence Puppet"" once per turn.",https://images.ygoprodeck.com/images/cards/57093995.jpg
8454126,Conductor of Nephthys,"You can Ritual Summon this card with ""Rebirth of Nephthys"". If this card is Ritual Summoned: You can Special Summon 1 ""Nephthys"" Ritual Monster from your hand or Deck, except ""Conductor of Nephthys"" (this is treated as a Ritual Summon). If this card is Tributed or destroyed by a ""Nephthys"" card effect: You can activate this effect; during the next Standby Phase, destroy up to 3 ""Nephthys"" cards, except Ritual Monsters, 1 each from your hand, Deck, and field. You can only use each effect of ""Conductor of Nephthys"" once per turn.",https://images.ygoprodeck.com/images/cards/8454126.jpg
53618197,Confiras de Nouvelles,"You can Ritual Summon this card with a ""Recipe"" card. If this card is Special Summoned: You can target 1 Spell/Trap on the field; destroy it. When a card or effect is activated that targets this card on the field, or when this card is targeted for an attack (Quick Effect): You can Tribute this card and 1 Attack Position monster on either field, and if you do, Special Summon 1 Level 3 or 4 ""Nouvelles"" Ritual Monster from your hand or Deck. You can only use each effect of ""Confiras de Nouvelles"" once per turn.",https://images.ygoprodeck.com/images/cards/53618197.jpg
17375316,Confiscation,"Pay 1000 Life Points. Look at your opponent's hand, select 1 card in it and discard that card.",https://images.ygoprodeck.com/images/cards/17375316.jpg
15721123,"Confronting the ""C""","When your opponent Special Summons a monster(s) from the Extra Deck (except during the Damage Step): You can Special Summon this card from your hand. If you do, this card is unaffected by monster effects that target this card.",https://images.ygoprodeck.com/images/cards/15721123.jpg
67630339,Confusion Chaff,Activate only when your opponent declares a second direct attack during the same Battle Phase. Conduct battle between the attacking monster and the first monster that attacked directly (other effects cannot be activated during this battle).,https://images.ygoprodeck.com/images/cards/67630339.jpg
20590515,Conquistador of the Golden Land,"Special Summon this card as a Normal Monster (Zombie/LIGHT/Level 5/ATK 500/DEF 1800) (this card is also still a Trap), then, if you control ""Eldlich the Golden Lord"", you can destroy 1 face-up card on the field. During the End Phase: You can banish this card from your GY; Set 1 ""Eldlixir"" Spell/Trap directly from your Deck. You can only use 1 ""Conquistador of the Golden Land"" effect per turn, and only once that turn.",https://images.ygoprodeck.com/images/cards/20590515.jpg
31000575,Conscription,"Excavate the top card of your opponent's Deck, and if it is a monster that can be Normal Summoned/Set, Special Summon it to your field. Otherwise, add that card to your opponent's hand.",https://images.ygoprodeck.com/images/cards/31000575.jpg
2980764,Consecrated Light,"Neither player can Normal or Special Summon DARK monsters or declare an attack with a DARK monster. This card cannot be destroyed by battle with a DARK monster, also you take no battle damage from that battle.",https://images.ygoprodeck.com/images/cards/2980764.jpg
63413494,Consolation Prize,"If a monster(s) is sent from the hand to the GY: Target 1 of them; Special Summon it to your field. You can only activate 1 ""Consolation Prize"" per turn.",https://images.ygoprodeck.com/images/cards/63413494.jpg
43513897,Constellar Acubens,"When this card is Normal or Special Summoned: All ""Constellar"" monsters you currently control gain 500 ATK.",https://images.ygoprodeck.com/images/cards/43513897.jpg
15871676,Constellar Aldebaran,"When this card is Normal Summoned: You can Special Summon 1 Level 3 ""Constellar"" monster from your hand.",https://images.ygoprodeck.com/images/cards/15871676.jpg
41269771,Constellar Algiedi,"When this card is Normal Summoned: You can Special Summon 1 Level 4 ""Constellar"" monster from your hand.",https://images.ygoprodeck.com/images/cards/41269771.jpg
